Churn,AccountWeeks,ContractRenewal,DataPlan,DataUsage,CustServCalls,DayMins,DayCalls,MonthlyCharge,OverageFee,RoamMins,Record_id,Week,Score_date
0,1,1,0,0.0,1,144.8,107,35.0,5.63,13.8,6491daa2-5bdd-49ce-91d3-dc6e89903336,15,2026-04-13
0,64,1,1,1.59,8,210.0,116,71.9,11.64,5.9,7c0584d9-deb3-476a-8468-71f6eab15573,26,2026-06-29
0,114,0,1,3.32,2,174.5,104,82.2,11.21,12.3,ae6b9978-4e37-4f9d-84f8-56942a56d7c5,14,2026-04-03
0,165,1,0,0.0,0,207.7,109,50.0,8.24,7.9,430e5053-7743-4763-b20f-566f70dec806,3,2026-01-15
0,115,1,0,0.0,2,99.7,107,30.0,7.26,14.1,71667d38-a8af-40d7-b2df-da0f2fd443d6,16,2026-04-17
0,109,1,0,0.36,2,193.6,58,49.6,7.44,13.1,d12978f0-d449-4b73-81be-9cda34a09dc5,11,2026-03-13
0,151,1,0,0.0,0,194.8,106,58.0,14.64,5.5,5cacccc9-7387-40c5-9790-f131f51528c1,3,2026-01-21
0,91,1,1,2.59,1,273.0,78,90.9,10.78,9.6,29bafe09-783b-48f5-a2fe-543a647d8cc4,15,2026-04-13
0,123,1,0,0.26,2,257.9,92,64.6,10.58,9.4,4cdadfa2-fde3-4e6c-9a79-85104e4951c3,18,2026-05-02
0,182,1,0,0.36,2,104.9,111,38.6,9.93,8.0,399ffa29-112d-45ce-8f24-82f114374f1f,11,2026-03-16
0,58,1,0,0.0,3,131.9,96,37.0,8.38,14.7,5a5d1ea9-8cce-4edd-8d59-cbe257bb6196,13,2026-03-29
0,95,1,0,0.44,3,156.6,88,52.4,12.38,12.3,326bce95-945b-456c-8dfe-e7b30dd83fb9,17,2026-04-27
0,100,1,1,3.27,1,218.7,104,83.7,7.75,12.1,01fb1d6b-a5e4-4105-846f-8428bf6ec6ad,15,2026-04-10
0,121,1,0,0.0,3,190.7,103,49.0,9.18,9.8,2412ca41-e2c2-4131-946d-4723f0132563,15,2026-04-14
0,181,1,0,0.0,1,143.3,91,41.0,9.78,6.0,f8179538-2450-4b4c-9e43-6abb50e9b345,22,2026-06-01
0,16,1,0,0.0,1,209.5,89,51.0,8.64,8.8,7dd3cb33-4113-4f70-8750-a519459e172f,19,2026-05-11
1,130,1,0,0.33,4,271.8,129,70.3,11.86,8.7,ce41aac7-b5e4-42a2-a86c-36ac31c6fad8,22,2026-05-30
0,130,1,0,0.32,0,252.0,101,61.2,8.51,5.7,2dcff8d7-76e9-4223-ae9a-d34890ab6d22,8,2026-02-22
0,60,1,1,3.46,2,191.8,75,90.6,13.39,12.8,8a615928-d977-4583-858f-9d99a7c1090e,1,2026-01-02
0,123,1,0,0.0,1,159.1,94,48.0,12.08,6.5,f310cb05-ab0c-48b9-9f33-f2c27f37b133,13,2026-03-29
1,178,0,0,0.0,2,124.5,134,34.0,7.06,11.4,f6fdd5d6-3e06-4418-bda4-f506bbd18aef,23,2026-06-07
1,81,1,0,0.0,0,324.7,48,76.0,11.82,13.1,2a82bff4-c022-45e6-bd6c-15dbece5f26a,6,2026-02-07
1,133,1,0,0.0,2,295.0,141,70.0,11.18,12.9,cad151e5-fe48-4a22-ad0f-ff9912e9f03f,19,2026-05-10
0,128,1,0,0.0,1,187.3,84,55.0,13.54,10.1,fe712123-6aee-4c84-89b3-41261fdd9ffb,3,2026-01-21
0,101,1,0,0.3,1,0.0,0,20.0,9.61,7.2,4e28a760-2ef3-49fc-abb9-4aade31b04f6,23,2026-06-10
0,45,1,0,0.0,1,78.2,127,35.0,12.67,18.0,b6942ab3-dcec-4c50-ba7b-46dc9d464205,9,2026-02-27
0,192,1,0,0.34,2,185.0,88,54.4,11.25,11.4,86d58dc3-e197-41f7-8fcd-189ea80905a4,4,2026-01-22
0,81,1,0,0.0,3,203.5,89,60.0,14.48,8.7,ad9cad30-06e2-44d3-a757-28e0ed402293,13,2026-03-30
0,33,0,0,0.0,0,164.0,99,41.0,7.66,6.4,f6d4b5ed-3529-4d2c-8025-9ca35110190e,7,2026-02-18
0,113,1,1,3.13,0,183.8,102,78.3,9.17,11.6,0d8a4e49-8865-427e-b687-784b868d1954,9,2026-02-28
0,107,1,0,0.0,0,241.9,102,52.0,6.35,11.7,ade576a8-74c4-4bda-ba40-ebfe54592ac8,25,2026-06-19
0,84,1,0,0.0,1,216.1,114,54.0,9.88,9.8,b4f83821-8f9e-4f7b-bfe0-cfde559cdd56,3,2026-01-15
0,61,1,1,2.94,3,270.7,53,93.4,10.04,10.9,03af784d-e56e-4a1e-9e5d-0cc867ec0dc7,25,2026-06-24
0,168,1,1,3.08,2,97.4,57,64.8,10.18,11.4,7c8d2031-d331-4c2a-b25d-0cea1d81316b,8,2026-02-20
0,90,1,0,0.0,1,203.4,146,54.0,11.34,7.3,587c95a7-642d-431e-b922-7aac277d07f7,16,2026-04-18
0,75,1,0,0.34,1,117.3,114,41.4,10.06,12.2,c01ea18d-e14f-40a5-9006-a85c7d0a69c2,8,2026-02-24
0,132,1,0,0.31,1,191.9,107,54.1,10.35,12.6,ef096245-b602-4e1f-8506-417baeb44189,10,2026-03-05
0,143,1,0,0.0,1,155.4,112,52.0,14.55,13.9,3c01e1c5-0112-4f42-8cec-04a697cf450e,19,2026-05-11
0,114,1,0,0.4,1,172.0,145,57.0,13.82,10.1,3203f4b7-ddce-4a8a-bd52-64279553fe09,8,2026-02-20
0,87,0,1,3.11,1,221.6,79,83.1,7.86,11.5,3669e135-028c-4215-a266-d050e39bea7c,20,2026-05-15
0,146,1,0,0.0,3,195.9,86,53.0,11.43,12.2,d61eb229-2f3a-4d2e-8e77-cf4e964ce09b,3,2026-01-21
0,106,1,1,2.19,1,83.6,131,53.9,10.2,8.1,ba766197-9ba2-4da9-8b63-84839c5beef2,11,2026-03-14
0,90,1,0,0.0,0,76.1,121,38.0,14.52,10.8,f06bc90f-a762-4b38-8ecb-e86168b09cff,24,2026-06-16
0,116,1,1,1.89,2,204.7,118,71.9,10.47,7.0,375270c9-5394-4e1b-a71e-b8602dcb643e,3,2026-01-18
0,152,1,0,0.23,1,161.4,84,44.3,8.18,11.8,788f01e1-fb0a-45f4-a38a-85377e99b917,19,2026-05-12
0,156,1,1,4.0,1,192.3,137,90.0,10.0,14.8,e4b26a76-94de-4231-80a4-b524230e3faa,13,2026-03-30
0,112,1,0,0.0,0,166.0,79,35.0,3.73,6.3,7dc1b779-5c6b-4ac1-bbd2-22a8c8230a35,9,2026-03-01
0,57,1,1,3.0,2,193.4,105,83.0,11.58,11.1,e39051f2-b824-413b-8a12-9667e1c39b12,2,2026-01-14
0,122,1,0,0.0,2,243.8,98,49.0,4.2,13.7,a42b6fa1-d168-492b-a353-64b4a4efb700,2,2026-01-09
0,135,1,0,0.42,1,201.8,81,58.2,11.25,10.3,4962d0d8-835b-4bd4-99b2-deb2378e1b59,13,2026-03-31
1,79,1,0,0.0,3,261.7,97,63.0,10.53,6.0,a3272a12-7483-4698-b34d-8810dbfe4a04,8,2026-02-22
0,85,1,0,0.25,0,127.9,107,47.5,13.56,12.5,9773966e-16e4-4190-b1a0-a2ed4f766fed,19,2026-05-10
0,107,1,0,0.0,2,167.3,100,43.0,8.2,6.7,486ce366-8fd9-4c5f-ae66-145129122b4b,12,2026-03-25
1,95,1,0,0.0,6,128.6,115,41.0,10.81,6.3,d96c80d7-1750-4cc4-ae20-9ab2a12f039a,14,2026-04-02
0,141,1,1,2.05,3,149.7,112,60.5,8.13,7.6,de9f1d25-c19e-4993-9a13-b32279e6f0b3,16,2026-04-21
0,110,1,0,0.0,1,148.5,115,49.0,13.82,12.4,626aad5d-e402-4e47-a8a7-5a40f90483a7,25,2026-06-21
0,148,1,0,0.39,1,178.3,98,58.9,14.13,11.4,8edd36e5-42d5-474c-a41e-472235bcb7dd,2,2026-01-08
0,21,1,1,2.57,6,135.9,90,72.7,13.55,9.5,d0d53794-85ff-499f-9763-6a4a32affa2f,25,2026-06-24
0,72,1,1,3.97,3,220.0,80,95.7,10.87,14.7,e6c6c73a-a703-4e54-98dc-975f7b7a0196,5,2026-02-04
0,68,1,0,0.0,3,148.8,70,47.0,12.33,12.1,1bdbb662-97eb-4582-b5c2-a375ff2c88e6,12,2026-03-22
0,60,1,0,0.0,0,207.8,109,46.0,6.18,5.7,f33bf35d-1332-4a24-a5b4-5af9e2e9ea28,24,2026-06-13
0,159,1,0,0.0,1,87.7,103,39.0,13.91,10.5,91764e19-c1ee-4bbd-9869-32e6b03769f4,8,2026-02-19
0,98,1,1,3.24,1,121.0,105,72.4,10.95,12.0,aa8b21fc-5723-4aa0-91e2-33c43f9ae093,15,2026-04-14
0,127,1,0,0.0,1,182.3,124,46.0,8.5,9.3,78d7643f-d7f3-434d-a1f0-06c7786c217a,19,2026-05-12
0,62,1,0,0.0,0,147.1,91,42.0,9.52,12.2,5009ce88-ce5a-48e7-b7af-05b99fd0664d,1,2026-01-02
0,78,1,0,0.0,2,190.3,88,49.0,9.73,11.7,09f75f28-ece6-475e-9596-3eb320d5e0ce,20,2026-05-14
0,174,1,0,0.0,3,124.3,76,45.0,13.86,15.5,1c86cf76-a89d-49ec-b2a0-625e6e45e657,8,2026-02-23
0,120,1,0,0.0,3,203.3,108,57.0,13.0,7.8,28a43e6f-61eb-49fc-be76-b12f05f5f50f,16,2026-04-16
0,93,1,0,0.24,1,239.8,70,65.4,12.59,10.9,a9013272-dcc0-4814-be0f-845533a79a61,1,2026-01-04
0,106,1,0,0.0,1,235.2,121,59.0,11.03,11.8,859db517-729f-4813-8e51-314a6804d5e9,8,2026-02-23
1,120,0,0,0.0,2,202.0,123,51.0,9.22,7.4,473a3a87-2f7c-435b-b553-982a17223bd5,21,2026-05-26
0,160,1,0,0.31,0,174.3,105,48.1,8.57,8.3,11927ea0-a37b-4859-86f4-021808e03425,7,2026-02-13
0,109,1,0,0.37,3,153.1,102,49.7,11.71,9.9,7f7550b2-d287-4838-93ba-4628edf3f57f,24,2026-06-11
0,85,1,0,0.0,4,183.4,111,46.0,8.44,9.9,3cd85526-365f-4822-82e3-4d551f99dd1f,2,2026-01-14
0,112,1,0,0.0,1,81.6,94,37.0,13.41,8.6,0d917727-2ac3-4adf-996b-d1482f5ea8cc,14,2026-04-05
0,148,1,0,0.0,1,208.4,120,51.0,8.72,11.2,7cef7cc0-0dfc-4879-a815-432e925deffe,7,2026-02-17
0,124,1,0,0.0,1,169.3,108,44.0,8.93,12.2,efe8f390-a15e-4066-8550-11a1073a9105,3,2026-01-15
0,150,1,1,2.97,1,174.4,75,74.7,8.5,11.0,3eacb3e6-a417-414b-839e-a643c293a6c2,6,2026-02-09
0,105,1,0,0.38,1,213.4,100,57.8,10.25,9.5,1861ed65-5939-4161-a837-8d5b160f15e5,12,2026-03-23
0,92,1,1,3.27,2,243.1,92,92.7,10.69,12.1,20b38b44-f1cd-40c5-8224-9bf5cb1969f2,16,2026-04-21
0,59,1,0,0.0,2,107.8,113,37.0,10.83,9.9,1f2c1ab8-f397-4013-bfe1-1eb5c2419e7a,8,2026-02-22
0,72,1,0,0.28,0,196.5,88,49.8,7.93,6.8,7ff14ce1-be96-4488-b43a-854a807d192b,4,2026-01-24
1,17,0,0,0.36,0,162.8,118,51.6,11.48,13.6,c6fef552-84b8-4559-a4f3-a86549aedb76,22,2026-06-03
0,116,1,0,0.23,2,217.3,91,58.3,10.81,11.3,a1eceb2a-7bc8-4167-98d5-48ffbdd4a4d2,18,2026-05-04
0,45,1,0,0.0,1,211.3,87,50.0,8.29,13.3,070cda3c-558b-46f6-92a2-86082c329ba6,6,2026-02-10
0,123,1,1,4.16,1,270.4,99,108.6,12.26,15.4,80acee56-dff3-4af8-884b-35521c97f31b,23,2026-06-06
0,124,1,0,0.0,0,194.0,103,54.0,12.05,11.9,58c788ef-f807-471d-be41-21b893ef672a,3,2026-01-15
0,82,1,1,1.11,1,146.5,73,57.1,12.32,4.1,c67c1ed6-63c2-491b-a478-7c94b381c466,7,2026-02-14
0,132,1,0,0.0,1,121.5,88,43.0,12.65,10.7,3f24f9fb-8a5a-4c0c-aa0e-1bc35c5c53be,10,2026-03-06
0,63,0,0,0.0,1,62.9,112,28.0,10.15,8.9,9e425aef-2dbd-42a2-ad7f-2aadb14bf784,13,2026-03-30
0,155,1,0,0.0,0,71.2,90,38.0,15.22,8.6,9b360027-d42d-4b6d-843f-d97c7eacb3b7,11,2026-03-12
0,225,1,0,0.0,1,182.7,142,53.0,12.33,8.8,ec21e6ba-153c-487d-9f08-2b11560bc020,2,2026-01-09
0,123,1,0,0.0,2,175.7,78,46.0,9.23,9.1,ccf6dce8-d827-480c-9a39-1109f292bcd9,13,2026-03-29
0,185,1,0,0.0,2,55.6,97,34.0,14.44,12.1,03f8a687-5a6b-48f9-b61e-6c759e0d8819,19,2026-05-09
0,85,1,0,0.0,1,210.3,66,53.0,9.79,11.2,aa4c2933-6655-46f9-abd4-87386b542b6b,20,2026-05-16
0,157,1,0,0.39,3,168.6,71,50.9,10.26,5.9,16590509-58a0-4828-b730-dd7f28c06214,9,2026-03-04
0,95,1,0,0.0,2,157.3,116,44.0,9.88,8.4,1ff4aec3-96e9-4bbd-867d-42c23bb35f58,20,2026-05-19
0,79,0,0,0.31,2,103.5,134,48.1,15.97,8.4,097cd9cb-84b4-4e0e-987e-21750cd80cf3,12,2026-03-22
0,87,1,1,2.57,3,82.6,113,59.7,11.22,9.5,91a2a064-8de2-49e6-aa5d-3dfd9e1030d3,20,2026-05-16
0,125,1,1,2.46,2,236.1,107,89.6,14.46,9.1,91f39344-b511-4cf3-ac08-673c3a8fe1e2,24,2026-06-12
0,144,1,1,2.73,1,106.4,109,55.3,5.41,10.1,896a97ff-c2b8-4404-a0e5-a273564e6191,24,2026-06-12
0,122,1,0,0.23,2,140.1,120,46.3,11.57,11.2,f3620602-a4c7-40b9-9a72-83417d4a5029,5,2026-02-02
0,61,1,0,0.2,1,234.2,76,61.0,10.84,13.9,752b41ab-4fc9-412f-bf06-5b355216431e,18,2026-05-03
0,101,0,0,0.0,1,156.4,116,38.0,6.52,7.3,d6c1883b-55b6-4038-a596-1d3b4b6648a7,1,2026-01-05
0,76,1,0,0.35,0,179.2,85,53.5,11.15,12.4,6a4f3d8c-ee84-4017-9b52-c00fb20f4cdf,6,2026-02-10
0,57,1,0,0.31,1,154.2,78,46.1,9.84,10.1,2258a050-3c21-40d1-80d0-b19b6d38f30b,4,2026-01-28
0,61,0,1,3.05,0,143.5,76,76.5,12.13,11.3,4c60be6f-f0af-487b-b254-2c5d90a39345,20,2026-05-15
0,80,1,0,0.0,1,124.3,100,36.0,8.65,7.9,49ffd7f6-a2d7-41a4-a7d6-10125953cb3a,11,2026-03-13
0,144,1,0,0.0,0,133.3,101,45.0,12.78,11.6,dd708c74-a05a-4039-b28d-080673fed09c,2,2026-01-12
1,71,0,0,0.0,3,178.2,113,45.0,8.39,13.6,5414fbf2-b1bf-47a2-bde4-61f070040ca8,24,2026-06-11
0,126,0,1,2.59,1,129.3,123,62.9,8.83,9.6,22d492a2-b448-4874-a749-c79b681c9ce3,5,2026-02-02
0,163,1,1,3.35,2,215.1,91,82.5,6.95,12.4,077e1af6-783e-4ba4-b0ee-d70cca50b81f,7,2026-02-17
0,98,1,1,1.78,2,111.1,105,55.8,10.9,6.6,ec176803-2bc0-46ac-b6b2-3e4ab2a2ac0a,22,2026-05-31
0,31,1,1,2.86,1,171.8,116,78.6,12.04,10.6,b78e4c64-3d36-43d1-a561-36845a38ace9,9,2026-03-03
0,78,1,0,0.23,2,193.4,99,45.3,5.85,9.3,2bdab391-fd1e-4bf1-b3f2-1ca41bb2fea8,6,2026-02-06
0,101,1,0,0.0,1,174.9,105,52.0,13.1,8.5,e4228b09-57a6-47c9-945d-c17da4e51028,15,2026-04-09
0,125,1,1,2.54,1,96.5,109,54.4,7.29,9.4,add2a0dd-885a-43a7-8f8c-954e5b260d8e,25,2026-06-21
0,117,1,0,0.39,1,119.0,82,40.9,9.38,11.5,61ba6bd6-3275-4765-89b6-e373a7310a6b,15,2026-04-14
0,46,1,0,0.0,1,156.4,105,43.0,9.28,11.8,2c9d0a03-084f-4485-a677-d484e2f12866,5,2026-02-04
0,96,0,0,0.0,2,200.6,117,59.0,14.48,11.2,3452b7fc-5016-48c1-aa04-29eb2424470b,15,2026-04-11
0,56,1,0,0.0,1,137.2,111,38.0,8.3,14.3,29d97a69-ab0b-457f-a7c5-5b380d428900,25,2026-06-24
0,96,1,0,0.0,3,197.7,68,55.0,12.53,10.5,80e6d28d-b896-4e95-a874-bbb493d69377,19,2026-05-11
1,61,1,1,1.73,4,187.5,124,62.3,7.33,6.4,4e6ffcfe-1dc7-4f8b-9b67-9d08a272848b,1,2026-01-01
0,88,1,0,0.0,1,113.7,67,34.0,8.26,10.8,cb712186-f464-4fb0-af21-4acdea50f581,1,2026-01-05
0,154,1,1,2.59,0,224.0,102,80.9,9.6,9.6,563143b7-9039-4c20-addf-866875dc18af,21,2026-05-22
0,132,0,1,3.48,2,200.3,75,88.8,11.33,12.9,5c349717-36ad-49e7-b9d2-d4818d1a4c39,15,2026-04-13
0,36,1,0,0.34,0,157.6,117,46.4,9.22,11.9,33038755-dafb-4f97-9d07-91f03196f03b,4,2026-01-27
0,90,1,1,3.0,2,185.6,106,81.0,10.99,11.1,f39671ed-42b0-4722-a5ea-5c12d28cd7a1,20,2026-05-17
1,23,1,0,0.0,2,321.6,107,77.0,12.58,11.3,8afa99e5-0b4c-467f-a3c7-c2f4c03ad02e,3,2026-01-15
0,176,1,0,0.25,2,47.4,125,25.5,8.39,10.5,c3d22c7f-afbe-4a68-bdb4-e18de9b17ca9,13,2026-03-31
0,63,1,0,0.0,1,128.7,78,43.0,12.04,12.8,4dd52584-7baa-4eb3-a67d-31636a0f3aff,6,2026-02-11
0,113,1,0,0.0,2,156.0,141,49.0,12.84,11.9,5bc74ba1-2cee-4e36-af4f-b918c9142da8,18,2026-05-04
0,107,1,1,2.24,0,204.2,57,75.4,10.3,8.3,3aaf5b5f-a7a6-457a-9735-b2b7bb4192b4,26,2026-06-28
0,102,1,0,0.0,2,123.1,106,37.0,9.1,12.6,081a6a9e-1c9d-4f0d-890b-44f7ed58cde7,9,2026-03-04
0,11,1,1,2.7,2,131.5,98,69.0,11.51,10.0,b0d0e65c-2a5e-4b86-b6fa-96f587a4a38e,14,2026-04-06
0,155,1,1,3.62,2,243.9,112,89.2,6.65,13.4,7a9c71f6-5a8c-4a4c-9af5-d5b278551705,8,2026-02-21
1,144,1,0,0.0,1,278.5,95,68.0,12.04,11.6,131dbddc-aafa-4006-9eb3-2e348cf9a754,14,2026-04-06
0,36,1,1,2.43,2,281.4,102,90.3,10.11,9.0,ecaa15c1-f546-4bd9-922e-3da3803a04a4,19,2026-05-12
0,101,1,1,2.57,0,209.2,82,75.7,7.99,9.5,cabb55c9-385a-476d-bbe1-b88ad16224c6,22,2026-05-31
0,54,1,0,0.0,1,210.5,102,54.0,10.23,8.5,c2199f2d-4583-4c46-9c1c-b01b8bf40660,21,2026-05-23
0,34,1,0,0.0,0,151.0,102,37.0,6.57,9.9,326db8e6-29a9-478f-a611-dd3066aaa054,25,2026-06-20
0,57,1,0,0.0,0,158.1,117,37.0,5.76,11.8,3b6997a1-eecc-4a06-ad15-ff83bb7f7c75,5,2026-01-29
0,120,1,1,3.13,0,299.5,83,96.3,8.17,11.6,231d379c-210e-4350-9089-e855bea2b3a2,6,2026-02-05
0,204,1,0,0.0,6,174.3,85,52.0,12.71,5.9,4ef41f09-7747-47e5-97e6-f408e608e812,2,2026-01-13
1,89,1,0,0.0,1,213.0,63,52.0,8.83,9.1,a5b46b13-d13d-4b26-9b37-76b9b08e5783,23,2026-06-09
0,210,1,0,0.28,2,104.6,121,33.8,7.48,6.5,85ba705b-acd0-47f8-9f53-b8ec380a11c5,11,2026-03-12
0,84,0,0,0.0,2,299.4,71,57.0,3.1,6.6,e53e8815-32a5-4446-8e02-ab0ec54869d6,13,2026-03-27
1,161,1,0,0.0,4,154.7,84,42.0,8.89,5.9,17abc945-4956-4920-b5d5-2e6a9b3c282c,4,2026-01-28
0,158,1,0,0.0,1,195.9,103,41.0,4.46,10.3,069eb94f-cb92-48ba-a45b-93ae541ca5c9,10,2026-03-07
0,90,1,0,0.0,2,179.2,77,49.0,10.54,9.2,da549204-3ec7-4993-8851-a8e4f0a84f90,25,2026-06-19
0,1,1,1,2.27,0,183.1,95,73.7,11.63,8.4,55f61c79-5beb-43dc-9e47-36025df50f01,7,2026-02-14
0,12,1,0,0.0,2,204.6,98,53.0,10.63,9.8,a5ff3c44-a893-4f72-a3e5-0453f7898d6d,9,2026-03-03
0,128,1,1,2.7,1,265.1,110,89.0,9.87,10.0,6ad3969f-3884-47e1-bf29-574cb16abe3c,20,2026-05-14
0,140,1,0,0.0,1,160.5,114,48.0,12.03,11.3,d39ccf31-b041-40ef-912e-4773c87b81dd,4,2026-01-28
0,113,1,0,0.0,1,207.2,113,57.0,12.8,9.9,d081a74c-8b6d-4e6a-a4ad-405e64d53326,4,2026-01-28
0,84,1,1,3.46,1,153.9,102,73.6,7.04,12.8,e21ea924-5eb7-4cc8-b5f3-469147e0f454,16,2026-04-18
0,122,1,1,3.13,1,163.0,107,86.3,15.64,11.6,110a4a90-3b02-4a84-b19c-971d7993a36b,7,2026-02-13
0,116,1,0,0.23,3,173.5,93,48.3,9.71,16.2,d3d94e89-ce74-4d23-a72f-473b5d519f55,12,2026-03-25
0,105,1,0,0.0,2,102.8,74,42.0,14.09,13.2,888a5f37-565f-4aeb-a976-101346ab6ab0,5,2026-01-30
0,99,1,0,0.0,1,124.6,90,34.0,7.32,10.5,e5771f2c-2b0d-4a13-950e-bcdf7a67e03c,11,2026-03-16
1,108,1,0,0.27,2,291.6,99,71.7,11.06,14.0,aad26863-abd3-4ce3-a3fd-decb2096b599,19,2026-05-08
0,117,1,0,0.0,0,239.9,84,56.0,8.74,9.8,0fc7e24a-d7ed-4dde-a81b-0290b82d329f,14,2026-04-02
0,48,1,0,0.0,0,128.2,71,26.0,2.41,8.9,52ff78f8-0fa8-462b-aac7-99b456a7f8bb,19,2026-05-09
0,161,1,0,0.0,1,173.4,100,48.0,10.69,11.5,2846deb1-40b8-4ac0-9544-e183114f252c,18,2026-05-01
1,149,0,1,2.38,5,126.9,97,59.8,8.35,8.8,517e1356-c376-4791-8c93-22f32b7d93ab,4,2026-01-27
0,127,1,0,0.0,2,220.2,108,54.0,9.42,11.7,2ed26c36-7c8b-41f6-a4a1-ee8ebf214469,18,2026-05-01
0,141,1,1,3.32,0,116.9,127,77.2,13.83,12.3,635bb351-273d-444a-a908-14108a572aff,17,2026-04-26
0,118,0,0,0.0,0,223.4,98,57.0,11.03,6.3,a1f9f0f3-684d-487a-bdbb-c08475a9bb0e,1,2026-01-03
1,146,1,0,0.0,7,149.3,83,42.0,9.36,7.9,048f731c-7905-40df-a982-b4a8c5b48d68,15,2026-04-13
1,144,1,1,1.76,2,189.8,96,60.6,6.17,6.5,22df182e-5199-4897-9107-8802f516772f,23,2026-06-04
0,59,1,0,0.19,0,159.5,96,43.9,8.36,10.2,3d555e47-a8d6-4c3c-9f03-8097a583121d,20,2026-05-17
1,180,1,0,0.0,3,224.9,105,60.0,12.5,6.7,1e06840d-5fb4-45bb-99c2-1f84b7e15106,9,2026-03-03
0,117,1,0,0.0,3,102.3,100,29.0,6.76,15.7,fbbf3dee-5836-4e77-b663-2b2e1d93e52f,24,2026-06-14
0,107,1,1,3.02,1,281.1,83,90.2,7.19,11.2,eb1eae87-44e7-4ab3-983c-1c83b710f650,8,2026-02-20
1,123,0,0,0.0,4,125.5,106,33.0,6.45,6.3,60051c22-86f2-428f-8efd-ba74be8b2708,25,2026-06-21
0,66,1,0,0.0,1,207.7,85,53.0,9.84,6.8,9dc8b4ba-0607-4e2c-bcd4-ebbe7a1adfab,22,2026-06-01
1,168,1,0,0.0,2,163.4,134,49.0,12.01,11.6,a2064aba-0e9e-488c-83cf-324bee6a590f,9,2026-02-28
0,58,1,0,0.0,2,238.9,107,57.0,9.36,11.8,a2e34930-c074-46ba-a4f9-886153bd2f68,17,2026-04-28
0,19,1,0,0.31,1,201.5,123,49.1,6.46,12.9,18060bcd-7a34-4a12-aa81-5d988c7432ea,23,2026-06-09
0,80,1,0,0.0,1,197.6,83,48.0,8.23,6.4,ab7de855-18be-48a3-8279-3d49801f7fb8,14,2026-04-06
0,101,0,0,0.38,0,193.7,108,52.8,9.33,11.6,0cb1bfc9-a531-4fbe-9ece-a54573bf84c9,26,2026-06-29
0,151,1,1,3.62,0,196.5,98,85.2,8.79,13.4,3f987dff-119d-4090-be5d-5ec06e3cd0ec,17,2026-04-23
0,101,0,0,0.17,1,133.5,51,43.7,10.98,11.7,09b41b7d-bddd-42a8-917a-6209e271ef73,9,2026-03-03
0,117,1,1,2.62,1,207.6,65,75.2,7.64,9.7,9c6106d8-16ea-40bd-a4ec-dda84f76fc21,8,2026-02-21
0,163,1,0,0.0,1,197.0,109,51.0,10.13,9.1,35436929-e32b-477c-8690-6e0add92f414,2,2026-01-12
0,102,1,0,0.0,4,174.5,73,48.0,10.69,10.3,aa0e87f2-4549-42d3-b2f4-5fece22c01f6,6,2026-02-08
0,62,1,0,0.0,1,98.9,103,29.0,6.77,12.2,540b00fe-72a6-413e-9728-236976aac6fc,19,2026-05-10
0,101,1,0,0.0,1,183.9,115,54.0,12.8,10.8,7aae1522-b038-453d-aa81-1e31d0794217,19,2026-05-11
0,45,1,1,2.08,1,91.7,104,49.8,7.53,7.7,176c4ad2-61e0-4f6d-989d-d14ba841a723,17,2026-04-23
0,116,1,0,0.0,1,189.5,90,49.0,9.49,13.1,91dc34ba-a219-4891-85df-251493b7cdb4,15,2026-04-11
0,149,0,0,0.18,0,176.2,87,44.8,7.25,5.7,c60323bd-06cf-4ce1-ab99-e872e80a449a,17,2026-04-23
0,12,0,0,0.0,2,216.7,117,47.0,5.83,9.8,ad47ecba-8fee-40e1-b9ae-43ec2f28faf9,12,2026-03-22
1,88,1,0,0.39,4,301.5,136,77.9,12.89,13.4,69ace55b-39d1-48db-a5c8-40ca11650ab9,17,2026-04-23
0,110,1,0,0.0,3,196.1,103,51.0,9.99,12.9,d3cd354f-bfe2-4abe-a547-15b47c496072,1,2026-01-02
0,138,1,0,0.27,1,133.9,87,39.7,8.32,15.4,1ef48b35-cdce-42fd-9f70-2969c5e2c651,19,2026-05-10
0,99,0,0,0.0,4,197.2,127,47.0,7.8,9.9,fc1c5e58-1491-4a8c-a200-d92a052d7e30,8,2026-02-23
0,83,1,1,3.54,3,155.9,122,76.4,8.12,13.1,8f1f7f6f-fffb-4485-90f6-950ec03e262a,13,2026-03-28
0,147,1,0,0.26,2,124.4,74,51.6,16.05,10.4,2059ebcc-51c2-4b0e-838a-5f69577b62ec,19,2026-05-09
0,197,1,0,0.0,0,233.9,96,59.0,10.95,9.5,760aba3e-e40f-40c3-b2a3-a599d1d63a86,21,2026-05-27
0,134,1,1,4.48,0,80.3,94,75.8,10.0,16.6,cdbd0768-61e2-4fcc-9824-af93b2b5cd87,18,2026-05-06
0,56,1,1,3.27,1,127.1,89,69.7,8.61,12.1,9b4870c0-865c-410e-a1f5-5191b9c1da99,19,2026-05-10
0,27,1,0,0.0,1,82.6,105,32.0,10.2,9.1,f9f6a552-d021-4615-afc1-3a6492aac8a9,8,2026-02-22
0,100,1,0,0.3,0,216.2,107,59.0,10.78,10.2,4a8f9d82-4c64-4f61-82a3-d00c9e0171c6,25,2026-06-21
0,133,1,0,0.0,0,201.7,85,49.0,8.47,6.0,5e2a0e42-f08e-41b5-85be-db4be593c8d2,23,2026-06-09
1,89,1,0,0.0,5,129.2,71,41.0,10.71,10.3,689d21f4-a336-4e0c-b195-47d15210ae7e,23,2026-06-09
0,75,1,1,3.35,1,130.9,115,73.5,10.17,12.4,04c73227-ea22-4e3c-8a08-6fd5dbda6420,10,2026-03-09
0,134,1,0,0.0,2,164.9,115,39.0,6.33,10.0,4e109fb7-6776-4d01-acfd-65ba2acf5f52,18,2026-05-03
0,59,1,1,2.46,0,127.4,110,55.6,5.17,9.1,e234441d-c673-4600-b6fb-7e8b45830332,21,2026-05-25
0,91,1,0,0.0,0,149.0,115,47.0,12.27,8.3,c402e953-10a6-4dce-9bc5-613e3787fefc,6,2026-02-07
0,123,1,0,0.0,0,128.7,126,32.0,5.88,10.8,01319f0d-5362-4215-9272-6ad09876ccb7,4,2026-01-24
0,167,1,0,0.0,0,207.6,88,47.0,6.62,14.1,01586503-9bbd-4d68-bd43-00917013eb48,10,2026-03-10
0,131,1,0,0.0,2,196.1,89,50.0,9.28,5.2,bde87b55-fc4f-422c-a7b6-be046dc3c6e0,17,2026-04-26
0,139,1,1,2.24,2,231.0,85,81.4,11.12,8.3,d06b646a-6741-4cb9-8045-939a0e6e3290,14,2026-04-08
1,23,1,0,0.0,1,113.1,74,34.0,8.44,6.9,e7b82284-9999-4d2a-9685-0c10374bd40c,20,2026-05-19
0,42,0,0,0.0,2,180.7,127,46.0,8.73,12.0,567022a4-afb6-4a72-a669-1a1b26110d01,21,2026-05-24
1,68,1,0,0.21,1,213.9,112,61.1,13.03,8.4,78998988-8ec1-44b5-a2da-cdaf383b6f0a,14,2026-04-07
0,60,0,0,0.0,1,183.0,110,49.0,10.34,11.1,2cc7b079-1cc4-4f26-98e4-fcfe4edaeb24,18,2026-05-04
0,72,1,0,0.42,3,118.2,106,39.2,8.36,12.2,37846cdf-726c-40b0-85de-b8a150ba4001,10,2026-03-11
1,113,1,1,2.35,5,157.8,83,64.5,8.08,8.7,4ea3b405-be99-4706-8827-270735781ebf,14,2026-04-03
0,93,1,0,0.0,1,98.4,78,38.0,12.48,14.2,0d206394-539e-47a3-98a6-03f243f0fd2f,1,2026-01-03
0,104,1,0,0.34,3,109.1,141,38.4,9.36,10.0,d2ec1546-12cf-45ef-b7cd-7a1884524515,22,2026-05-28
0,93,1,1,2.54,2,218.7,117,72.4,5.75,9.4,c56765c8-d37a-4365-9531-3f22557dd242,24,2026-06-13
0,143,1,0,0.0,2,194.3,99,44.0,6.18,10.2,ae324024-7366-4768-a26c-c91686522514,21,2026-05-27
0,127,1,1,1.97,0,203.8,118,77.7,13.36,7.3,70170e85-4958-4d8a-bba1-e4cfbf820428,13,2026-03-31
0,98,1,0,0.0,1,169.9,77,41.0,6.92,8.5,af9551cc-220a-424e-b6cd-217bfd27bb22,21,2026-05-27
0,74,1,0,0.0,3,262.3,114,62.0,9.95,6.6,21f737a9-854f-4985-a0c4-8e8b1115be28,22,2026-05-28
0,140,1,0,0.28,3,129.6,79,45.8,12.31,9.4,df6b3219-e631-4e69-ac2f-6cdbbae30c9d,14,2026-04-06
0,108,1,0,0.0,0,169.6,99,52.0,13.21,9.3,a4526037-ac14-44d3-b51a-3e798c74c3b7,8,2026-02-21
0,59,1,0,0.0,1,155.2,79,47.0,11.77,8.7,92b0176c-45fa-46d5-a9bf-52bd342e01cd,23,2026-06-10
0,96,1,1,3.05,1,183.1,88,74.5,7.37,11.3,83da97cc-ccf3-4680-a9dd-3a4ddea411a3,24,2026-06-17
0,99,1,0,0.0,0,182.6,83,45.0,7.73,12.1,cd5a4435-7693-465c-ac95-2059467dd75c,19,2026-05-08
0,73,1,0,0.31,0,240.3,130,58.1,8.13,11.9,989b2127-4fe3-44e3-be22-916502751940,6,2026-02-08
0,36,1,0,0.0,1,175.1,144,49.0,10.85,9.9,8dcaa1d0-ffef-4306-9236-d2a54924ea3a,12,2026-03-23
0,68,1,1,1.65,1,160.0,72,59.5,9.23,6.1,cd93bc02-0921-42a0-b4b6-7b7be579dc2d,15,2026-04-14
0,4,0,0,0.0,0,145.3,89,51.0,15.19,8.9,0f06de05-b6a9-4eb0-a416-be5da7a281df,19,2026-05-09
0,85,1,1,3.73,1,196.4,139,95.3,14.05,13.8,209f420d-8112-4275-9ad0-3005bc6c3431,2,2026-01-11
0,70,1,0,0.3,1,170.2,98,46.0,7.76,15.0,ae6f613c-2a58-4e5c-9123-8daa698bde93,26,2026-06-27
1,154,0,0,0.36,0,145.9,69,46.6,10.41,14.4,6fd3ab6e-ee9c-4543-af90-2b49168c15ef,22,2026-05-31
0,161,1,0,0.0,2,72.8,120,36.0,13.36,11.8,5932cd2c-94b7-43ea-8658-86bdccbf7eeb,23,2026-06-08
0,100,1,0,0.0,0,203.8,122,59.0,14.16,12.5,fbc4281e-4064-4d45-9474-27df6c8ce1ba,6,2026-02-11
0,121,1,0,0.32,2,207.9,98,57.2,10.53,7.7,6a870130-6595-41ae-8a47-48f6c1fd40b0,15,2026-04-09
0,136,1,1,3.08,2,143.1,88,75.8,11.83,11.4,a23158f2-3f2b-4cb2-9dcd-40260ee8ae52,1,2026-01-07
1,197,0,0,0.12,5,127.3,80,42.2,11.12,13.7,30efd0e0-0d70-48ff-bae9-5fbb90252005,21,2026-05-24
0,131,1,0,0.46,0,153.4,86,47.6,9.93,10.4,f5a11159-bb81-47d4-94a2-4f938ba96d90,13,2026-03-31
0,60,1,0,0.35,3,125.1,99,46.5,12.44,11.2,f16d2a6b-2305-485b-bcdb-acdecd3cc274,16,2026-04-22
0,124,1,0,0.0,2,150.3,101,48.0,12.8,12.5,bcaff61e-b889-4cb6-8603-affbf82fa31b,9,2026-03-01
0,95,1,0,0.0,1,183.4,98,56.0,14.07,8.2,b069b707-d2ea-4176-89dc-19780f3334a3,17,2026-04-23
0,148,1,0,0.0,0,124.4,83,37.0,8.99,11.3,a6e61754-5b04-4588-acaa-1795bcd791ea,1,2026-01-02
0,149,1,0,0.0,2,196.3,108,45.0,6.84,7.7,d5f355b9-0ae5-42b9-975d-f9804cec5faa,19,2026-05-09
0,189,1,0,0.0,3,208.3,106,56.0,11.84,11.3,f85e7497-b3d4-47ef-93b4-3417cad81c8d,7,2026-02-17
0,121,1,1,2.73,4,237.1,63,85.3,10.28,10.1,2aeab8d8-a103-4900-aa2b-1506273c6377,20,2026-05-20
0,113,1,0,0.0,1,186.0,55,52.0,11.87,12.2,7c5be3c7-28f9-4887-8130-33d17bb0ae0c,6,2026-02-06
0,98,1,0,0.39,2,136.1,82,40.9,7.82,10.1,117ce769-b6d4-40d0-b2c6-c7d95b9b61a5,23,2026-06-09
1,84,1,0,0.0,3,225.9,86,62.0,13.78,14.3,0db1a4d5-3585-44d3-af11-4e06dc9dd8e8,2,2026-01-09
0,99,1,0,0.33,1,145.6,106,37.3,4.92,10.9,8a80ca31-944c-4fd2-ae28-ee0722a72f78,15,2026-04-09
0,104,1,0,0.33,4,167.6,116,51.3,10.96,11.7,b855d26b-5bb5-4d35-95f1-1add8e41a1cc,21,2026-05-27
1,49,1,0,0.0,2,266.3,90,63.0,10.39,14.0,0581101b-0eef-439b-bf45-ca74dc4f3bb9,7,2026-02-17
1,116,1,0,0.0,6,159.4,79,43.0,8.98,9.7,9c5590cc-5b32-434a-9534-2362e35edb0d,19,2026-05-11
0,74,1,1,2.94,2,154.1,104,66.4,6.17,10.9,f3759046-2409-44ec-af84-2f83fc887c0c,22,2026-05-28
0,161,1,0,0.0,1,196.6,73,48.0,8.51,12.5,16c83f50-cf3b-4b59-9e85-1cfd6a0d2f2c,22,2026-06-01
0,139,1,0,0.35,0,139.0,110,38.5,6.65,12.1,5623dfda-5076-462e-a093-8d5ba098255b,8,2026-02-23
0,113,1,0,0.0,1,90.6,130,30.0,8.53,5.4,4af3604b-84cf-4d54-9913-104db420e214,18,2026-04-30
0,109,1,0,0.0,2,170.7,101,50.0,12.01,11.4,50486cfe-53f5-4675-a36b-c3f7d12d579d,23,2026-06-10
1,99,1,0,0.0,7,115.5,75,39.0,10.91,11.5,992ffbcb-904b-4cbb-a445-b6d9b7f8851b,22,2026-06-01
0,97,1,0,0.0,1,146.0,121,43.0,10.15,13.3,94a7233a-38af-4941-bc77-c37c6a8524f2,17,2026-04-26
0,77,1,0,0.0,2,233.8,104,63.0,13.33,7.6,404772f1-07c9-427a-9f54-5bd365891630,11,2026-03-16
0,87,1,0,0.0,1,110.9,91,33.0,7.93,6.2,e0e861f3-dd11-444b-b85d-746d358dc307,17,2026-04-23
0,86,1,1,3.0,3,70.9,163,57.0,8.34,11.1,68ea4e9f-e931-470a-9a26-8b881304e79d,24,2026-06-13
0,57,1,0,0.0,0,85.9,92,32.0,9.7,10.1,9bb25ee9-c079-43c1-b81d-0962e7670d9c,24,2026-06-15
0,86,1,1,3.05,0,145.7,88,72.5,9.55,11.3,0146d71e-dcb2-45d9-930f-12575271ae33,15,2026-04-14
0,117,1,0,0.42,1,161.6,104,49.2,9.82,13.8,3b114f3e-abd4-44a4-836f-b06f0df6c125,12,2026-03-25
0,107,1,0,0.0,2,90.7,90,34.0,10.38,5.6,fbe089d8-69ad-427b-bca1-5ea491d921d0,16,2026-04-22
0,148,1,1,2.94,1,77.6,141,60.4,10.35,10.9,e10dca33-2ad5-49fa-b612-274459c4f31c,15,2026-04-09
0,107,1,1,3.89,2,283.4,104,106.9,11.21,14.4,2990b360-5207-4674-a012-60125330138b,22,2026-06-02
1,128,0,1,3.67,0,222.1,89,88.7,8.03,13.6,6c5c8463-2337-4b73-b4d3-0e73d9076a1c,14,2026-04-03
0,88,1,1,2.94,1,93.4,106,67.4,12.6,10.9,18062da4-4983-4326-aed3-251e0c227af4,21,2026-05-26
0,205,1,0,0.32,2,49.9,123,25.2,7.54,10.1,5ce6b1b5-b71c-4530-8157-9303b3b77d09,19,2026-05-08
0,82,1,0,0.38,2,265.2,122,64.8,8.94,10.7,5d3b594e-04f1-4c81-8355-fe6ed0de2b36,16,2026-04-20
0,166,1,0,0.29,1,204.2,115,52.9,9.0,9.5,3bb5bf17-89ef-40f2-bcc6-4cf2349fc730,12,2026-03-23
0,79,1,1,4.0,2,103.7,100,78.0,11.82,14.8,05d89dac-2ef0-4d1b-8711-7a74330ef94a,8,2026-02-23
1,98,1,1,2.16,6,168.0,81,64.6,8.16,8.0,e53bf278-be73-4603-a877-f530a17f7646,24,2026-06-12
0,88,1,1,2.65,2,190.6,104,79.5,11.87,9.8,533ea49b-d1ca-49ab-a946-92e53eedbfb3,25,2026-06-18
0,148,1,0,0.39,1,202.0,102,59.9,12.16,10.9,625ee963-e67a-4988-8455-cb93e7b812c3,23,2026-06-10
0,88,1,0,0.27,1,181.9,90,46.7,7.58,7.5,9a0cf758-810c-4342-baf6-eabea8268c36,10,2026-03-09
0,112,1,0,0.0,1,261.4,108,58.0,7.73,11.6,211859b3-eb80-4db7-aafd-5d637ccf3030,5,2026-02-02
0,70,1,0,0.0,3,232.1,122,65.0,14.62,0.0,f6cf332f-1717-487f-a581-afff78dfc1f2,21,2026-05-22
0,69,1,0,0.0,1,153.7,109,43.0,9.7,14.1,10281624-cb9b-461c-bf42-4cb2fe21bb81,3,2026-01-21
0,56,1,1,3.43,1,121.7,87,71.3,9.2,12.7,8b242f0e-3b72-42fb-aeb3-a179a6dc8c02,7,2026-02-17
0,24,1,0,0.0,1,156.2,104,35.0,4.5,7.3,b4b38e25-5863-42b7-950b-b6574a9b0ced,22,2026-05-28
0,106,1,0,0.0,3,212.9,110,53.0,9.35,6.3,55a5d9fa-fa98-42a5-a3c9-431b957815f7,19,2026-05-08
0,91,1,0,0.0,0,190.5,128,50.0,10.28,13.8,3bd0b56b-6921-4275-bc7e-225faeb713cd,20,2026-05-16
0,121,1,0,0.0,0,103.3,110,29.0,6.46,10.7,f0596fa7-8e66-4624-9731-fd5bd7ac8b34,20,2026-05-15
0,92,1,0,0.0,1,265.6,82,61.0,9.04,8.6,8c11efb9-cc30-44ca-b9df-6593b2df8f0c,21,2026-05-25
0,78,1,0,0.0,0,163.6,88,52.0,14.17,8.6,a2c4b042-d524-413c-946c-ab6b52618c41,19,2026-05-08
0,76,1,0,0.0,0,173.2,93,41.0,6.56,5.4,1eb9e8a0-ae6b-4f52-934e-427a4d1bee2a,5,2026-02-02
0,119,1,1,1.78,1,161.3,97,66.8,12.52,6.6,10a8bbf5-bf73-492d-8819-7d9c38e49b94,26,2026-06-25
1,97,1,0,0.4,0,276.1,82,69.0,10.06,8.9,1e2850eb-28dd-4d30-b625-85890a7357e8,17,2026-04-25
0,120,1,0,0.0,3,180.0,80,50.0,11.21,4.7,24e512cc-71bd-4310-ac02-f266264fe620,17,2026-04-29
0,76,1,0,0.0,1,171.1,78,51.0,12.86,16.2,c8a756ba-9d84-43ab-a8b0-02fef7d2f4a4,4,2026-01-22
0,87,1,0,0.0,1,156.8,93,45.0,10.79,7.6,48f8a020-05a0-48bc-8906-aeb50bd9a617,23,2026-06-07
0,103,1,0,0.0,1,160.8,91,41.0,7.79,8.5,d681f21c-5ee3-4a12-9b0b-b257e4cf768e,6,2026-02-07
1,76,1,0,0.0,1,263.4,148,65.0,11.52,11.4,d7959c19-0625-4b97-8052-b7c19e3c63a5,16,2026-04-19
0,46,1,1,1.94,1,191.4,102,83.4,18.09,7.2,f5977f61-5093-40ca-b113-86fc87389c84,8,2026-02-20
0,22,1,0,0.0,1,160.4,108,46.0,10.91,12.5,5108f93a-748f-4d84-841d-69de5a7f2284,26,2026-07-01
0,102,0,0,0.0,0,233.8,103,59.0,11.08,12.8,d196e70b-db8a-40a8-a197-028104fc91d5,2,2026-01-08
0,102,1,0,0.0,2,186.8,92,47.0,8.69,9.7,0c387c09-79d6-493f-adaa-3d8107452304,4,2026-01-27
0,83,1,1,2.92,1,226.4,117,88.2,11.74,10.8,43bab4b7-a4ef-4beb-a144-24c3b601a44f,4,2026-01-27
0,94,1,0,0.0,3,108.0,79,39.0,12.1,10.4,068c2225-7889-4a6d-877b-90e8396d64a5,3,2026-01-21
0,117,1,0,0.0,1,102.8,119,36.0,10.34,10.1,c01155ee-14b2-4e96-85fe-4e7f89373266,5,2026-01-30
0,85,1,0,0.0,2,211.5,100,52.0,9.23,13.3,d6f5c89d-abb3-4bd5-924c-656fa1e8e8a1,14,2026-04-07
0,40,0,0,0.0,3,170.7,55,45.0,8.96,8.2,51a8f926-e120-43a8-951a-a878870a540a,4,2026-01-28
0,79,1,1,1.13,2,50.6,62,37.3,10.07,4.2,3b0e4f20-5095-4147-b552-ec9372bf7606,16,2026-04-21
0,75,1,0,0.26,1,209.4,133,56.6,10.58,7.2,f1ae67e9-899a-47ce-979b-2b416331241a,9,2026-03-02
1,55,0,0,0.32,1,191.9,91,58.2,12.81,14.3,7ca2810e-8a83-4f0f-b214-c5cf9cf3a9f4,7,2026-02-17
0,131,1,1,2.46,0,69.1,122,45.6,5.07,9.1,e49484dd-e012-44bb-a551-65927a248e35,21,2026-05-27
1,161,1,0,0.16,4,191.9,113,40.6,3.55,13.4,3b6d8933-3c55-4a90-8603-a5d3449c9f19,1,2026-01-04
0,115,1,0,0.0,1,206.2,113,51.0,8.82,11.0,86aaf61d-050e-4618-aeb4-6941f63b86ac,5,2026-02-04
0,92,1,0,0.33,2,197.2,113,58.3,12.12,11.0,2edc0f44-b242-4568-8064-219f944dec19,7,2026-02-18
0,148,0,0,0.0,0,218.9,88,55.0,10.4,11.1,a78312fb-be06-4e2b-bfe5-e0a0938b10e7,3,2026-01-17
0,93,1,1,2.89,1,237.2,85,87.9,10.66,10.7,231345e5-98ef-49ef-81eb-90e7e1125f18,25,2026-06-21
0,68,1,0,0.0,1,158.8,119,45.0,10.59,10.3,d25014e9-228a-4bf7-a38d-fe59c67ee2ed,23,2026-06-07
0,162,1,1,3.27,0,224.9,97,87.7,9.41,12.1,984ff5ba-568f-4f17-a9ff-b9a468896ec6,7,2026-02-15
0,143,1,1,2.08,1,141.4,130,60.8,9.32,7.7,381a658c-9ebf-491f-ad3c-622bcaf88cc1,17,2026-04-27
0,70,1,1,2.54,3,143.4,72,64.4,8.5,9.4,d1a83a56-3b00-4806-a267-dc6e1c4b8871,1,2026-01-06
0,59,0,1,2.46,1,225.0,78,79.6,9.57,9.1,e4602d1e-0763-4d3b-a0ae-c5f227aa2b3f,15,2026-04-09
0,61,1,0,0.0,2,188.9,105,46.0,7.68,10.2,66c93eac-a0ce-4783-bf6e-e0da4dba34b9,18,2026-05-04
1,87,1,0,0.0,2,322.5,106,73.0,10.23,9.4,c768ef08-c109-4b8f-aa94-b5aff22b5888,6,2026-02-06
0,105,1,0,0.0,1,206.2,84,57.0,12.82,9.0,43a01ab5-0318-49b9-91ed-fa2a13337e26,4,2026-01-24
0,113,1,0,0.0,2,187.6,97,50.0,10.41,8.7,6141eb6c-46bd-48fc-8970-4b4db9b58796,14,2026-04-03
0,137,1,0,0.13,3,115.0,130,33.3,6.89,7.3,7f947fe7-7031-4fac-8062-2021f8891e80,7,2026-02-15
0,91,1,1,1.67,1,146.1,98,65.7,13.87,6.2,5e743c8a-a0a8-41d8-a6f0-8c44877b6aa2,26,2026-06-30
0,85,1,0,0.0,3,255.3,114,60.0,9.73,3.7,c02c8f1b-d493-453f-9c06-cb85275496c8,14,2026-04-05
0,107,1,0,0.0,1,230.4,65,62.0,12.87,8.5,8022e186-bee4-4167-bdee-14a937b7f970,15,2026-04-09
0,86,1,1,3.13,4,144.8,105,74.3,10.31,11.6,327c14a3-81d6-4f9f-95d9-052da9c81f41,17,2026-04-26
0,115,1,0,0.0,1,127.7,67,38.0,9.15,10.6,dfe015ff-bd93-4976-972a-6888dd0a2386,23,2026-06-09
0,77,1,0,0.0,1,221.8,84,52.0,8.3,13.2,a2d79053-f5f8-4858-8311-680687104462,23,2026-06-10
1,92,0,0,0.0,1,62.6,111,26.0,9.03,10.4,bab0b952-ac87-403d-b47b-436323855a70,10,2026-03-08
0,84,1,1,3.05,0,214.3,112,83.5,9.41,11.3,5f1e4c81-5d56-4f83-a1c8-ab44172cc70d,19,2026-05-08
1,82,1,0,0.0,0,329.8,73,74.0,10.42,10.6,6ac1396a-000b-41d7-8d17-ff2383507156,3,2026-01-18
0,100,1,0,0.0,1,218.8,125,50.0,7.42,9.7,1612f52e-592c-47a9-922e-088a5e3ae9f1,4,2026-01-25
1,119,1,0,0.0,1,260.1,101,67.0,12.83,10.0,1c0d9aa5-bb57-4cb0-b6f4-572b77b321b1,8,2026-02-23
0,97,1,1,1.32,3,141.0,101,55.2,10.6,4.9,bd9a56cf-b1a1-42df-b99a-f45883cc0960,9,2026-02-27
1,85,1,0,0.0,2,236.9,93,58.0,9.89,11.4,5038023f-1fcd-445f-b163-a8f95d25893d,10,2026-03-08
0,73,1,0,0.0,0,254.7,80,51.0,4.51,10.6,9ce76755-05e3-41bd-8594-a67a05409014,15,2026-04-14
0,86,1,0,0.0,0,217.8,93,56.0,10.74,11.3,a318597a-4c7b-4cf4-af20-27096e993096,25,2026-06-23
0,162,1,1,3.32,0,184.5,139,80.2,9.16,12.3,c133bd8d-62d1-4e68-9675-ac3a4c1b0520,4,2026-01-24
0,182,1,1,3.13,1,128.1,104,65.3,7.17,11.6,121c6060-be52-453d-aeab-4f67556506fe,17,2026-04-24
0,77,1,1,2.62,2,211.1,89,81.2,11.18,9.7,8e5827b9-3b84-4034-851c-154c68687b01,5,2026-02-01
0,98,1,0,0.0,4,161.0,117,44.0,9.55,12.1,a2966626-805e-45bb-b0ff-4551dc3fad72,25,2026-06-24
0,20,1,0,0.0,2,186.8,89,54.0,12.67,12.3,4ae414f7-f6f9-47ec-a0bd-59a36c152ff9,13,2026-03-27
0,128,1,0,0.28,0,195.6,99,59.8,13.39,16.0,f874f60c-1820-4a6e-88d6-702eb8472ca2,22,2026-05-31
0,38,1,0,0.0,2,137.8,86,48.0,14.32,14.1,b6f30ee9-1461-459b-8365-8c39a1029b12,19,2026-05-07
0,114,1,0,0.12,1,203.8,85,44.2,4.39,11.7,ae466aef-3b5b-4e0e-aae2-650a1a75325d,23,2026-06-04
0,120,1,0,0.26,1,192.6,123,53.6,10.32,10.8,97155d61-b59b-4deb-8dee-61dcc94c68d0,19,2026-05-10
0,55,1,1,2.32,2,105.3,82,58.2,9.87,8.6,6df86039-6a08-4289-9721-a4b00c82a034,3,2026-01-17
0,113,1,0,0.0,1,215.6,96,54.0,9.67,13.5,11a4ff1f-f217-4ea6-86bc-6c6bfc678d52,15,2026-04-14
0,132,1,0,0.0,0,222.4,85,52.0,8.27,11.2,3e089329-f8bb-4ebc-a4d1-2b7fe1abe7e2,23,2026-06-10
1,127,1,0,0.0,0,245.2,91,61.0,10.86,13.9,a5b16c90-eaa9-49e1-92a1-a9b22b8abb82,20,2026-05-17
0,78,1,0,0.0,0,149.7,119,41.0,9.11,9.7,6d8965ca-3618-4ff3-84be-12429fb36e5a,7,2026-02-12
0,21,1,0,0.0,1,223.2,142,57.0,10.83,12.4,2b3c8765-19af-4fc6-8305-acea4570682f,26,2026-06-25
0,106,1,0,0.0,0,128.6,83,34.0,6.7,11.4,bf7f46cb-54cd-4881-b47e-4af6672e5c12,6,2026-02-08
0,45,1,1,3.21,0,196.6,84,93.1,15.66,11.9,55cc0fec-a56e-4dc7-913f-ca6c7a253d69,25,2026-06-19
0,109,1,0,0.0,2,137.0,128,42.0,10.85,10.0,a4a18b90-b6d3-4d0c-b3c5-2195df680b57,4,2026-01-26
0,61,1,0,0.0,2,197.7,118,47.0,7.61,7.0,bff39521-6ed0-4c0d-8961-8f0180b6578d,15,2026-04-09
0,151,1,0,0.0,0,178.7,116,56.0,14.61,9.8,3c46074e-dc86-43eb-a470-d75e54ee77df,8,2026-02-19
0,87,1,0,0.0,1,168.2,92,48.0,11.24,12.9,c968be33-28ee-43dd-889b-e3b816173a59,22,2026-06-02
0,98,1,0,0.3,3,126.3,102,39.0,8.34,9.4,ddd4419d-637a-4013-920a-fe1b98dbc38e,22,2026-06-01
0,209,1,0,0.0,3,227.2,128,61.0,12.92,8.9,ea0e7b86-5457-4fac-918f-dc0e5ed7cc77,2,2026-01-13
0,66,1,0,0.0,2,170.5,103,51.0,12.72,10.5,e441d2ba-a664-4c56-a209-43c5d8d52612,9,2026-03-01
0,63,1,1,2.21,0,214.9,86,76.1,9.91,8.2,2b623dcc-cf14-49d1-9a51-abce75ccf0da,20,2026-05-15
0,129,1,0,0.0,4,186.0,127,54.0,13.12,11.5,7a37979c-cfe5-4067-a999-8608d6759806,9,2026-02-26
0,83,1,0,0.0,0,117.9,101,34.0,8.02,11.4,12358bc2-f1e4-44dd-bece-21c6b45f12e7,6,2026-02-05
1,111,1,0,0.0,0,249.8,109,64.0,12.12,11.6,334c4c76-480f-485c-96b3-4273f5a12b66,25,2026-06-22
0,101,1,0,0.0,1,154.4,130,45.0,10.86,13.9,9bfa61b8-264a-4cc7-84fb-59900b2d22ee,3,2026-01-20
0,118,0,0,0.0,2,160.0,123,43.0,8.77,9.9,31141b84-93ab-4d80-b3da-3b97e68bf1db,10,2026-03-06
0,114,1,1,3.11,2,137.1,88,68.1,7.79,11.5,f26ac635-189b-43d4-bf8c-166e5ba36270,2,2026-01-08
1,79,1,0,0.31,1,268.3,114,65.1,9.28,6.3,ea3c8c1d-2f08-4aec-9843-b902a41926a3,21,2026-05-24
0,141,1,0,0.26,3,51.9,108,25.6,8.1,10.1,4806ea64-a7d4-49f1-8527-6ff02f05dd2e,21,2026-05-22
0,87,1,1,2.75,2,125.0,99,69.5,11.77,10.2,97a9e333-2a6e-4c17-acbb-d1ddb076213c,17,2026-04-25
1,62,1,1,3.0,2,186.4,84,79.0,10.05,11.1,ea5f1239-cf63-49a3-8a4d-97945ea6fc8c,21,2026-05-23
0,37,1,0,0.0,2,199.5,107,52.0,10.38,8.1,13e6bcb8-9701-40f0-9d97-c9a9798573b8,14,2026-04-02
0,105,0,0,0.31,3,150.0,106,54.1,14.69,10.3,798bfd56-4b49-4f9b-bd93-55c3a0d16c12,14,2026-04-08
0,25,1,0,0.33,2,242.6,69,63.3,10.45,14.4,c6a6b458-6f93-4351-b812-bce7201ccc36,10,2026-03-07
0,106,1,0,0.0,0,159.6,94,51.0,13.84,8.8,053f4b50-1a2b-4d55-a45a-3e7d94b92187,5,2026-02-01
1,174,1,1,3.92,4,167.8,91,85.2,10.27,14.5,fecb12f2-cbd2-4f96-80f1-4c9a6f5dbdd5,13,2026-03-27
0,73,1,1,2.38,2,198.2,107,69.8,6.96,8.8,e7b868e1-22dc-47a0-ba43-378f65713c7b,8,2026-02-20
1,141,1,1,1.81,1,322.4,92,97.1,14.16,6.7,1c535c46-bad4-4920-83af-67cef6a8b71f,22,2026-06-02
1,134,1,0,0.0,0,296.0,93,70.0,11.32,12.3,6bfe7608-f85c-4aa5-8494-dd5de20026fd,9,2026-03-04
0,92,1,1,3.43,2,184.0,99,72.3,3.82,12.7,782d0867-b3a8-4b2e-99c9-352fb928551e,18,2026-05-05
0,44,0,0,0.0,1,62.3,92,34.0,13.75,10.8,2fd5500c-9885-41bf-a4e9-811aa34b1152,22,2026-05-30
0,130,1,0,0.0,0,183.0,112,38.0,3.65,9.5,83762fbb-e879-457c-b7f9-691ff39b948f,9,2026-02-27
0,123,1,0,0.0,3,166.9,98,48.0,11.09,12.8,d9879694-8b79-4b7a-b306-0d08c8b33e1d,9,2026-02-27
1,88,0,0,0.0,4,235.1,98,62.0,12.59,7.2,2f47375c-b8c2-43f8-bbba-e1ae7fa9a1af,13,2026-03-27
0,86,1,0,0.0,2,126.3,115,36.0,8.44,9.8,a3e67fc8-91e6-413a-bd7c-58662c552102,7,2026-02-18
0,128,1,0,0.0,1,148.5,105,46.0,12.15,6.8,f2f9399b-bd0c-4ae1-b6ec-4fe694c1271e,26,2026-06-29
0,190,1,1,2.67,1,116.7,71,59.7,7.3,9.9,cea5f93b-2369-49a8-b2c3-3fe5348e5755,25,2026-06-19
0,90,1,0,0.0,2,205.7,138,49.0,8.1,12.5,707fa21b-722b-4f62-81a8-b1927ab81802,10,2026-03-11
0,52,1,0,0.0,4,209.8,114,51.0,8.57,9.9,8d3d9148-32d6-4bdc-823a-7c8369b495bb,3,2026-01-15
0,106,1,1,2.21,3,88.5,100,65.1,16.24,8.2,ccf4ec2f-e00f-4a72-a858-5e1c0093ebfc,8,2026-02-23
1,71,1,0,0.0,3,290.4,108,71.0,12.7,10.1,7470555b-8cbf-48dc-be18-3b8456f2d887,15,2026-04-11
0,51,1,1,2.24,0,276.7,121,87.4,10.19,8.3,90ed6a4a-fbfd-43ef-bcba-ba171545e202,2,2026-01-08
1,76,1,0,0.0,4,107.3,140,39.0,11.91,10.0,8864c661-c3d7-4ba8-9f68-ea17ee59544b,8,2026-02-22
1,72,1,0,0.0,4,287.4,116,69.0,11.77,5.0,26ed0b54-83c5-459c-a281-e3e167331295,9,2026-03-01
0,124,1,0,0.0,2,254.3,113,50.0,3.95,11.8,a8113f0a-ff35-4441-8faa-c93bd2602869,16,2026-04-18
0,75,1,0,0.0,1,203.3,70,55.0,11.45,14.3,7fd0a313-2ddb-422a-aa85-50d2b862a147,1,2026-01-05
1,12,1,0,0.0,1,249.6,118,64.0,12.62,11.8,ceff26d8-3318-456c-8897-7552a5c513b1,15,2026-04-13
0,130,1,0,0.28,0,213.1,105,56.8,10.31,8.9,24003128-cece-44ad-97c5-0c6d27e1059b,1,2026-01-06
0,117,0,0,0.0,1,198.4,121,55.0,12.48,10.5,a4292f28-2097-402d-989c-fa7b72081c55,16,2026-04-19
0,163,1,0,0.0,1,223.0,120,58.0,11.35,8.8,c5856c79-4cbe-40ea-955a-6f709c682f22,17,2026-04-26
0,94,1,0,0.0,0,85.9,113,34.0,11.34,15.6,d7332003-ba26-4210-abcf-d0ae4f460851,14,2026-04-04
1,74,1,0,0.0,3,314.1,86,73.0,11.12,12.3,08ba9901-9791-4760-9f87-7df61a9a1b66,7,2026-02-16
0,21,1,0,0.0,2,91.9,109,33.0,9.92,13.0,4d7e38c4-719f-488e-8580-c9adea125b01,15,2026-04-09
0,122,1,0,0.0,0,145.6,102,49.0,14.24,12.2,4a67fae3-d80e-41be-a259-e24f7e8bb65d,8,2026-02-24
0,86,1,1,2.43,1,221.6,74,87.3,14.42,9.0,f49779a5-4cad-4628-84a5-b089819bd34e,24,2026-06-17
0,138,1,0,0.43,2,170.5,87,44.3,5.91,11.2,3b087b6e-dceb-4473-bb64-f24e28851943,8,2026-02-21
0,104,1,1,3.62,2,182.1,66,86.2,10.68,13.4,8f9ca6d0-66a5-4cf4-ab56-293a6125bcec,21,2026-05-24
0,108,1,1,2.65,2,276.6,99,92.5,11.01,9.8,a6ef7e0b-cfe3-477d-9e47-a48dd8da4841,2,2026-01-13
1,132,1,0,0.0,1,291.2,104,70.0,11.71,8.9,902007c3-a7c2-443a-93cd-9a008bcf7e97,17,2026-04-24
0,65,1,0,0.28,2,192.0,89,47.8,6.98,5.5,749d6631-a984-4417-ab27-3da5167ba1db,18,2026-05-04
0,148,1,1,4.1,2,244.9,150,93.0,5.9,15.2,0304a0f7-bf5f-47fc-9f84-902b6897a5a9,16,2026-04-16
0,127,1,1,2.75,1,166.0,114,71.5,8.73,10.2,ff6a27c0-3eb8-46bd-b18e-43bb40963e60,23,2026-06-07
0,115,1,1,3.11,1,222.6,81,86.1,9.52,11.5,6af5546c-b82d-4b75-858e-6daf1555af46,21,2026-05-27
0,45,1,0,0.0,2,112.8,108,38.0,10.94,9.0,53312555-a77d-45d3-a136-d3703884b6af,21,2026-05-25
1,115,1,0,0.0,7,139.3,89,41.0,9.62,9.3,1f4b82f9-b566-4e3b-b218-8c466fc6d617,18,2026-04-30
0,200,1,0,0.0,1,128.2,87,34.0,6.66,11.2,d18ad8cf-a882-4d25-ac33-f10a2ba79d02,9,2026-03-04
0,89,1,0,0.0,3,111.2,101,30.0,6.11,12.6,308da22f-dbe0-4e6c-95cd-a70f2ef9d272,3,2026-01-19
0,70,1,0,0.0,1,152.8,145,42.0,9.18,10.5,fdca36b5-a0b3-4cc3-91ef-545bc80520ba,14,2026-04-02
0,135,1,0,0.0,4,218.8,123,58.0,12.14,10.3,c9aacf48-0449-4362-b24b-26740d77264a,9,2026-02-27
0,46,1,0,0.0,2,40.4,105,22.0,8.62,9.0,f2914b27-0ddd-45d2-bc8a-56f3f774bdb1,13,2026-03-31
0,123,1,1,4.05,0,218.7,79,92.5,8.17,15.0,481621ef-1ba3-4a0c-b681-6ebda6fbe2b3,17,2026-04-27
0,78,1,0,0.0,2,152.9,81,48.0,12.83,5.3,448f277b-2440-43e8-a2f2-a6be8b5d87f0,9,2026-03-03
1,69,0,1,2.21,1,271.5,98,90.1,12.67,8.2,af931988-61db-4714-b4a7-dea6be3ca58e,4,2026-01-23
0,71,1,0,0.0,0,243.7,124,47.0,3.0,11.3,0bac8efe-ac12-4e4f-a5e3-2f01be91eb34,19,2026-05-07
0,64,1,0,0.29,3,113.8,97,38.9,9.62,10.4,09ee1f5d-8e90-4a3e-94b5-1afd9830cab0,20,2026-05-17
0,100,1,0,0.0,0,78.7,98,33.0,11.28,14.0,f7371497-e166-439f-b9d5-d61fe408bfef,20,2026-05-20
0,132,1,0,0.0,0,81.1,86,35.0,12.26,10.3,31a3f228-ec4a-403b-97ee-fb04b7b63256,19,2026-05-09
0,68,1,0,0.41,3,131.6,89,39.1,6.85,10.2,382d678f-7e48-402f-a149-cb20a0459ab3,9,2026-02-27
1,122,1,0,0.0,4,296.4,99,69.0,10.74,11.4,df5156b4-141a-4244-82e4-ce3677e1827e,18,2026-05-02
0,163,1,0,0.0,5,202.9,100,50.0,8.93,12.8,befc8988-2ce0-4140-8e5e-b8e815e2f3f8,1,2026-01-01
0,143,1,1,2.57,1,239.2,109,86.7,11.78,9.5,5d1eff13-4482-4481-a471-e1fad4b5f285,5,2026-02-03
0,132,1,0,0.0,3,240.1,115,57.0,9.02,8.0,e732b406-eaf9-44ac-bb1d-e9b892add423,14,2026-04-06
0,63,0,1,2.97,1,199.0,110,88.7,14.57,11.0,bbbc5742-ca1f-41dd-a245-8da2ddd381f0,18,2026-05-06
1,62,0,1,3.56,0,218.4,93,93.6,11.84,13.2,cb01e3fe-c7f4-4988-8bad-b5395a87c2d5,17,2026-04-28
0,103,1,1,1.86,1,111.8,85,58.6,11.98,6.9,f56b4e56-f3a1-4fe2-84ed-a4201a6849c8,7,2026-02-17
0,144,0,0,0.27,0,150.0,69,52.7,14.3,9.4,8325aa58-db5d-4f85-b60c-becb7d7bdc3c,13,2026-03-30
0,90,1,0,0.28,2,114.4,122,33.8,6.39,10.1,ed35dfe7-d0fd-4b2f-b200-15899ba2df4f,17,2026-04-27
0,152,1,0,0.22,2,101.2,122,32.2,7.08,7.5,f650b53c-f971-4ccc-ba87-2580e111a85c,19,2026-05-09
0,72,1,0,0.0,4,217.8,93,54.0,9.49,10.4,8ec607f7-1530-4b9a-a2c2-f2890c73813f,3,2026-01-16
0,54,0,0,0.0,1,214.1,77,57.0,12.03,10.1,42423d62-c974-4510-8307-e19b1b01d487,10,2026-03-10
0,60,1,0,0.0,1,145.0,133,43.0,10.46,14.6,e6410497-ecc0-4374-8eaa-d92c912a6732,4,2026-01-22
0,137,0,0,0.34,2,174.0,123,47.4,8.07,11.4,7b667fee-7328-45eb-a769-fcc3cb7d5418,14,2026-04-03
0,161,1,0,0.0,1,151.6,117,45.0,10.97,4.0,5d93d09b-b794-49e6-8cea-172afa1bf441,11,2026-03-17
0,124,1,0,0.0,1,191.3,134,55.0,13.08,10.0,ab94396a-ec70-4a59-a676-e420a3aec7a9,22,2026-06-03
0,151,1,0,0.0,1,134.5,88,36.0,7.16,15.4,06f5825b-ee3a-41e0-9fb3-3f4227e297cd,21,2026-05-24
0,152,1,0,0.0,1,206.3,98,60.0,14.64,10.6,5fb52617-3c1b-4795-97e1-30f124fb2821,26,2026-06-28
1,123,1,0,0.0,2,236.2,135,64.0,13.7,10.1,e4be3fd1-b00a-47b9-851b-cb6684e0765b,13,2026-03-27
0,54,0,0,0.0,3,236.3,91,54.0,7.64,11.2,9f6d0a01-d6b4-426e-9b3e-fc08b9a85b01,5,2026-01-29
1,96,1,0,0.0,1,276.9,105,69.0,12.35,10.3,b995bb49-0367-422e-bf1e-37a9df9c3080,10,2026-03-10
0,136,1,1,2.57,2,179.4,88,71.7,9.06,9.5,c22599c0-1ab9-4e3e-934c-64b71ec9b2fc,7,2026-02-16
0,43,1,0,0.26,2,159.5,99,40.6,5.99,6.8,a4985eeb-d2e0-451a-863c-a304a961f622,14,2026-04-04
0,43,1,0,0.36,0,230.2,147,58.6,9.34,9.2,e1aba016-50dc-4dc1-9edd-dae45e3a82c6,21,2026-05-24
0,11,1,1,1.89,1,209.8,130,71.9,9.83,7.0,4f989cba-de3a-4ed1-94bb-70a006ed8044,26,2026-06-25
0,135,1,0,0.0,1,190.9,44,47.0,8.07,8.4,1b30017a-2431-4047-8eab-b89b49c488dc,13,2026-03-26
1,125,0,1,4.59,1,260.8,81,104.9,8.19,17.0,2389d1ab-3cb6-4017-a06a-843bc65a98f4,6,2026-02-08
0,166,1,0,0.23,0,152.1,95,39.3,6.05,9.8,9f330961-0740-48a1-9f22-e003e88ac64d,15,2026-04-10
0,120,1,0,0.36,2,98.2,99,36.6,9.34,9.3,247117a9-a5ea-48b4-9e4a-aabc8d44a3e6,5,2026-02-02
1,108,1,0,0.0,0,198.5,99,57.0,13.39,9.4,a79952c0-66fb-4abf-8148-8ca85e53a15d,15,2026-04-11
1,93,0,0,0.0,1,131.4,78,42.0,10.99,11.1,ce6fbb05-b8b9-446d-9388-1cec8c20d167,4,2026-01-23
0,130,1,0,0.35,1,162.8,113,56.5,14.52,7.2,f59c76bb-7b56-47c0-98a5-9389ae24e2a7,2,2026-01-10
1,54,1,0,0.0,1,272.6,83,68.0,12.44,9.5,b4558878-f267-4f6d-b6a3-050af21127b1,10,2026-03-10
0,105,1,0,0.3,1,146.4,81,48.0,11.26,8.5,0dd1da07-dc39-4193-a215-28d777289c49,15,2026-04-10
0,60,1,0,0.0,1,221.1,106,53.0,8.93,7.4,80997bdd-0fbc-4659-ac14-a98e065748ad,5,2026-02-03
0,138,1,0,0.18,1,230.1,107,59.8,10.6,13.2,307a6e8b-af4f-43b8-9965-48c7bb7e2ee0,26,2026-06-29
1,131,0,1,3.73,4,292.9,101,104.3,9.99,13.8,f59c85a7-5738-492d-a82e-aa4c90d0eebe,20,2026-05-18
0,113,1,0,0.0,1,155.0,93,55.0,16.53,13.5,95e4c2e2-a097-48e9-b5f4-38730e91c82c,21,2026-05-27
0,127,1,0,0.0,2,202.1,103,54.0,11.47,11.5,ac8b36f5-c2e3-4f78-bcbf-e470d656bad4,14,2026-04-06
0,141,1,0,0.0,1,151.5,104,47.0,12.11,10.8,b148553c-75c4-4e73-a3cc-08a6c83fb57f,1,2026-01-01
0,37,1,1,2.81,0,264.7,81,92.1,10.83,10.4,2b0a7b1c-f281-4c07-b0e6-02ac88be56a7,10,2026-03-10
0,105,1,1,2.4,1,186.9,114,78.0,12.82,8.9,06ac13c6-deca-4dd6-b22b-0a85e92bf43a,1,2026-01-04
0,42,1,1,2.19,0,163.8,80,64.9,8.89,8.1,f2f7149c-c689-43ca-90c7-2a651faf9989,3,2026-01-16
0,102,1,0,0.0,0,114.8,125,27.0,4.1,12.0,0af06f18-e211-4ce6-aeb4-a1de789cbdbd,4,2026-01-24
0,164,1,1,3.86,1,219.1,88,89.6,7.58,14.3,87e84be2-4592-468c-b30d-d4dbefcdc17c,12,2026-03-21
0,153,1,1,2.54,0,218.5,130,74.4,6.71,9.4,da715982-a47a-47d3-8e56-85df9fba17ae,1,2026-01-02
0,69,1,0,0.29,3,195.3,70,54.9,10.84,12.5,9adbe174-eff3-4b9f-a878-a27bb8d25882,19,2026-05-08
0,67,1,1,2.03,1,245.4,89,75.3,7.41,7.5,b4ad4664-3033-450a-8164-4b2be4a25200,23,2026-06-09
0,162,1,0,0.0,2,135.2,98,44.0,12.1,10.2,de2f15e2-90e0-497c-99c4-84ab939585b2,12,2026-03-25
1,97,1,0,0.0,0,225.1,90,63.0,13.98,8.8,612a29a2-bc1f-4954-ab38-be62796e71b7,22,2026-06-01
0,119,1,1,3.05,0,217.2,94,79.5,6.94,11.3,8eb6f250-eb1e-4781-8235-3387719b8f94,20,2026-05-20
0,72,1,0,0.31,2,139.9,117,46.1,11.18,12.7,1c11ebfd-e87a-4253-9f07-8f85d62ee074,26,2026-06-27
0,99,1,1,2.08,3,244.1,71,79.8,10.17,7.7,4f9654f3-5306-4e14-87e8-9b1e7cb7e3c7,24,2026-06-12
0,129,1,0,0.0,2,157.0,113,49.0,12.85,12.1,042e8fbe-53ab-41ed-9138-1f134e096bf1,18,2026-05-04
0,41,1,0,0.0,1,207.2,138,54.0,10.71,11.9,e9a971cf-a113-4da8-8565-84e389490b1e,5,2026-02-02
1,103,0,0,0.0,1,255.9,128,56.0,7.05,12.1,7609b1be-9e4e-4f61-868d-f176577c284d,23,2026-06-10
0,172,1,1,2.38,1,274.9,102,86.8,9.33,8.8,a7312184-8e88-4525-98c3-b246a175116e,26,2026-06-28
1,61,1,0,0.0,1,267.1,104,61.0,9.02,17.3,f1018d0d-bf92-4217-a8c7-4277d5e1c678,25,2026-06-20
1,100,1,0,0.34,4,107.0,63,31.4,5.29,12.8,496c9190-795b-45a8-a4dc-47f7901f4698,15,2026-04-11
0,107,1,1,3.0,0,60.0,102,49.0,5.11,11.1,81fc3554-1c9c-4357-be56-118400f80374,2,2026-01-12
0,93,1,1,2.65,1,117.9,131,61.5,8.23,9.8,46942f91-4112-458b-b67c-0150366f3443,10,2026-03-08
0,125,1,0,0.0,0,168.6,99,44.0,8.78,10.9,0f18f10c-bf1d-4837-99e2-b9e89ff8cffb,10,2026-03-06
0,43,1,0,0.0,0,135.8,125,37.0,8.16,12.6,b8b2c4c2-38d1-40de-9049-de256f7ee37f,23,2026-06-10
0,111,1,0,0.0,1,214.3,118,55.0,10.43,12.0,c03ba0e0-fdec-41a1-87f5-0d48c614df68,24,2026-06-17
0,131,1,0,0.0,2,263.4,123,58.0,7.6,10.7,8c2f6fce-17d1-4590-b53a-b01e46d2eb4a,11,2026-03-15
0,180,1,0,0.4,1,143.3,134,44.0,9.03,10.1,7c9113b7-fdb6-42c6-85e9-2399329363a7,7,2026-02-12
0,148,1,1,2.67,1,158.7,91,67.7,8.03,9.9,55db4be2-888f-48db-a29b-bcdc0092d4c3,7,2026-02-13
0,110,1,1,1.7,1,192.3,114,61.0,6.47,6.3,21fef623-9015-491d-af5c-382ebac85c6c,5,2026-01-29
0,82,0,0,0.0,3,208.8,101,54.0,10.69,12.4,cbcbf900-93d8-46d1-b25c-308a644f40a4,21,2026-05-21
1,98,1,0,0.2,0,217.2,121,65.0,15.17,12.4,b367e9db-e521-45bc-a4d6-a39917e1ad59,2,2026-01-12
0,129,1,0,0.0,1,161.3,122,47.0,11.03,9.6,2680e4d7-70c9-4ed8-a5eb-f8c34a53e3ab,14,2026-04-05
0,73,1,0,0.0,0,203.3,45,47.0,7.1,8.5,1cfee456-b3f0-45a2-8b7d-835269a5c1a7,7,2026-02-15
1,76,0,0,0.34,1,241.0,120,64.4,11.59,9.9,1ef4da51-c889-40e0-97d0-b37ab1ee3057,19,2026-05-10
0,150,1,0,0.36,3,126.0,99,45.6,11.93,10.2,86943ecb-d815-49b2-b6cc-248716a60abb,5,2026-02-04
0,112,1,0,0.27,2,217.1,76,57.7,10.26,9.4,59f5dbc0-255c-4cdc-9d2b-cea32e3f95e8,12,2026-03-22
0,177,1,0,0.0,1,189.5,99,48.0,8.82,14.2,f7c47d8b-5c34-452c-b503-d38f7a375ab0,13,2026-03-31
0,73,1,0,0.43,1,194.8,112,52.3,8.36,10.8,6d88c3db-fb7b-48cd-b532-888b1aae1e0a,2,2026-01-08
0,139,0,0,0.0,0,161.5,121,44.0,9.65,11.2,f065716f-2deb-4026-8441-34c6775b7e4b,14,2026-04-03
0,125,1,0,0.0,0,206.0,128,52.0,9.91,13.2,36450d3c-d88c-405b-a68b-08d9c264ae57,22,2026-06-03
0,121,1,0,0.0,1,179.4,70,43.0,7.15,11.2,4521543e-5d4a-416a-ac07-785fcc0bec44,13,2026-03-31
1,136,0,0,0.0,3,199.6,89,52.0,10.57,11.0,923915dd-dcbf-4c28-bada-c4d71c2d2079,24,2026-06-11
0,86,1,1,2.65,2,99.9,84,66.5,13.18,9.8,f7ba2d17-d68f-4376-b724-36c101ca8246,17,2026-04-25
1,201,1,0,0.0,1,225.9,110,64.0,14.96,11.2,15c537e4-7c81-4258-831b-cd087b974d73,15,2026-04-15
0,36,1,1,2.46,1,152.8,110,71.6,12.14,9.1,405e72de-1d1e-4354-8a45-24f212356f77,20,2026-05-15
0,95,1,0,0.0,4,238.1,65,57.0,9.36,11.8,ea71a125-69d7-4cde-ad01-ec091f438c27,9,2026-02-27
0,94,1,0,0.0,1,163.5,136,41.0,7.19,12.6,1106ee67-2cad-4715-883c-6189a4efd752,17,2026-04-24
0,126,1,0,0.0,0,161.4,110,47.0,11.03,5.1,3f1fb5fe-183f-452c-ad13-b287cc9f5f86,11,2026-03-16
0,87,1,1,3.02,0,143.5,106,74.2,11.18,11.2,e5558dc2-aebb-477c-8e62-91a56cac9b5a,23,2026-06-06
0,22,1,1,3.43,3,182.1,94,79.3,8.23,12.7,c4893dc4-b299-4114-b861-4d1124405165,18,2026-04-30
0,47,1,1,2.08,2,165.0,89,59.8,6.37,7.7,54f9afaa-4f49-4f24-87a4-25ffd9c631cb,24,2026-06-13
0,171,1,1,2.75,3,223.2,77,81.5,9.16,10.2,5693196c-1863-436d-8a10-36ae289592da,3,2026-01-21
0,86,1,0,0.0,3,124.1,82,39.0,10.13,6.7,a802d554-fe90-406f-ac8e-5b0787f68bbb,24,2026-06-13
0,82,1,1,2.38,2,163.8,77,63.8,6.75,8.8,fb02a15d-4829-4358-b66d-fdfd46ee36e1,20,2026-05-18
0,165,1,0,0.0,0,209.4,67,59.0,13.69,12.8,ea2844a0-f7c5-4a6c-abdf-fcef17189521,15,2026-04-11
0,107,1,1,3.7,1,161.6,123,82.0,9.78,13.7,90291838-1cef-4f72-8efa-d4cf52aa1ff5,22,2026-06-01
0,95,1,0,0.0,3,141.1,84,42.0,10.57,5.9,b5cc81da-1020-4022-8100-2af0685c8bf0,26,2026-06-26
0,114,1,1,2.27,4,225.8,94,77.7,9.65,8.4,4c4027fc-ce16-49cc-8f29-de168d92ae15,15,2026-04-09
0,110,1,0,0.29,2,149.8,112,43.9,9.0,11.7,8a6e305c-a00d-4777-8e12-6b449dc3ab82,6,2026-02-05
0,118,1,0,0.0,0,140.4,112,40.0,9.36,7.9,46f575fb-e191-4771-b6a8-cd2ba7d5d5cc,14,2026-04-06
0,124,1,0,0.0,1,188.5,77,48.0,9.1,6.1,d346523a-1491-4f8a-ae21-25a936b84dc9,22,2026-06-01
0,124,1,0,0.0,1,131.8,82,47.0,14.22,11.3,da0625ec-6e2e-48a7-882d-3c094e07f991,22,2026-05-31
0,149,1,0,0.0,0,237.6,79,57.0,9.62,9.1,f2ee7237-71c0-4604-bace-1d8b366721b3,6,2026-02-06
0,107,1,1,2.97,2,219.4,92,82.7,9.03,11.0,bfdcc79b-343e-48f4-a827-496d15951c2f,2,2026-01-12
0,156,1,0,0.0,1,237.7,122,56.0,9.08,7.7,9d8e8f9a-d460-4a5e-a4cb-68bcb3c59c77,17,2026-04-23
0,94,1,0,0.0,0,181.3,135,47.0,9.12,6.7,379a854a-a123-4f80-81eb-fc2dd09b45f7,2,2026-01-13
1,139,1,0,0.0,1,236.6,109,55.0,8.5,11.1,44aa0710-70e6-43e9-b34a-d9220ac4bbc1,4,2026-01-23
0,123,1,1,0.78,0,146.6,87,42.8,5.74,2.9,2ec65ff2-88ee-4348-aa1f-793a595b1918,15,2026-04-09
0,110,1,0,0.33,1,208.0,69,47.3,4.76,8.0,d269db98-a427-4e9d-a06a-2ce8456b68b3,15,2026-04-15
0,110,1,1,2.62,1,236.3,102,83.2,9.8,9.7,630ff480-ac9e-4164-802c-669809d8da06,5,2026-01-30
0,74,1,0,0.0,0,221.1,124,48.0,5.54,10.6,79851df3-e288-4117-a893-269be2b9bde9,3,2026-01-17
0,71,1,0,0.0,3,197.9,108,50.0,9.08,6.7,d2af65c1-c66e-47db-9a14-109629567b79,17,2026-04-23
0,117,1,0,0.0,2,149.9,95,48.0,12.81,13.3,b0b80f2c-16fe-4dda-b019-74bcedf91da8,9,2026-03-03
0,48,1,0,0.2,1,275.2,67,65.0,9.01,7.9,6c130fd2-312a-4ef6-8ae3-181fd2cbab2e,12,2026-03-25
0,91,1,1,1.78,3,204.6,96,64.8,6.8,6.6,1c173569-b094-49ac-ae4b-88d466a56c0a,16,2026-04-22
1,37,1,0,0.0,2,239.9,120,64.0,13.08,8.9,36f4aeb1-0273-4e03-9a34-9df674cc6823,13,2026-03-27
0,81,1,1,2.62,0,210.4,100,81.2,11.28,9.7,7ae7da5e-6d89-4b9e-be05-0bb13e31ea8d,21,2026-05-21
0,108,1,1,2.35,3,170.7,88,62.5,5.5,8.7,c8874029-711c-4bcb-8de6-71ece3817859,3,2026-01-19
0,168,1,0,0.37,2,183.2,131,50.7,8.96,9.9,84d0bce1-9021-4b2a-96f4-c0a58afb802a,26,2026-06-26
0,108,1,0,0.0,0,199.3,104,53.0,11.21,15.2,97f58e8f-b256-4b8d-99e6-14cde951d88c,15,2026-04-10
0,155,1,0,0.34,1,184.6,102,52.4,9.8,7.8,ae692b7e-74d6-4fc5-9510-1b97cb8bd0eb,20,2026-05-20
0,111,1,0,0.35,1,78.3,119,34.5,9.91,12.1,902c0131-ee32-4e26-b043-7bd196d4d4f8,21,2026-05-27
1,182,1,0,0.0,2,279.1,124,63.0,9.03,9.5,da58a54c-8ac2-44d7-82f1-9d52aa0ecc1a,11,2026-03-17
0,153,1,0,0.0,1,195.4,107,47.0,7.73,11.6,1adae79b-3c66-46ea-b6a8-acf19ba564dc,2,2026-01-09
0,136,1,0,0.0,1,152.6,97,44.0,10.45,5.0,41c81d11-b7f3-4389-8ef4-fe730001d2a4,4,2026-01-28
1,122,0,0,0.0,0,230.9,132,60.0,12.16,11.0,50efbb71-735c-4625-beb8-57ec4501ece3,19,2026-05-08
0,120,1,1,0.0,1,128.5,115,36.0,8.19,0.0,e49f1437-0536-40d1-aad7-9ee0419bf20a,8,2026-02-21
0,137,1,0,0.0,0,208.8,120,55.0,11.27,11.1,027a7e96-2f5c-4db0-825a-1e3dcf878435,12,2026-03-24
0,77,1,1,2.73,1,149.4,74,63.3,6.2,10.1,d1b1c22a-2d61-4878-9086-3142e6962c4b,16,2026-04-21
1,111,1,0,0.0,4,176.9,128,39.0,5.14,10.5,c4a1c12e-aa5d-420f-b0f1-b2ef6e12293c,21,2026-05-24
0,78,1,1,2.57,2,160.6,85,72.7,11.16,9.5,2d46de2d-6559-4e1d-b8f8-344c0ca4283b,17,2026-04-27
0,145,1,0,0.0,2,129.4,97,38.0,9.27,1.1,b9800283-bef0-4b54-83b9-95061e69ae7d,10,2026-03-10
0,51,1,0,0.0,0,227.2,89,56.0,9.72,14.9,0fba7414-9378-45f2-bdec-323e9e08010b,15,2026-04-09
1,69,0,0,0.0,2,279.8,90,69.0,12.44,8.4,b88ab4bc-bd07-4c8b-9370-7cca2a69aae0,20,2026-05-20
1,96,1,0,0.0,1,180.6,92,47.0,9.55,10.3,ac738578-6772-44f1-93af-a559c44925b0,4,2026-01-25
1,139,1,0,0.0,5,134.4,106,41.0,10.57,10.2,57d31028-0013-4748-970f-e8ac3498dfd8,26,2026-06-29
0,47,1,1,2.11,1,141.3,94,60.1,8.4,7.8,0bbfe14f-38f1-4116-8bb9-633f0e8ed2bf,18,2026-05-03
0,75,1,0,0.0,1,111.7,121,40.0,11.87,13.1,da34a501-eaf0-4105-a6a8-bd3e1f655a7b,8,2026-02-22
0,128,1,0,0.0,2,268.1,95,56.0,6.03,14.4,98e2abbc-3932-4d26-8e8a-9f6e44b8ba2e,22,2026-05-31
1,137,0,0,0.21,0,258.0,112,67.1,12.33,10.9,90813ea6-6dd0-49e4-896b-46023ece4fba,21,2026-05-24
0,174,1,0,0.0,0,235.5,108,53.0,7.12,12.5,1893b66d-2110-4ef2-9535-e45d2744ebe9,9,2026-02-26
1,110,1,0,0.0,2,271.1,108,67.0,11.85,9.8,7d4abdf4-623a-49e5-a2f5-e7d8369be5ae,6,2026-02-08
0,61,1,1,2.32,0,288.7,101,90.2,10.19,8.6,ddc4fe54-9a93-4b03-8a7e-9b59c3d6d6d2,16,2026-04-19
0,52,1,1,3.65,1,133.3,63,75.5,9.21,13.5,55a834bc-6b04-4320-a620-c431cc0d2768,26,2026-06-30
0,77,1,0,0.0,0,189.5,112,50.0,10.35,9.2,fd170edf-c90b-4a8d-81fa-f3fe4da53cb1,6,2026-02-11
1,60,1,0,0.0,2,289.8,101,71.0,12.78,11.7,32e6583a-210a-4988-a1d4-72ec4a08b361,24,2026-06-16
0,195,1,0,0.0,0,63.2,108,30.0,11.01,5.1,ce568b93-d23b-492b-852b-8c841c50c597,21,2026-05-22
0,53,1,1,3.24,2,167.3,99,77.4,9.74,12.0,9da50e5e-cf65-433e-96b7-180a7bfc3e73,18,2026-05-02
0,52,1,0,0.0,1,215.9,67,56.0,10.85,5.2,31fbfae1-9a32-4c5f-96f5-ea91ee429b74,19,2026-05-13
0,136,1,0,0.3,2,142.3,79,41.0,7.9,6.0,e7ff735b-a696-423f-bcaf-302fc940ba8d,24,2026-06-12
0,105,1,0,0.4,4,211.1,99,55.0,8.84,14.7,c70715b4-e10e-4a72-9337-b17ed8171914,11,2026-03-16
0,150,1,0,0.26,1,146.3,133,45.6,10.14,13.1,6aff9ad7-ca0c-4ab0-a972-adc44fe03488,21,2026-05-26
0,50,1,0,0.0,3,188.9,94,50.0,10.2,11.6,8da9a9f6-a198-41d3-8684-6dd5a60d49aa,11,2026-03-17
0,131,1,1,3.62,1,156.6,134,69.2,3.55,13.4,e0717c01-f9e9-476b-9c0a-434eac553d9e,2,2026-01-09
0,149,1,0,0.0,1,187.6,83,50.0,10.07,8.8,e77547b7-03f3-4cbc-ad11-46d200ffed7f,11,2026-03-15
1,99,1,0,0.12,7,135.7,107,42.2,10.42,8.8,02f1c1e6-a58f-41cb-81b5-1821cf378583,21,2026-05-25
0,120,1,0,0.0,2,252.0,120,56.0,7.51,9.6,51f403ab-076e-4e62-a61b-c53c0abaef13,1,2026-01-07
0,149,1,0,0.0,2,175.4,80,47.0,9.87,9.7,918952a1-e0ad-47ce-875d-fa8c16b08cc9,25,2026-06-23
1,97,1,0,0.0,4,120.8,96,35.0,8.49,11.9,7e3f6c55-9a65-41c3-bd6b-fd4ea95e4846,21,2026-05-21
0,133,1,0,0.0,0,227.4,90,45.0,3.66,4.7,1daca24e-ffa6-4285-b9bb-9daca93442aa,24,2026-06-17
0,127,0,0,0.26,2,180.9,114,51.6,10.48,7.4,b0c252ce-cf65-4ed1-9867-4e983dcfffee,25,2026-06-19
0,65,1,1,3.38,4,208.8,119,81.8,7.11,12.5,434c0a0f-0b21-4157-bbe1-1a4f2af318fa,20,2026-05-17
0,70,1,0,0.17,0,126.3,99,35.7,7.08,9.6,701275bf-9b92-4f44-b0e0-ba36f58aec93,26,2026-06-27
1,73,1,0,0.0,1,286.4,109,64.0,8.91,10.7,1d6c5260-3a52-41fa-84a1-10f87cc991b3,4,2026-01-27
1,71,1,0,0.0,0,238.0,82,65.0,13.93,11.8,7f3ac360-723c-4bc2-9493-c6f59c76529b,18,2026-05-02
0,103,1,0,0.33,0,189.8,110,46.3,5.78,12.2,4a49dedb-2be2-4850-9bbf-3e7dcea1c12e,1,2026-01-05
0,116,1,0,0.0,0,160.7,69,40.0,7.34,8.2,171eb391-c290-456a-89d1-24bd3730eeae,5,2026-01-29
0,155,1,1,2.32,0,195.9,91,75.2,10.7,8.6,f76be9a9-b121-437f-8c29-0b1d4ac6383d,24,2026-06-14
0,117,1,0,0.0,1,143.3,103,43.0,10.57,11.5,03e6c7a5-c56f-4d6e-819f-9581c824a299,24,2026-06-15
0,165,1,0,0.0,6,154.2,91,50.0,13.43,10.9,625342be-844b-4ed8-9542-354c1f72b408,12,2026-03-24
0,71,1,0,0.0,0,104.0,92,35.0,9.85,14.6,6e849057-dbca-4b34-b9d4-f55ebe4d173f,20,2026-05-16
0,117,1,0,0.41,2,144.6,115,51.1,12.94,7.4,f9287cff-04bf-4013-8362-5dc16c7247b1,16,2026-04-19
0,112,1,0,0.0,1,243.4,77,57.0,9.11,12.8,0516e6c8-fdb2-4398-84ee-38341cb99da9,10,2026-03-06
0,147,0,1,2.19,3,219.9,118,77.9,10.43,8.1,23886a0e-14cd-4a5f-b47b-8415df20ea37,13,2026-03-27
0,101,1,0,0.0,3,248.6,102,58.0,8.75,6.1,471fb2af-7abc-423e-933b-89b5fadd8de4,21,2026-05-25
0,27,1,0,0.0,0,193.8,102,44.0,5.95,9.2,5701e3a0-4d1c-44d5-8df9-1a9f7dff6d69,11,2026-03-12
0,127,1,1,3.02,1,183.2,117,72.2,6.34,11.2,7a8cca91-8717-45a5-b99b-e5ecf83bb4b1,7,2026-02-14
0,55,0,0,0.0,1,269.6,121,61.0,8.59,8.2,a0e658e1-9484-4ce6-83e8-5966afd8c0d3,19,2026-05-12
0,81,1,1,3.16,3,115.9,120,71.6,11.83,11.7,dc83b447-5ddf-417f-a024-7ceeeec575d3,6,2026-02-05
1,123,1,0,0.0,5,242.2,87,61.0,11.31,8.2,67f052c6-ea26-454f-91e4-5f0fa0f12d1a,10,2026-03-11
0,114,1,0,0.0,2,155.3,75,41.0,8.5,12.6,9dff6800-cc6a-4ce1-a68c-54ed6f316639,23,2026-06-08
0,162,1,0,0.0,1,220.6,117,51.0,7.76,10.5,6739c0ec-caa1-40fa-a523-40ad8560aaee,3,2026-01-19
1,61,1,1,2.75,2,105.0,78,61.5,9.03,10.2,ed786b71-3d46-48f2-95c5-dde13263dd84,16,2026-04-18
0,97,1,0,0.0,3,218.0,86,53.0,9.2,6.4,aa7ead89-c603-424a-942c-0eb6689b2c7c,26,2026-07-01
0,71,1,1,3.81,1,175.7,82,90.1,12.95,14.1,9889ea1c-3577-457f-9bf2-d743a3661919,24,2026-06-16
0,128,1,0,0.0,4,199.3,86,51.0,9.74,14.3,a1c63c43-e0d7-41b7-ba7d-700da8e1c452,13,2026-04-01
1,111,1,0,0.0,1,294.7,90,76.0,14.73,10.8,ea463f68-a24e-45d3-812d-76695d030208,13,2026-03-31
1,113,1,0,0.0,2,128.7,100,42.0,11.36,9.2,e8ef37b0-2350-496f-94af-d29eb6d580fd,3,2026-01-19
0,68,1,0,0.0,2,143.6,80,36.0,6.72,15.5,16868ddf-c15e-482f-b404-57c74844a919,6,2026-02-08
0,60,1,0,0.0,3,193.9,118,41.0,4.25,13.2,497517f0-81c2-4d6f-be3b-59ba0b5f653b,18,2026-05-06
0,150,1,0,0.0,1,169.2,123,48.0,10.84,12.6,b58fefa0-a507-44e6-bff4-7b8f3f011e23,25,2026-06-22
0,54,1,1,3.05,2,117.6,82,64.5,7.96,11.3,95a09da5-c0fb-458b-a48d-184ee9c3e1df,21,2026-05-21
0,116,1,0,0.0,1,51.1,106,27.0,10.43,12.3,462b27a8-44b9-468d-bf81-c4f2d4f32ac0,18,2026-05-06
0,178,1,1,2.84,2,175.4,88,74.4,9.5,10.5,0ee345f8-9ca9-47d3-b511-e0bea4e30dfe,9,2026-02-27
0,85,1,0,0.4,1,201.4,52,58.0,11.47,12.0,d766bc25-8167-45d0-a6c7-d17aa7fa80d7,22,2026-05-28
0,130,1,0,0.0,1,154.0,95,44.0,10.3,12.9,a10d6cf1-96d2-46c8-84cf-e8d02c7e7f53,9,2026-03-02
0,194,1,0,0.0,0,193.3,106,48.0,8.45,11.8,3534d539-de31-49ce-a101-d34c00d5b682,19,2026-05-07
0,162,1,0,0.28,2,115.1,89,39.8,9.84,11.4,485796a0-4b74-4ac7-a0a7-3999856b2404,15,2026-04-15
0,77,1,0,0.0,1,169.4,102,45.0,9.25,2.0,37b5664d-16a9-4105-b6c8-3541da4e0a13,24,2026-06-16
1,147,0,1,3.0,3,157.5,109,73.0,9.48,11.1,92e17a91-8b69-4963-88e2-340d50f2196c,1,2026-01-01
0,64,1,0,0.0,2,194.2,147,48.0,8.67,5.5,0e99c92d-ddf2-4c36-b45f-c2dc1df37f10,19,2026-05-11
0,126,1,0,0.0,1,211.6,70,55.0,10.85,7.8,063141a6-4715-4848-ba16-032f9f7ad99d,14,2026-04-02
0,119,1,1,3.19,2,154.0,114,81.9,13.9,11.8,3235674b-c999-4ceb-8a24-e96e8ff90b56,17,2026-04-23
0,58,1,0,0.0,2,165.4,100,38.0,5.79,12.8,e2013fb1-ee1e-42fd-9d0d-2b5a0e005f6b,22,2026-06-02
0,121,1,0,0.32,1,213.2,79,50.2,6.04,7.5,1aba3e2a-e2a2-414f-b492-ca8f9699b253,8,2026-02-25
0,95,1,1,2.0,0,160.3,87,65.0,10.12,7.4,308cb622-2c32-4ebd-8bc6-5bf849051f1c,23,2026-06-10
0,84,1,0,0.0,0,169.5,96,43.0,7.88,10.6,24c82ca9-ac7c-4677-847a-5485479ea84a,24,2026-06-15
0,90,1,0,0.28,2,198.5,124,59.8,13.33,8.0,6fe058ad-5649-45e4-a384-28b9b8d1e693,17,2026-04-27
0,141,1,1,2.0,1,308.0,123,94.0,12.39,7.4,5deb95fe-fd60-4d8f-a678-ec2b90c97d0c,20,2026-05-14
0,74,1,1,3.54,2,194.6,84,79.4,6.0,13.1,1f36d6d9-8bd9-421e-bf9b-be229d6e51ca,9,2026-02-27
0,66,1,0,0.33,3,116.4,98,31.3,4.78,10.5,32ed8806-2287-4dd6-8bea-571c56b82a80,7,2026-02-13
0,75,1,1,3.54,4,210.3,90,92.4,12.09,13.1,d20bb742-6ead-4c13-9ae7-fa93f8c357d4,25,2026-06-22
0,118,1,1,2.81,0,148.7,105,68.1,8.37,10.4,1995acd9-b81d-4f6e-bad0-2398b0ae96f1,23,2026-06-09
0,80,1,0,0.24,2,203.7,92,56.4,10.82,7.6,32690301-b61c-4b9b-9ebf-90d4b6119ae6,25,2026-06-22
1,119,1,0,0.21,3,239.1,88,64.1,12.18,10.9,20f17e04-227c-47e1-a466-14060281b731,9,2026-03-02
0,16,1,0,0.33,3,161.9,100,51.3,11.51,10.2,f795f8ee-c8e2-4fba-abcb-71bb4e073d9d,7,2026-02-16
0,148,1,0,0.0,2,216.2,95,53.0,9.29,10.0,1e9dd718-8f4e-4d71-bbd5-bbaf608c70bf,22,2026-05-29
0,50,1,0,0.29,1,295.3,127,64.9,6.37,9.6,86b934ac-b300-4b87-b95d-dd3397a3f887,12,2026-03-21
0,178,1,0,0.0,1,275.4,150,63.0,9.38,13.6,a5db7954-417a-4a21-97e2-bf98d99aa6f5,17,2026-04-28
0,142,1,1,2.48,3,237.4,105,80.8,8.8,9.2,c229c255-2db9-4245-bb85-b137c398c7fc,24,2026-06-13
0,146,1,1,2.0,2,149.6,96,66.0,11.99,7.4,8593c858-31f7-4dd2-8d2c-efae9afd01ca,21,2026-05-27
0,97,1,0,0.0,3,169.7,84,43.0,8.3,12.8,8b1e3424-4f72-4059-8411-8c42b561104d,3,2026-01-20
0,142,1,0,0.42,0,216.8,134,57.2,9.39,8.3,541022dc-8ae8-4d4c-a9ff-96c8d724d9da,21,2026-05-26
0,98,0,1,2.92,1,245.5,54,96.2,14.64,10.8,01d65477-7ceb-4b9d-88aa-02e1aa9c8aa8,7,2026-02-16
0,132,1,0,0.0,2,176.7,132,51.0,12.21,9.1,5b1c83b8-a2fa-4c0f-bbc5-e875e08133a3,7,2026-02-18
0,35,1,0,0.0,2,158.6,67,39.0,6.52,6.9,8fcb6054-71ec-490a-a69b-ff80b04ee2be,2,2026-01-14
0,32,1,0,0.0,0,230.9,87,56.0,9.37,6.3,178f088e-b710-4f5e-8cb0-a432c0cd31b0,21,2026-05-23
1,112,1,0,0.0,3,272.5,119,66.0,11.31,16.4,fee1aac4-d47d-43d2-aea1-989e3b7b2880,23,2026-06-08
0,10,1,0,0.0,2,186.1,112,48.0,9.51,11.4,1a4b3854-f784-479b-aed9-5f2feda1482e,1,2026-01-01
0,92,1,0,0.0,0,249.4,118,61.0,10.58,9.1,70f77abc-a2a6-4140-b248-e13f6d0ecba0,17,2026-04-27
0,103,1,0,0.0,2,185.0,117,51.0,11.17,12.6,6ccd9d95-6082-4c5f-be0a-5a9e4b0fea2f,8,2026-02-23
0,125,1,0,0.3,1,140.1,132,45.0,10.48,8.0,012ae3cc-01a7-432b-90d5-4f4aefdddcac,17,2026-04-28
0,96,1,1,3.0,2,175.8,96,78.0,10.33,11.1,3b0fa19c-011d-4c1e-8d9f-adef728c5e71,1,2026-01-03
0,93,1,0,0.17,3,152.4,74,51.7,13.73,6.6,fdfc30a3-7c75-44d5-8452-368c5c04b106,21,2026-05-24
0,78,1,1,3.56,0,197.4,73,94.6,14.79,13.2,3ebf5c76-697a-4dbd-9f9e-fd4a9a1704a0,2,2026-01-12
0,75,1,1,2.54,3,225.5,119,79.4,9.1,9.4,59aa563f-9be9-4f4e-b43e-33148a12e855,11,2026-03-15
0,91,1,0,0.0,1,133.8,61,37.0,7.94,10.5,372cf63e-0b3a-49ca-a37e-9713c2c96215,3,2026-01-16
1,172,1,0,0.0,2,270.0,102,68.0,12.83,12.0,1663a6f0-7724-49bb-9f32-bc05af75263d,15,2026-04-12
0,74,1,0,0.0,1,200.4,87,61.0,15.46,10.0,3548780b-f5ec-4c52-8427-339fb5cf2d73,22,2026-06-01
1,121,1,0,0.21,0,144.8,126,44.1,10.03,13.3,78d5c991-d24a-4e3d-a1bb-2931c37f6ca6,23,2026-06-05
0,126,1,0,0.0,0,103.7,93,29.0,6.35,14.4,7c6a3fd5-96f7-49cf-a60a-3fad07197e1f,17,2026-04-27
0,78,1,1,1.73,2,281.2,93,80.3,8.91,6.4,96697149-51c5-4451-8139-422b8b434c8d,2,2026-01-08
1,152,0,1,3.83,9,237.5,120,100.3,12.67,14.2,463f596e-3c17-4f37-b86d-895e4b842aa6,18,2026-05-02
0,93,1,0,0.31,0,151.4,89,45.1,9.32,10.9,b926cc37-744e-4469-ab41-4f516b95d416,14,2026-04-02
1,119,1,0,0.0,2,81.9,75,36.0,12.69,8.9,864bd3ce-8f46-4670-a799-a15d35d6292b,24,2026-06-13
0,105,1,1,2.35,2,147.0,112,65.5,9.87,8.7,62787159-1e34-4b25-8c4a-c2e76f1002fc,13,2026-03-31
0,35,1,0,0.32,2,124.2,102,35.2,6.2,13.1,0d72ff40-d8a2-4fd5-84ab-001371ec4d8e,20,2026-05-16
0,53,1,0,0.0,0,168.8,97,48.0,11.02,10.9,e7dce881-599f-47a0-89cd-4fcb51242ccd,9,2026-03-01
0,61,1,1,2.67,3,163.7,78,64.7,5.66,9.9,0315f883-9e63-45c4-b2b1-42165abbd876,26,2026-06-27
0,103,1,0,0.0,0,263.4,118,60.0,8.96,10.3,9c30f1e4-8059-438e-bf37-0a237f7b0e11,4,2026-01-28
1,172,1,0,0.0,3,287.1,108,64.0,8.92,14.4,ddb28ab7-f8d6-4ef9-8a62-f777365e54e6,15,2026-04-11
0,51,1,0,0.0,1,232.4,109,56.0,9.37,9.1,7015fb40-cd51-4abb-afea-3b38365ccb4c,6,2026-02-10
0,89,0,0,0.0,0,206.9,134,50.0,8.39,10.9,dc6a95a8-ba32-45a3-a58c-bd09d18c0293,23,2026-06-04
1,177,0,0,0.0,1,248.7,118,57.0,8.62,11.3,014985de-f561-48fa-8a99-8c25dd2e41b2,21,2026-05-25
0,134,1,0,0.0,0,202.7,105,54.0,11.25,12.1,7bdd5ac3-60d4-46e8-a40c-0f73105b76dc,23,2026-06-10
0,91,1,0,0.0,2,123.8,107,49.0,15.95,7.3,d144bc1b-8dea-40f9-8225-3f7168aaac4e,23,2026-06-06
0,137,1,0,0.45,4,230.2,113,62.5,11.02,10.7,00f9f11c-0a23-44fc-8a85-e94dcf95b1d1,21,2026-05-21
0,58,1,1,1.46,1,211.9,40,74.6,13.72,5.4,dcef9588-dc3c-429c-aa67-e84e8a7916cf,7,2026-02-15
0,113,1,1,3.59,1,44.9,63,55.9,6.71,13.3,27c59996-5dbf-4c38-8fe5-f1c2a6f9aaf6,5,2026-02-04
0,49,1,0,0.0,0,213.8,79,59.0,13.26,15.6,bbaecc9f-8d68-4bd9-88c8-4ca7f9330de9,20,2026-05-14
0,53,1,0,0.22,3,205.1,86,51.2,8.03,10.7,3d523d4d-e783-4679-9870-9d57547fa4fd,12,2026-03-23
0,88,1,1,3.46,2,80.3,140,61.6,7.67,12.8,8f99d394-1414-441f-9393-0b6b444c1acb,17,2026-04-25
0,179,1,0,0.32,1,234.5,134,57.2,8.21,6.1,8a32d8a6-847d-4b83-ab07-9b78bd5bdf9d,7,2026-02-16
0,124,1,0,0.0,3,157.5,70,38.0,6.54,9.6,0b01a475-1570-4fd1-817a-fef9d44a9196,22,2026-06-02
0,96,1,1,2.3,1,150.0,91,63.0,7.97,8.5,964ca1be-3a1f-4f4b-9a23-359ca63a9863,2,2026-01-10
0,68,1,0,0.0,1,237.1,105,60.0,11.18,13.2,9353941c-85f8-474e-98c7-c3ad87731bc0,8,2026-02-25
1,64,1,0,0.0,5,148.1,73,40.0,8.25,12.3,dc20b398-c39d-49e7-82dd-2fbc1af87af7,5,2026-01-30
0,122,1,0,0.0,2,234.1,101,57.0,10.01,13.1,95e29765-717c-49a8-ae70-03688dea8d80,16,2026-04-19
0,94,0,0,0.0,1,170.1,113,53.0,13.59,8.7,a5ec90fb-f794-499c-a979-602e556bcdee,1,2026-01-05
1,146,1,0,0.0,4,138.4,104,38.0,7.95,3.9,6eb992dc-004e-4317-b878-d8839a10621e,17,2026-04-29
0,202,1,0,0.0,3,115.4,137,35.0,8.94,6.0,d8867aeb-3dcf-41d3-9beb-db5e32a5bff0,5,2026-02-02
0,79,1,0,0.0,1,205.7,123,54.0,10.73,6.7,fccb9400-89f8-4a03-b265-e62950d8e3b1,17,2026-04-28
0,136,0,1,2.84,3,203.9,106,79.4,9.38,10.5,af957f29-1db4-45a4-873d-6d4589e79282,10,2026-03-06
0,66,1,1,1.46,2,254.9,108,78.6,12.16,5.4,9fbff47f-5fda-4bb8-af18-e4e56ceb6bc6,21,2026-05-26
0,103,1,0,0.0,1,246.5,47,59.0,9.78,11.7,317138f0-d0c3-4a82-9f9c-a6ed8a7e6784,26,2026-06-26
0,94,1,0,0.0,1,181.5,98,48.0,10.0,6.6,dc18eb47-cad2-4b54-a8fe-d4493f1b2b11,2,2026-01-11
0,177,1,0,0.27,2,84.9,77,39.7,12.88,7.5,f36f9dbb-9b66-4bec-8731-6e9f98f1ef1e,13,2026-03-26
0,102,1,0,0.0,3,242.2,88,61.0,11.66,6.2,276ad166-99ff-43a7-b01e-18d08ecfb3d1,4,2026-01-26
0,72,1,1,1.57,1,92.8,98,54.7,13.56,5.8,4b1b156b-233c-4650-a390-64e17b260bc2,9,2026-03-04
0,96,1,1,2.84,1,183.4,126,76.4,9.78,10.5,a275dc00-6258-4222-91e6-117b7b180f2a,13,2026-03-27
0,186,1,0,0.0,1,137.8,97,40.0,9.39,8.7,a4942a20-c1c1-438a-af78-670acef90eda,9,2026-02-28
0,90,1,0,0.0,3,113.2,108,36.0,9.47,14.1,2962ef7b-1ffe-4884-bf22-570b8c65830b,4,2026-01-27
1,80,1,0,0.0,2,268.7,120,72.0,15.05,5.8,c91e3efe-72e3-4034-80ce-ff21ebc3cc6d,26,2026-06-26
0,131,1,0,0.28,3,240.9,108,58.8,8.37,14.7,0604e011-e24e-4535-b852-ab59741faf92,23,2026-06-10
0,117,1,1,1.84,1,198.1,86,67.4,8.85,6.8,6843ae09-e2c2-4f3f-b57a-c797d2a66310,14,2026-04-08
1,49,0,0,0.26,2,237.8,92,61.6,10.45,15.6,f51f0acd-2343-4838-8a94-5097a6097d88,15,2026-04-15
1,82,1,0,0.31,6,167.1,77,43.1,6.59,9.4,c7d55977-b7ed-4a9f-b08a-63c991c4a041,15,2026-04-09
0,87,1,0,0.36,2,115.4,90,45.6,13.13,13.1,c0578ea3-51ba-441a-849a-61356aa0a59e,19,2026-05-09
1,46,1,0,0.0,2,250.3,100,65.0,13.03,13.3,e21e796a-496a-4e8e-b991-afe43067a6e2,22,2026-05-29
0,102,1,0,0.0,2,102.6,89,39.0,12.3,9.1,1d9bb40d-d08a-4576-beea-ae601c1b3211,8,2026-02-24
0,161,1,1,1.97,1,218.5,76,66.7,5.64,7.3,77e7b655-0564-40d5-b9c1-e5602181ba55,1,2026-01-06
0,73,1,0,0.0,1,122.0,92,33.0,6.92,5.8,fd364368-c48f-4aba-a973-06ba5a675f64,14,2026-04-05
0,84,1,0,0.26,2,190.2,102,52.6,9.89,9.8,3fa8c56e-8be6-45b5-b932-2a51f0ec89ac,19,2026-05-13
1,103,1,0,0.0,8,150.6,125,40.0,8.46,10.4,984e84c8-2cbc-413f-a428-829840dee351,15,2026-04-12
0,224,1,0,0.21,3,111.4,133,36.1,8.75,5.5,162edfaa-8d83-479f-bfb0-534b05125d8b,1,2026-01-03
0,61,0,0,0.0,2,78.2,103,30.0,9.8,10.1,c961ae23-ffc4-420a-880e-c4f5a00a39e7,26,2026-06-30
0,157,1,0,0.0,2,224.5,111,56.0,10.04,11.5,c0ba60a3-58cb-4a68-ae08-e3142fd599bb,4,2026-01-23
0,98,1,1,2.97,2,110.3,71,64.7,9.12,11.0,c17137bd-9513-468d-a089-c8e4adbbdbd5,8,2026-02-22
0,108,1,0,0.0,1,138.6,122,39.0,8.62,9.8,3bbd0cbe-8f7a-42eb-8030-fac9f7a7e172,24,2026-06-14
0,170,0,0,0.0,3,259.9,68,66.0,12.25,8.4,9867afd1-7741-46ea-a9b9-a62626f013c4,12,2026-03-24
0,161,1,0,0.0,0,105.4,70,37.0,10.74,7.8,e96b00ce-9ed5-433d-88c5-74296347ffbe,21,2026-05-25
0,67,1,0,0.34,6,260.4,107,65.4,10.41,10.0,ecdebb98-0a88-47a2-84b0-8b9f7448005d,13,2026-03-26
0,121,1,0,0.0,2,134.1,112,40.0,9.76,10.5,9fe0946e-f115-4150-957c-1cf6aa73d7a8,12,2026-03-19
0,100,1,1,2.0,0,177.1,88,65.0,8.19,7.4,4add6341-aac5-4232-a195-97e6827caf3c,16,2026-04-20
0,99,1,0,0.0,4,198.2,87,52.0,10.37,8.7,757e1924-c56c-4a49-941d-123b487f9a3a,1,2026-01-01
0,13,1,0,0.0,4,193.2,89,50.0,9.72,9.7,7aca7c27-509c-444f-a567-45c482726d67,8,2026-02-20
0,87,1,1,1.92,2,240.8,102,67.2,3.8,7.1,7d7ac596-bd21-4bd5-ab6f-8d7645f1774c,25,2026-06-22
0,137,1,0,0.0,1,109.8,120,39.0,11.53,11.9,9c9b03f3-4c44-45ea-ac9d-c61486a8bd63,1,2026-01-04
0,85,1,0,0.0,1,176.4,122,50.0,11.25,11.5,ad4cbdc2-fad0-4fdf-9303-0c5c878d3ac3,17,2026-04-23
0,51,1,0,0.0,0,214.8,94,50.0,7.49,10.2,b2558545-6e1a-4f82-bef2-1c020e9572d4,5,2026-02-01
0,131,1,1,1.81,1,174.0,118,66.1,10.27,6.7,e8e1fb17-0d30-4d97-bf06-c71546b49a4f,5,2026-02-03
0,103,1,0,0.0,0,160.2,104,40.0,6.95,9.7,a977657a-e2f4-43f6-b9d2-bd4d6457e3d5,14,2026-04-02
0,122,1,0,0.0,0,144.2,87,43.0,10.61,9.5,1b0a830a-3265-4142-86b7-56ecef341549,14,2026-04-05
0,132,1,1,2.46,1,154.6,128,72.6,12.28,9.1,593b7a95-aec3-4092-a65d-4b9a2f6ba30c,11,2026-03-13
0,93,1,1,3.05,7,152.3,90,79.5,13.38,11.3,baa49261-bdd5-4760-b9f3-7c732e5643cf,6,2026-02-08
0,106,1,1,3.32,3,197.4,125,78.2,6.17,12.3,02747155-4efa-42c9-b056-2e12f680424d,22,2026-06-03
0,104,1,0,0.0,1,225.9,123,53.0,8.14,10.1,b029abb6-10cc-4019-8142-3bfe3c27fd11,24,2026-06-11
0,134,1,1,3.0,2,208.8,130,77.0,6.65,11.1,6b17eac3-3f36-48f7-a72a-b28410ad0d72,26,2026-07-01
0,36,1,0,0.0,3,235.1,97,57.0,9.84,7.0,dc927052-3f31-4a30-8452-88b162f0ec60,17,2026-04-28
0,162,1,0,0.0,1,184.5,118,51.0,11.2,11.6,80a70fdd-a934-4b76-9847-a57d394a4573,1,2026-01-03
0,65,1,0,0.0,2,153.9,117,45.0,11.01,8.5,d3d7fbcf-fc90-4852-a15f-24c48a9e6654,18,2026-05-03
0,105,1,0,0.0,1,227.4,121,62.0,13.43,13.0,4a3214fd-6b0e-427b-b2ee-4ac79a20b408,8,2026-02-19
0,137,1,0,0.0,1,147.2,119,42.0,9.64,10.2,1b2ebab6-27fd-493e-b78b-8cf7f329c3b1,2,2026-01-12
0,145,1,0,0.32,0,39.5,78,33.2,13.22,10.0,7d486544-84c3-4a64-9f5d-211f9ffb9801,8,2026-02-23
0,120,1,0,0.0,1,252.1,110,63.0,11.31,13.8,112db82a-4339-4426-8015-2118ac3844e8,19,2026-05-13
0,173,1,0,0.0,0,172.5,78,42.0,7.13,10.9,96163d82-494a-45bf-a484-ec285eff0c23,9,2026-02-26
0,61,1,0,0.0,1,197.3,67,57.0,13.23,9.0,3a8cf593-0677-46dd-a5f9-ff4e56d2f497,21,2026-05-25
0,33,1,1,4.05,0,186.8,124,94.5,13.05,15.0,9fc841df-7364-4d23-8f9e-0e2cbbdea7ed,16,2026-04-22
0,146,1,0,0.0,1,109.0,69,42.0,13.29,12.6,e74b3ea3-c1ef-4ed8-9a80-089c2d188743,7,2026-02-16
0,107,1,1,3.4,3,198.9,87,86.0,10.35,12.6,4ae26e1e-30d1-46c9-ad69-22a057c74197,22,2026-05-31
0,142,0,0,0.0,1,140.8,140,44.0,11.43,10.9,6c51b1bc-81c3-4fa4-a59c-2c585b582d2f,13,2026-03-26
0,122,1,0,0.0,2,180.0,88,43.0,7.25,11.5,fe278ed5-cf1b-41de-b496-2f618047de4d,21,2026-05-22
0,70,1,0,0.0,0,175.4,130,44.0,7.98,11.6,a5f8472b-11cc-4824-94cc-3d18096c3503,10,2026-03-07
0,87,1,0,0.0,0,171.6,119,47.0,10.25,13.8,a5471774-53bb-42b8-b13d-a28f4c954e92,11,2026-03-16
0,69,1,0,0.0,2,167.5,76,50.0,12.11,11.4,702f8c07-4b04-4af1-a01f-4180c017c70b,26,2026-06-28
0,121,1,0,0.0,1,150.7,105,43.0,9.87,9.2,f6760ce4-3a8a-4b26-8401-52559e790dc4,15,2026-04-13
0,52,1,1,1.43,2,195.7,119,57.3,5.31,5.3,266083b0-28dc-413a-b95d-6bd3b137fb9b,24,2026-06-15
0,127,0,0,0.32,2,247.5,99,55.2,5.43,10.6,b255272d-0205-4b2a-8148-2271ab5721dc,6,2026-02-07
0,126,1,0,0.0,3,256.5,112,61.0,9.98,7.0,feadf578-9142-4d1e-8f14-6879c273cf3a,8,2026-02-19
0,88,1,0,0.0,3,215.6,115,56.0,10.81,11.8,ee997889-7723-40df-82f3-908f75584231,14,2026-04-08
0,169,1,0,0.0,1,235.7,79,52.0,6.85,13.3,421c17e2-3698-414d-9973-242f1b9c9a35,12,2026-03-23
0,32,1,1,4.4,1,266.7,109,110.0,11.62,16.3,d12decfb-01db-4189-9abb-126366acfb04,5,2026-01-30
0,112,1,0,0.26,3,189.4,83,53.6,10.95,7.1,fe12765d-7651-4395-b717-27fdabe98619,12,2026-03-20
0,95,1,1,3.05,3,283.1,112,103.5,14.31,11.3,538c6d82-4a2e-4c8c-8dc9-ffdee8848943,13,2026-04-01
0,59,1,1,2.3,2,120.9,97,62.0,10.65,8.5,d3035782-776c-4736-836d-643176d71c5b,26,2026-06-28
0,141,1,1,2.84,3,187.5,99,81.4,12.07,10.5,8b4f4266-c5a2-41ab-bafe-6e7c116fea33,8,2026-02-21
0,99,1,0,0.0,3,200.0,66,44.0,5.4,11.4,622ed52d-15e7-43ac-a562-286941a2f037,24,2026-06-15
0,106,1,1,2.86,2,223.5,104,86.6,11.76,10.6,287e4364-03b8-4755-ab88-bfe462338100,12,2026-03-20
0,97,1,0,0.0,1,112.7,119,38.0,10.89,6.5,83c00ae8-6c17-4de9-8757-764de7d64cfd,5,2026-01-30
0,84,1,0,0.16,2,130.2,105,47.6,13.9,14.0,fb1c628a-abb0-40cc-9040-a179bea56bdb,16,2026-04-16
1,105,1,0,0.0,0,281.3,124,74.0,15.08,8.7,1b1da93f-fa37-46d8-b58d-72b8e66662e9,8,2026-02-20
0,127,1,0,0.0,1,239.8,107,52.0,6.45,11.3,7db2392b-fd42-4fc9-9f2e-16bad5655835,12,2026-03-22
0,88,1,0,0.0,2,172.8,81,46.0,9.67,12.8,f68b482e-55b3-4332-8293-3e38ff4c822e,19,2026-05-13
0,78,1,0,0.21,2,162.3,116,46.1,9.62,10.1,f5acb7d9-92c0-4683-b9bf-5e1352103b21,5,2026-01-29
0,112,1,0,0.0,1,115.8,108,41.0,12.17,13.1,4cfe0708-16c1-4bc4-8976-866d74e8bab9,19,2026-05-12
0,185,1,1,2.03,1,189.8,126,67.3,8.17,7.5,8e523681-a5d5-4283-9327-e64ac1990f4a,20,2026-05-18
0,67,1,0,0.0,1,210.7,116,55.0,10.96,7.2,a8901058-005f-4a6e-8d12-a29b1cc589c5,21,2026-05-25
0,71,1,1,3.54,1,115.4,90,74.4,10.87,13.1,c0a5e5ff-3d57-43ac-a60a-0b528ba72ea4,11,2026-03-15
0,97,1,1,3.27,0,176.1,109,76.7,7.97,12.1,85a96605-4f22-464f-b2fd-0e692cd00c3a,3,2026-01-17
1,107,0,0,0.0,3,133.3,106,39.0,9.15,12.9,6bc668ed-2656-4119-9278-a978bffa6423,12,2026-03-25
0,109,1,0,0.0,2,222.5,74,53.0,8.49,9.0,87ecc884-3d80-4a57-96e8-6e3d4c81d67e,10,2026-03-10
0,125,1,0,0.0,0,224.9,102,51.0,7.19,8.0,43cb0bad-6eb6-4d9b-886c-9d36dfcebd48,5,2026-02-03
1,104,1,0,0.0,0,234.2,128,65.0,14.66,9.8,61883d63-c135-4a6e-9045-781a24ab1770,1,2026-01-06
1,21,1,0,0.0,5,92.6,95,30.0,8.1,11.3,74fadc31-9349-4868-824d-5c2b1bc66572,8,2026-02-22
0,68,1,0,0.28,1,178.7,61,54.8,12.62,8.4,dffe490b-e6f6-40f9-94ba-95cd5e421d91,18,2026-05-06
0,142,1,1,1.16,0,163.3,104,51.6,6.8,4.3,007559d8-bb92-465e-8e81-528fd34cb768,7,2026-02-12
1,121,1,1,1.57,3,198.4,129,56.7,3.77,5.8,440b9deb-5372-43d8-a630-98a4eb5ad912,17,2026-04-25
0,161,0,0,0.0,1,189.6,78,55.0,13.37,1.3,a326b8e1-921d-4464-aac9-f8ae716a8b4b,16,2026-04-21
0,89,1,0,0.25,3,115.4,99,40.5,10.5,15.9,ccd0ca5c-1268-4a06-89cb-0b5d1fe40e27,22,2026-05-31
1,121,0,0,0.0,3,167.7,94,37.0,4.69,13.4,b15777c0-fe07-464f-957d-f7c0c54d92b6,12,2026-03-21
0,51,1,0,0.0,1,183.1,99,45.0,8.01,7.0,1a40ddd1-23ff-49b7-b2e9-d96a8691c495,14,2026-04-05
0,51,1,0,0.0,0,169.3,111,41.0,6.98,12.0,f9c3d960-d6c6-4e40-9ee8-689178517c9d,17,2026-04-28
0,86,1,1,2.65,0,225.5,107,86.5,12.32,9.8,9846e669-1d3b-4271-af29-24e815e83d18,21,2026-05-24
0,139,1,0,0.0,1,165.0,132,50.0,12.49,12.6,25e6591e-7a67-4133-8447-ccf71952e083,2,2026-01-08
0,90,1,0,0.0,3,179.1,71,47.0,9.53,10.6,8ebdd59f-3c2d-4188-a0cf-5a9cfe1b1915,19,2026-05-12
0,111,1,0,0.0,2,246.5,108,61.0,10.82,12.7,6df0e2dc-f019-4811-9c91-c3c0d75f2a68,15,2026-04-14
0,50,1,0,0.0,1,131.7,108,41.0,10.83,11.0,8ee5254a-59e5-4723-9fa7-7abcffa43e02,19,2026-05-12
0,37,1,0,0.0,2,233.7,114,58.0,10.4,12.0,3aafc4de-5f59-49ea-8349-731f4d0bb158,4,2026-01-25
0,98,1,1,3.48,2,181.6,112,84.8,11.04,12.9,cd6ae51a-f7c1-4817-ac30-c6a938d97398,14,2026-04-06
0,90,1,0,0.24,1,61.3,91,29.4,9.72,11.4,4063e120-7376-4412-bed3-1579cd3718fd,23,2026-06-04
0,103,0,0,0.0,3,171.7,78,42.0,7.23,6.8,75412a60-110c-4946-b871-62959a0f4127,14,2026-04-03
0,100,1,0,0.33,4,210.9,85,67.3,16.47,9.4,71042b15-a0e4-439c-a549-c55fd1b381b8,23,2026-06-09
1,101,1,0,0.0,5,89.7,118,38.0,13.01,13.5,1f968e30-3eb5-45be-914c-4e6fade4f11d,26,2026-06-27
0,115,1,0,0.23,3,268.0,115,61.3,7.68,17.0,49fa485a-55cd-46cc-98e9-a5754d18114c,9,2026-03-02
0,163,1,1,3.32,2,231.9,56,91.2,10.59,12.3,50a51d41-7d71-4837-b14b-1ceab1759f34,18,2026-05-02
0,87,1,0,0.42,3,223.2,109,53.2,6.38,14.5,eb88547b-de6c-4901-af55-12607ece401a,8,2026-02-20
0,91,1,0,0.0,0,133.7,75,40.0,9.77,5.9,dd5d8c4c-5960-410b-b8f1-074a993decb5,21,2026-05-27
0,114,1,0,0.4,1,169.6,85,38.0,2.95,7.4,59edc268-339e-4a72-b799-4c79ede0965b,3,2026-01-21
0,37,1,0,0.32,3,134.9,98,48.2,12.42,14.7,167a659e-cb95-4475-aeeb-4e9c5f9d6810,1,2026-01-05
0,190,1,0,0.0,1,150.9,86,49.0,13.43,14.7,99238f42-698c-484f-8ab7-bfe2e6c31bd9,14,2026-04-02
0,91,1,0,0.0,3,203.1,106,53.0,10.51,12.0,0d704c54-a698-44f6-afb6-f60dc07aab93,25,2026-06-19
0,87,1,0,0.31,0,136.3,97,41.1,8.61,7.1,a028b141-8754-4f56-8282-3f14048925bb,9,2026-03-02
0,3,1,1,3.08,2,67.4,116,63.8,12.2,11.4,965301d4-e8da-45d2-b240-848ad1eb4c86,4,2026-01-22
0,142,1,1,2.38,1,224.4,114,74.8,7.3,8.8,eb6ba58d-b35e-4e3e-97ef-88f4d278dafa,22,2026-05-29
0,104,1,0,0.0,2,200.2,92,45.0,5.94,6.0,1996765b-8966-4d16-9a6a-b75c0e785b2d,10,2026-03-11
0,63,1,0,0.37,0,211.2,80,60.7,11.89,12.3,b2feeffe-0b9a-42bc-bf3e-1092c8ca6fbf,1,2026-01-01
0,83,1,0,0.0,1,208.9,71,54.0,10.74,13.0,94e48972-7e74-41ec-8717-73bd16cb8c9d,19,2026-05-13
0,96,1,0,0.21,2,160.2,117,52.1,13.38,9.3,b93ce054-5930-4fc3-b48a-04fd66281515,2,2026-01-12
0,30,1,0,0.0,3,145.0,76,46.0,12.04,7.1,8e05481c-aee8-4831-83d7-a4b4a0097375,13,2026-03-31
0,135,0,1,1.57,2,127.7,54,55.7,10.75,5.8,74d7e5ee-dd7b-48b9-84a3-b4275daa7643,7,2026-02-15
1,86,0,0,0.0,2,162.4,131,42.0,8.35,11.4,3da10ff6-80e6-4a2f-beb4-4b805c375035,5,2026-02-03
0,149,1,1,2.94,1,206.7,79,79.4,8.73,10.9,9939689e-6f0f-4965-a4f0-3f6695612772,26,2026-06-26
0,142,1,0,0.0,1,145.4,93,43.0,10.46,10.9,70c10a44-fbc6-4235-b0b3-a968aedba8d1,12,2026-03-19
0,81,0,1,2.13,1,237.1,76,84.3,13.21,7.9,edece44e-d893-468d-9480-a6ee6296c38d,7,2026-02-14
0,87,1,0,0.32,1,234.8,85,55.2,7.05,9.5,e9bcf016-7dbf-4794-a4c9-d7146e96562a,23,2026-06-04
0,79,1,1,3.29,3,103.1,90,71.9,12.15,12.2,dc93a772-56a1-4480-8fc9-af077b88ffc9,11,2026-03-14
0,56,1,0,0.0,2,164.3,92,48.0,11.69,11.8,90c503af-7c91-4c50-ae13-27f5d6569203,4,2026-01-26
0,93,1,0,0.0,0,146.3,85,44.0,10.83,11.5,3a4adda3-a49f-4079-a0e4-d8f94d000109,7,2026-02-16
0,50,1,1,2.86,1,214.3,129,90.6,14.49,10.6,7eb5ba1c-5ce0-4e15-8e97-f3c51c928943,18,2026-05-01
0,134,1,0,0.35,2,177.2,91,53.5,11.44,8.9,b852d8c0-7575-4bed-bff0-fac9844b2cda,8,2026-02-25
0,136,1,0,0.0,7,163.4,83,49.0,12.47,9.8,3824b1e8-350b-4a08-8f75-e440c6def039,14,2026-04-04
0,89,1,0,0.0,1,137.9,96,40.0,9.63,11.0,5ff7394e-f7b8-4b60-b89a-b613c9f9cb70,16,2026-04-17
0,129,1,0,0.0,1,150.0,98,46.0,11.62,12.5,2795e440-1963-4da6-834f-65ea74a6e695,9,2026-03-04
1,27,1,0,0.36,2,226.3,95,65.6,13.72,8.2,d4d77f2e-a93b-43fc-a493-bf7904bb5e0a,7,2026-02-17
0,139,1,0,0.0,1,221.3,140,52.0,7.89,11.3,9974f7d6-c7c4-4a15-bd63-93d21e2e8273,9,2026-03-02
0,47,1,1,2.24,1,172.9,109,64.4,6.88,8.3,9b1f805e-dc80-40c2-a4dc-e554dbc28e34,12,2026-03-22
1,65,1,0,0.29,4,129.1,137,44.9,11.43,12.7,1f6552d0-72f1-4143-a968-b67de38ec3f8,4,2026-01-26
0,110,1,0,0.34,1,192.6,102,51.4,8.95,9.4,dcfd8f68-0be2-43e3-8c3c-474e9e638774,6,2026-02-05
0,86,1,1,2.73,0,197.9,99,75.3,8.28,10.1,57b4333e-1c4a-4489-a092-25831f1635fc,1,2026-01-01
0,110,1,0,0.3,1,222.7,94,50.0,5.29,13.5,867fe214-27c9-4454-ab4d-2aa84e3b4799,2,2026-01-08
0,98,1,1,2.97,1,110.5,87,68.7,11.39,11.0,36d1ca79-c6eb-4955-9d61-b2e6f2d74bfc,17,2026-04-23
1,127,1,0,0.26,1,266.6,106,70.6,13.24,5.9,1fcd7134-55d3-4819-9fbc-bd6a22aa38a5,15,2026-04-09
0,134,1,0,0.0,0,244.1,99,63.0,12.35,7.2,2bb6c541-c563-4aaf-9c28-2dde1e3a1a72,26,2026-06-29
0,103,1,0,0.38,2,70.9,134,27.8,6.73,12.0,24b065fe-7f4c-49ce-aa9c-0798638e9d38,7,2026-02-16
0,86,1,0,0.42,3,190.5,115,52.2,8.98,10.1,6ce2aae7-d5b0-412d-8a7e-2416b22c5020,19,2026-05-07
1,62,0,0,0.0,0,159.7,86,44.0,9.88,13.9,f6ea6bf0-d1bb-42bd-91f6-7280f6a440eb,8,2026-02-25
0,81,1,0,0.0,2,153.5,99,43.0,9.88,6.3,332e3ec9-3364-4804-9fb8-b24bca0ff2f4,2,2026-01-14
1,125,0,0,0.3,0,298.4,78,77.0,13.53,12.2,56ab6342-675d-4c78-b9cf-abf6178d89b9,4,2026-01-28
1,71,1,0,0.0,0,278.9,110,64.0,9.51,11.7,0c634899-cd5c-4368-991e-37d18dbaa9a7,12,2026-03-19
0,133,1,1,1.81,5,239.9,107,81.1,12.69,6.7,16f36046-4221-40bc-9333-934f93bad244,19,2026-05-10
0,132,1,0,0.0,2,181.1,121,58.0,15.72,4.2,0050b3e3-c5ee-4dd1-9921-7a3891d92657,16,2026-04-19
0,85,1,0,0.0,0,209.8,82,53.0,9.73,11.3,d4401b20-ddce-4d6e-9e04-5565f13552d6,22,2026-06-03
0,107,1,0,0.0,1,260.5,108,53.0,5.12,9.8,1cb4f229-acc6-4dec-a6d7-b3942026f334,2,2026-01-14
0,102,1,0,0.0,1,129.5,56,53.0,17.71,10.9,4fa4c85c-5a41-4f21-b2a7-484b1f4d4ce9,8,2026-02-25
0,155,1,0,0.0,3,165.4,108,44.0,9.19,8.9,dc143c5a-823c-4c94-b283-9d7ce99c2ef7,17,2026-04-25
0,114,1,0,0.0,2,187.8,109,46.0,7.73,10.1,8bad05b7-6cef-4e4f-b691-e9ec7a2ef97f,1,2026-01-07
0,112,1,1,3.11,1,198.8,122,86.1,11.93,11.5,1389d760-40a7-44d4-be7c-7076bee94a32,1,2026-01-03
0,64,1,1,1.22,0,94.4,104,40.2,6.81,4.5,1bd5df71-5b0d-4be9-8182-64d24cab05b2,16,2026-04-21
0,117,1,0,0.0,0,168.8,137,50.0,12.07,15.5,3695f5fd-635a-438d-93a5-675fd0163c11,22,2026-05-31
0,45,1,0,0.37,1,155.7,110,52.7,13.02,11.0,bec80212-462e-45fd-bbf6-de3222a2d7dc,16,2026-04-17
0,128,1,1,2.92,0,222.9,136,90.2,13.1,10.8,c75958e5-31f3-453a-82a1-b8d814e5c089,3,2026-01-18
0,190,1,0,0.26,0,142.9,96,42.6,8.9,6.6,569ca774-96c2-4728-a2c3-c20637f41b4e,6,2026-02-07
0,117,1,0,0.0,2,191.1,93,57.0,14.14,12.0,04a88d3c-bb45-431e-b097-949e7358b0a8,17,2026-04-25
0,67,1,0,0.0,2,152.5,131,48.0,12.62,4.9,508eac7c-b700-414f-ae15-07204da5ecbf,3,2026-01-15
0,36,1,1,2.32,2,29.9,123,40.2,6.46,8.6,f0129b2b-0bea-44e3-a006-34bc6bbd9d74,17,2026-04-29
0,131,1,0,0.0,2,187.9,110,49.0,10.03,10.2,46752514-a52b-4ff6-aaed-b82c80606684,4,2026-01-28
0,91,0,0,0.31,3,129.9,112,40.1,8.67,11.2,edcf92c3-d8cc-45d7-a1a0-8c77410558f2,6,2026-02-08
0,105,1,0,0.24,3,115.5,73,45.4,13.37,13.3,797d56b1-e895-4340-9826-4dd3b89439f8,3,2026-01-17
0,122,1,0,0.0,1,35.1,62,22.0,9.04,12.7,ad97d117-8255-4de8-a59e-56d8cb2372a7,13,2026-03-27
0,76,1,1,2.19,1,214.6,110,75.9,10.26,8.1,b225ee3f-1aa5-4bc0-abd3-6fc8505b5413,18,2026-05-06
0,89,1,1,1.59,0,97.8,98,50.9,10.36,5.9,ca0ce7e2-8807-4a03-9a75-7f4f8d703659,7,2026-02-13
0,68,1,0,0.0,1,159.5,123,48.0,12.04,11.4,2aba0423-13a8-430e-a087-b40f9cc3dea5,4,2026-01-25
0,85,1,0,0.2,0,259.8,85,67.0,12.12,5.4,50c67a2f-5bee-41e4-85d4-3e3c96afe409,21,2026-05-25
1,64,0,0,0.0,1,346.8,55,81.0,12.48,13.3,19aea9e4-d3ac-44c9-9367-5562af301702,2,2026-01-13
0,95,1,0,0.0,1,149.2,96,48.0,13.04,8.1,2fdb29fc-49f6-469a-b78f-9fd06c061d83,4,2026-01-25
0,128,1,0,0.0,0,103.3,122,39.0,12.3,6.4,ae128b98-48e9-43c2-94f2-bd2fb3a10abd,10,2026-03-09
0,123,1,0,0.0,3,150.0,98,34.0,4.49,11.1,8894c6aa-70ca-4300-922f-bafc661eb85d,20,2026-05-18
0,54,1,0,0.0,3,134.3,73,37.0,7.78,14.7,95f055c1-3349-420a-911b-afb6601fc1e2,10,2026-03-08
0,58,1,1,2.27,0,178.1,111,73.7,11.84,8.4,6b0fb2a2-0321-40d8-91e7-ab5dfc460358,16,2026-04-19
0,85,1,0,0.0,3,222.3,132,58.0,11.58,11.0,9661ddbb-41ce-460c-9e58-84bcab9e9e05,21,2026-05-26
0,68,1,0,0.33,0,226.7,94,56.3,8.42,10.2,fdb0660e-017d-45b7-b13f-4a5fe47a188b,16,2026-04-21
0,92,1,0,0.0,0,208.0,125,53.0,9.95,8.6,17388404-df5d-4508-b2ce-b7a989badd2e,16,2026-04-21
0,59,1,0,0.19,1,153.6,92,45.9,10.28,12.5,7f0c0451-3f52-4bcc-a7ec-1565c8e84541,5,2026-02-03
0,132,1,0,0.0,0,99.5,110,28.0,6.46,9.7,d2902fbf-ffff-443e-9099-6e03f274a99b,16,2026-04-21
0,75,1,1,3.05,2,121.5,97,74.5,13.57,11.3,8ea4b519-a422-4cf4-baa0-1e87572ab404,2,2026-01-08
1,93,1,0,0.24,1,271.1,101,69.4,11.87,8.4,47bec7b8-5c05-4501-92da-c395983e1b49,24,2026-06-17
0,57,1,1,3.19,1,201.2,76,90.9,14.01,11.8,55f76b94-2489-419e-b0e5-0d9866c2534c,17,2026-04-23
0,79,1,0,0.31,3,156.9,109,41.1,6.11,11.3,2de1d11a-a6da-42cf-bbf6-0934d6394bca,12,2026-03-24
0,139,1,0,0.0,2,271.6,130,60.0,7.8,11.6,6a1298c0-36a6-438f-b2de-e064153b6270,6,2026-02-11
1,70,1,0,0.0,0,232.8,95,66.0,15.17,12.9,c9416859-c286-4bc6-a296-95e84a775774,25,2026-06-18
0,71,1,0,0.23,4,258.4,132,57.3,6.34,9.7,af6909ff-429e-4ba9-854c-89940cf9cc1b,15,2026-04-11
0,103,1,0,0.0,1,141.3,123,46.0,12.68,6.4,60dbf1b4-689a-4490-a6bb-84e48644e0fb,1,2026-01-06
0,54,1,0,0.16,2,159.8,99,51.6,13.2,9.7,babd9efc-375c-40e6-97a5-4c3261621152,26,2026-06-29
0,129,1,1,2.51,3,177.3,95,74.1,10.59,9.3,ffd5da23-2e87-4501-a29e-938680eddadb,4,2026-01-26
1,56,1,0,0.16,4,162.3,99,42.6,7.46,14.8,264bf34c-08af-484c-b539-4e525eedcead,10,2026-03-05
0,94,1,0,0.0,4,181.8,85,49.0,10.12,9.2,62526d6c-5add-4af8-933b-eb6615d90ce5,9,2026-02-28
0,140,1,0,0.0,2,235.5,81,62.0,12.86,11.5,3c540bf4-748d-4a53-bbe1-734d491b5767,16,2026-04-19
0,27,1,0,0.16,1,236.7,110,61.6,11.6,12.7,d53b8536-829b-4810-9e81-4045230c161f,18,2026-05-01
0,106,1,0,0.0,1,274.4,120,64.0,9.93,6.0,69912cbb-5e89-42fe-87ae-4a9ac1b9405f,5,2026-02-02
0,91,1,0,0.0,3,231.8,120,53.0,7.53,11.6,eb6e956f-9a1f-463f-ba87-e4282cab4df2,26,2026-06-30
0,136,1,0,0.0,0,109.4,91,37.0,10.38,11.6,986ea285-4486-47be-a185-bf0cd5b4115b,22,2026-05-30
0,75,1,1,3.62,2,118.5,86,75.2,10.7,13.4,4674fd87-5d11-494b-a3bb-6884491347a8,3,2026-01-21
0,127,0,1,2.81,1,95.9,117,58.1,7.98,10.4,6dec0902-b712-4572-9a07-2db361eddf52,10,2026-03-11
0,17,1,1,2.19,1,198.5,123,78.9,13.53,8.1,1cdcb8e7-9685-42ff-bac5-32c38940b3d8,16,2026-04-22
0,6,1,0,0.0,3,226.5,93,52.0,7.61,9.4,c852e83c-e968-4bdd-ae48-5b1428056310,1,2026-01-04
0,77,1,0,0.0,2,144.9,136,38.0,7.57,12.3,248c915e-59f4-4a14-ad1b-f7c274f1e6c9,14,2026-04-04
0,11,1,1,1.62,3,190.6,86,68.2,11.01,6.0,a39cce07-15cd-4c41-980c-3ebbffb2ad41,11,2026-03-16
0,116,1,0,0.0,0,201.8,82,54.0,11.58,16.5,2374667d-4cf3-4be6-a86c-1970c45b3a43,9,2026-03-03
0,117,1,0,0.0,1,97.1,98,36.0,11.4,10.6,c48a4ad6-1e3c-441d-80ed-f1cddb9cefa1,14,2026-04-04
1,136,1,0,0.45,1,269.8,106,70.5,11.44,10.1,48edb60c-36a4-4efd-a242-eed32324500f,14,2026-04-05
0,121,1,1,1.73,2,110.0,94,48.3,7.08,6.4,79aab6bb-69a4-453d-a43c-53f4079a1dc9,22,2026-06-01
0,86,1,0,0.0,4,226.3,88,58.0,11.15,13.0,1a252dac-8855-445e-b27c-efaeacff9459,8,2026-02-24
0,68,1,0,0.0,2,222.1,107,55.0,9.97,9.4,8de40535-4e80-4068-bbc2-fe109f7ef12f,20,2026-05-17
0,132,1,1,1.92,2,113.2,96,62.2,13.5,7.1,5e0428c4-a8f7-41d0-883f-d74afb8e869c,19,2026-05-11
0,63,1,0,0.0,0,185.3,87,51.0,11.27,11.7,24190674-2a20-410a-9b6a-c9b8c6311014,5,2026-01-31
0,112,1,0,0.29,0,194.4,101,52.9,9.52,11.4,4d9fc728-2965-41f1-9e41-163e80f7d365,6,2026-02-09
1,94,1,0,0.0,3,271.2,105,64.0,10.13,11.5,8a992950-17dc-460a-acfb-baa373dd1a30,6,2026-02-05
1,60,0,1,3.78,0,265.9,113,101.8,10.79,14.0,2d733da6-0c79-41c7-a0d7-f177d16d6f32,22,2026-06-01
0,142,0,1,2.65,0,191.1,109,72.5,7.48,9.8,7617779b-1681-4d06-8dfa-bef151541c7e,1,2026-01-06
0,84,1,0,0.0,1,75.3,96,29.0,9.0,12.3,a58e31f5-1a23-43a6-8f1d-30e9de3b2f18,10,2026-03-07
0,148,1,0,0.45,1,185.2,87,50.5,8.52,9.5,2089cae5-7190-4793-8145-a20c46c569a5,11,2026-03-16
0,87,1,0,0.29,1,228.7,90,55.9,8.15,11.8,e1ec221e-b2ea-47b9-9fd1-0a99d223a539,1,2026-01-04
0,38,1,0,0.0,0,149.0,92,30.0,2.46,13.9,2fa6426f-e16d-4a55-bf00-211e51a6b717,12,2026-03-20
0,112,1,1,3.59,0,60.6,113,60.9,8.3,13.3,8fdb98a0-b627-43d9-8803-70ad11d84614,20,2026-05-14
0,145,1,0,0.0,1,229.6,82,51.0,6.91,3.3,cc53b692-ddfa-4398-9dd7-2385849459af,17,2026-04-28
0,103,0,0,0.38,3,62.8,124,29.8,8.52,9.4,e9a9fe76-9ae7-450b-9387-663fb7211ce2,17,2026-04-23
0,145,1,0,0.0,1,199.2,124,45.0,6.3,7.6,eeffdb9d-99ae-4bc6-ba32-e3ee2fedc558,14,2026-04-04
0,118,1,0,0.0,2,154.6,112,42.0,9.21,12.6,43dd34ba-768c-4a1b-ae07-5935e5f20fc6,26,2026-06-28
0,204,1,0,0.0,3,205.2,145,49.0,7.74,14.1,be7ace08-1fbf-467e-87d2-c67d86790742,9,2026-03-03
0,120,1,0,0.0,2,177.2,88,54.0,13.52,14.0,39d40f03-efe2-4fa7-a80d-1c1fb548e4de,12,2026-03-20
0,119,1,1,2.16,2,217.1,92,77.6,11.04,8.0,dbcfe885-3327-4eea-828a-aa6af4a1bcd1,20,2026-05-16
0,100,1,0,0.21,2,235.8,130,58.1,8.8,7.3,11ae7a44-8ba4-4e54-9a83-8e9add1a1b6d,4,2026-01-26
0,183,1,1,2.35,2,86.5,119,62.5,14.26,8.7,b39e0ccc-12d3-477e-a000-5bae99b3725e,26,2026-06-28
0,66,1,1,2.4,1,174.7,92,74.0,11.61,8.9,e7196fed-fbab-4581-893c-06c579f4c437,25,2026-06-22
1,121,1,0,0.0,3,255.1,93,67.0,13.35,8.8,d85ec953-c64a-4634-aa95-2a814e081bfd,7,2026-02-13
0,100,1,0,0.0,1,166.0,102,49.0,11.81,10.9,7f17ab2b-1989-4006-b295-ee98b1ef4f75,19,2026-05-13
0,168,1,0,0.0,1,128.8,96,31.0,5.25,11.2,61434cc7-ce4c-4857-9795-cccfcd59c935,10,2026-03-11
0,169,0,0,0.0,3,57.1,98,27.0,9.99,6.5,ce016f17-475f-4098-acc5-10fc7b37d011,22,2026-06-03
1,53,1,0,0.31,0,261.2,119,69.1,12.54,9.8,e52f9823-634b-40d3-b64f-50a4a67e5538,17,2026-04-28
0,73,1,0,0.41,1,157.6,92,48.1,9.92,9.1,c7c03864-c4c1-4fbf-a98d-cba256ea8192,10,2026-03-09
1,66,1,0,0.0,1,167.3,91,48.0,11.5,10.6,6c85c15f-8150-4dcf-8dba-ed6cb0a4db53,3,2026-01-19
0,115,1,0,0.0,2,146.7,128,34.0,5.31,11.1,80e88fa2-d2c9-4819-982d-36d33d88af46,3,2026-01-20
0,122,1,0,0.0,2,119.3,93,40.0,11.2,8.7,d2b98251-decb-406f-ac24-807a9a438302,17,2026-04-23
0,120,1,0,0.0,2,198.8,56,54.0,11.51,9.9,c2106325-c902-48ef-a197-7e29c945b532,20,2026-05-20
0,111,1,0,0.0,0,197.1,117,53.0,11.39,9.3,bc8d551a-351b-4d3e-8a55-7afaef20ff1c,7,2026-02-16
1,147,1,0,0.0,0,274.0,92,67.0,11.59,6.2,cbd906ca-add0-461e-b423-ef3894773ac2,1,2026-01-01
0,92,1,0,0.0,2,139.8,98,39.0,8.75,9.4,f06f2de0-f887-4b72-be04-d43668b8b90f,13,2026-03-31
0,85,0,0,0.0,2,216.0,73,53.0,9.41,3.6,d59a87a3-b598-4f33-aeb3-8834adc7b734,21,2026-05-22
0,142,1,0,0.0,2,84.8,95,27.0,6.84,14.2,fd76378d-ee4f-4f38-ada4-7237c8b8cd74,10,2026-03-05
1,91,1,0,0.0,1,153.0,123,38.0,7.06,10.3,f364399b-fbdc-4497-b1dc-6623f548cf2c,6,2026-02-07
1,78,0,0,0.0,1,236.8,141,63.0,13.27,9.5,cedb3086-7b9a-4595-8c76-2a9cf2a1e07d,6,2026-02-06
0,129,1,0,0.0,2,198.4,91,57.0,13.24,9.2,342de354-7297-4155-9e08-192920556504,18,2026-05-06
0,108,1,1,2.57,2,169.8,136,69.7,8.69,9.5,9f71103e-105e-4907-9326-c51fff9e83be,20,2026-05-19
0,67,1,1,2.59,1,104.9,65,62.9,10.82,9.6,246172d4-783a-4a12-a6b5-5c3b4e9a8238,15,2026-04-10
0,124,1,0,0.0,0,178.4,72,51.0,11.68,12.0,95cd9bf0-fc75-45da-8f3a-71a4e2c5591d,11,2026-03-18
0,130,1,0,0.0,3,155.9,95,49.0,12.81,11.7,36b680ae-6afd-4644-aed1-8fcd54a90bf7,1,2026-01-03
0,169,1,0,0.0,0,100.8,112,37.0,11.5,9.5,7fffb861-c174-49f9-abed-aee479d88c3c,23,2026-06-10
0,59,1,0,0.27,2,166.3,95,51.7,11.97,10.0,54d94a9b-7790-480c-bea8-46632e02bddd,20,2026-05-14
0,75,1,1,2.48,0,214.1,62,78.8,10.05,9.2,3f8ceccd-bb39-4922-b911-666e25511c37,26,2026-06-27
1,40,1,0,0.0,6,81.7,123,32.0,10.51,11.3,a35ebd74-b947-4183-84cc-75bcb3297518,2,2026-01-10
0,133,1,0,0.0,4,221.1,133,52.0,8.01,8.4,6558ee82-4674-4f06-a6d6-d8f00cdf1f22,1,2026-01-05
0,176,1,1,1.94,1,283.2,130,81.4,8.13,7.2,9e86f82b-7feb-488f-b9c0-ffae619c4f62,22,2026-05-31
0,106,1,0,0.0,1,169.4,107,46.0,9.86,10.7,d8e5aed2-2fc0-413b-ad3f-b01698819f46,20,2026-05-18
1,120,1,0,0.0,1,212.1,131,54.0,10.47,5.3,cfb56095-6bb1-48dd-abf8-7b28700782f3,25,2026-06-21
0,63,1,0,0.19,0,180.5,126,52.9,11.5,10.6,b6d4f844-30f3-435e-9510-e95d0d0b2d29,19,2026-05-10
0,113,1,0,0.0,3,92.6,85,31.0,8.88,14.4,2a6ea547-dd5a-4a6d-bc8a-89d30e1552c1,2,2026-01-13
0,79,1,1,1.7,4,264.3,79,80.0,10.14,6.3,1b493fe0-aebf-4e11-af87-cc8b56f88183,24,2026-06-17
0,110,1,0,0.0,2,241.2,105,56.0,8.72,8.5,15e0bcec-28a9-4e3c-9421-873a68fa75fe,19,2026-05-10
0,17,1,0,0.0,1,161.5,123,46.0,10.71,8.6,3000390d-7ea4-4cd1-8d08-f5a5dfe3e838,12,2026-03-25
0,177,1,1,2.81,1,230.2,106,84.1,9.81,10.4,edaa74d3-c524-4aac-9903-c41bcddeb95d,10,2026-03-06
0,65,1,0,0.0,1,213.4,111,57.0,11.73,2.7,49cd7d38-20ea-4202-bbc7-ee9df88058cf,9,2026-03-04
0,118,1,0,0.0,2,113.0,80,32.0,7.51,10.8,4eb80180-c54e-45d9-bc39-961c947244ad,15,2026-04-11
0,70,1,0,0.0,1,222.8,114,57.0,10.8,0.0,5ae50fd5-dea5-4257-8e9d-905d33950bd3,11,2026-03-14
0,136,0,0,0.0,2,183.4,103,44.0,7.1,10.4,cc87b688-d442-4502-a8d7-c5dc604ebd76,3,2026-01-17
0,105,1,0,0.0,2,166.1,93,44.0,8.8,16.2,abba3e8f-fcb4-4630-bce2-07f1dedcfb5a,2,2026-01-09
0,97,1,1,1.81,5,183.4,94,73.1,13.46,6.7,72327d29-b6dc-4ca4-9d40-eb7eb231d6df,21,2026-05-23
0,48,1,0,0.0,1,188.4,63,47.0,8.3,13.2,39ff5bfc-7546-432c-92db-3ef80517975f,22,2026-06-01
1,98,1,0,0.0,1,165.0,129,46.0,10.13,12.5,17f175b3-b67d-4065-a139-b98650aac00c,6,2026-02-07
0,3,1,1,3.21,2,118.1,117,71.1,11.08,11.9,c9e690af-10b8-422f-a6bc-584e53725ee7,24,2026-06-12
0,106,1,0,0.26,1,187.1,104,56.6,12.51,11.0,2c38e0e2-cd12-463e-984c-ae0ae34cdb4a,14,2026-04-04
0,111,1,0,0.0,3,146.2,55,48.0,13.08,8.7,3f275084-680c-4741-bffb-90ef15a47dfa,14,2026-04-05
1,71,0,0,0.0,4,186.1,114,49.0,9.93,13.8,a2d00429-5ab2-4636-a672-2857fcf70f9e,7,2026-02-18
0,16,1,0,0.0,1,153.2,65,46.0,11.49,10.7,ae557512-40d1-4e0b-b777-dd735e3e47c9,10,2026-03-10
1,112,1,0,0.0,5,111.9,92,29.0,5.7,14.1,3bf7fc99-d99a-44fc-8609-f8a8170d0af9,9,2026-03-03
1,100,1,0,0.32,0,278.0,76,66.2,8.84,8.3,8a37d539-eed6-4eff-b7a2-41d2184033b0,26,2026-06-27
0,83,1,0,0.0,2,134.8,96,38.0,8.36,7.7,ec310a4f-1a5e-4f23-9050-4e77c1ec9392,12,2026-03-19
0,82,1,0,0.0,4,200.3,96,52.0,10.06,7.1,97d7defd-2792-4fd1-b93a-344a9ae20453,17,2026-04-27
0,66,1,1,1.92,3,88.8,104,44.2,5.48,7.1,6e893f40-b46f-4fb4-9bf3-395dc125812b,18,2026-04-30
0,74,1,0,0.0,0,155.7,116,42.0,8.69,8.1,47587c68-93c1-4155-abd1-8720df250388,20,2026-05-17
0,62,1,0,0.0,3,186.8,94,50.0,10.38,8.8,5658838b-9d5d-4902-a624-e6eab059186d,24,2026-06-11
0,86,1,1,2.27,3,157.2,118,66.7,9.82,8.4,044dba8d-4239-443a-9088-1b85806f2ab0,11,2026-03-17
1,133,0,0,0.0,0,254.7,103,65.0,12.61,8.0,f002ccf0-27f3-4a0c-bfef-56077069ecc1,5,2026-02-04
0,170,1,1,3.51,0,178.1,130,86.1,12.14,13.0,4b98171a-cf13-4b5c-bbdb-14696df03426,1,2026-01-01
0,1,1,0,0.0,0,123.8,113,42.0,11.81,3.7,19c38520-a014-421e-a206-c6ced4945c77,6,2026-02-09
0,111,1,0,0.0,3,99.3,112,40.0,13.53,9.0,94f84095-1b6e-44c8-8776-13a2172f1f68,10,2026-03-05
0,65,1,1,2.65,0,224.2,106,81.5,9.48,9.8,0577a198-6534-4918-b1bc-aeba697e5feb,22,2026-05-30
0,136,1,0,0.0,2,92.4,109,35.0,10.95,12.9,7ad242c0-6d6d-4d7f-9df8-8495dfb18aa6,9,2026-03-01
0,94,0,0,0.0,4,243.2,109,54.0,7.35,7.2,b88388a8-1ede-4132-a4d7-3b6d68d0d8b0,10,2026-03-05
0,64,1,0,0.29,1,162.6,83,43.9,7.62,14.2,ead78822-23ec-4cd0-a83a-839d01b68bab,14,2026-04-03
1,126,1,1,3.46,4,153.4,90,73.6,7.57,12.8,16b23631-f185-49d7-af4f-c762ca2a52ff,11,2026-03-13
0,78,1,0,0.0,1,191.7,122,54.0,12.07,9.1,d3ad6c46-3279-4fc7-8512-dbefa09e2249,2,2026-01-11
0,136,0,1,2.43,2,85.2,98,59.3,11.52,9.0,6bcc0f29-0edc-42e6-a343-f6bfb1bac562,15,2026-04-15
0,138,1,1,2.13,0,19.5,149,37.3,7.05,7.9,7007beed-429e-4ead-b391-b0020d52169e,2,2026-01-14
0,141,0,1,3.02,0,258.6,84,93.2,11.1,11.2,3e0b57b0-84e2-4360-a097-e4a3d67eb9eb,9,2026-03-01
0,166,1,0,0.0,0,173.9,103,54.0,13.82,15.3,3d29baad-9ee0-4727-a0a3-c0de645a8b4a,5,2026-01-30
1,127,0,0,0.0,2,242.2,102,61.0,11.31,13.9,c378abd5-e478-4c4c-855f-c33f1dbd5680,5,2026-02-04
0,32,1,1,2.43,1,243.5,137,86.3,11.84,9.0,bf2edf54-7d40-4ad4-8ef2-324a0d4ffbdc,24,2026-06-14
0,75,1,0,0.0,1,143.2,92,43.0,10.46,11.9,648f383e-baf2-4efd-be95-778322645719,1,2026-01-05
0,125,1,0,0.3,2,169.3,90,46.0,7.8,11.6,cf11f1dd-225a-4833-905b-1c01268fe670,12,2026-03-24
0,71,1,0,0.32,3,185.0,84,55.2,11.63,14.9,20e7e447-a232-4112-b436-1d0144192d42,18,2026-05-03
0,46,1,0,0.0,2,124.8,133,35.0,7.87,8.6,98c85566-9e0c-4d75-b43f-30ca59cda264,12,2026-03-19
0,110,1,0,0.0,1,227.7,88,54.0,8.5,11.7,6cddb0e0-e7a8-437d-bf55-daef3701e5ee,22,2026-06-03
0,52,1,0,0.0,3,148.3,83,41.0,9.08,8.3,449adafd-a39d-429e-a395-581bef25c189,9,2026-03-03
0,149,1,0,0.0,1,140.4,94,47.0,13.59,11.1,c216a641-0427-43e0-bb4d-9932507117b9,19,2026-05-12
0,85,0,0,0.0,2,165.4,107,45.0,9.8,9.6,aaace6cc-6207-47ff-9f6b-b8dd2528becd,13,2026-03-30
0,124,1,0,0.0,3,234.4,61,56.0,8.97,10.4,a16edf8e-42e1-4137-9da6-5199f1b6e71d,6,2026-02-11
1,50,1,0,0.0,5,131.1,129,36.0,8.03,5.6,86b9b20e-b6a9-49d7-871f-9ab3f134ce39,13,2026-03-30
0,108,1,0,0.0,3,201.1,101,49.0,8.54,11.6,909eb932-cec6-4432-8cbe-e16c44d609ef,21,2026-05-26
0,23,1,0,0.0,6,190.2,89,47.0,8.32,15.0,314d5990-60d2-4ca2-bbce-f3b6d1b790b2,6,2026-02-09
0,70,1,0,0.31,0,177.4,125,53.1,11.31,10.9,008049c8-101d-4e74-9881-fad8e48d30f6,11,2026-03-13
0,90,0,0,0.0,1,221.8,97,56.0,10.19,8.4,ae7356e9-1766-45a3-965e-6eef4faa518b,6,2026-02-08
1,115,0,0,0.0,3,251.3,69,65.0,12.63,9.9,51023eff-d2f9-4f8b-9953-4ec9389c9722,15,2026-04-14
1,127,0,0,0.0,4,143.2,60,40.0,8.98,6.2,c9baf3ae-ed02-4c04-a892-0f66f1755ef6,2,2026-01-14
0,105,1,0,0.28,2,125.4,116,46.8,13.08,11.4,97476e58-8620-413f-97cd-a52311254a0b,5,2026-02-01
0,113,1,0,0.0,3,132.1,72,44.0,12.38,6.9,fb8f6530-e40f-4574-a523-3f5308aaf033,26,2026-06-28
0,87,1,0,0.0,0,204.8,101,49.0,8.05,9.5,09dd7d01-41a0-4c33-ab0e-830896d4a99c,18,2026-05-05
0,62,1,0,0.0,0,100.0,98,32.0,8.68,10.1,9581318f-5f0c-47d7-80ef-1909bb3b6add,24,2026-06-15
0,88,1,0,0.0,1,218.2,76,52.0,8.47,8.0,d4310f74-bb93-4f64-83c0-24e65557f041,14,2026-04-07
0,109,1,0,0.0,0,184.0,120,42.0,6.02,11.0,0cfab84a-cf53-47de-a9c1-d23c7175721e,4,2026-01-23
0,131,1,1,3.43,1,170.8,145,84.3,11.84,12.7,47b23a7f-3c18-4d75-9a34-1b45f4de7d58,9,2026-03-04
1,138,0,0,0.0,2,286.2,61,65.0,9.36,11.0,0bb55521-6b81-4188-b46e-df8359b20443,21,2026-05-23
1,121,1,0,0.0,0,170.4,108,59.0,17.53,11.2,653c22e3-1c43-4457-916d-902b8ed3d7e3,22,2026-06-02
0,111,1,1,3.27,1,193.1,104,75.7,5.58,12.1,18371a11-6cf4-4e00-a52c-13ed13163471,21,2026-05-25
0,40,1,0,0.28,0,242.5,82,64.8,11.65,9.6,56e1449e-4ac4-4298-b862-ecfedc26791f,8,2026-02-22
1,76,0,0,0.0,0,246.8,110,60.0,10.32,13.2,d29977f4-a74c-4a46-9bc2-6cb1486c64af,15,2026-04-14
0,67,1,1,2.7,2,95.0,94,68.0,14.56,10.0,78058023-2111-498d-820a-e6da9790f549,15,2026-04-14
1,139,0,1,3.62,1,203.5,82,88.2,10.02,13.4,d006356d-6b5a-4d61-a37c-d14352a1ae92,26,2026-06-28
1,110,0,1,2.24,1,267.9,103,90.4,13.17,8.3,861269b9-ae06-4888-8254-b0943bf9dd65,6,2026-02-08
0,35,1,0,0.32,2,149.3,113,49.2,12.11,8.9,032c38b8-fe6d-4b8f-b2e1-e31e1a5e4875,26,2026-06-28
0,131,1,0,0.0,0,112.8,133,37.0,9.97,10.1,2953a39b-fbfd-4e34-9b71-f4c6bfbfa61f,20,2026-05-14
0,97,1,0,0.27,3,144.2,91,46.7,11.34,13.8,d3b697bd-d3e5-4e65-87e7-c7da779a24ca,10,2026-03-08
1,101,1,0,0.0,3,269.7,85,64.0,10.38,4.5,81043c93-944b-4e7a-8c47-233e2b03d2e6,20,2026-05-15
0,67,1,1,3.92,1,129.6,107,81.2,11.65,14.5,3976f98f-aacf-4695-ba27-b049486d7e96,26,2026-06-28
1,112,1,0,0.0,4,174.3,123,42.0,7.01,9.0,b59b8bf5-ecbc-4711-95bd-3529e3f693b3,6,2026-02-11
0,90,1,0,0.0,1,246.4,83,56.0,8.02,7.6,32737e71-6df5-4007-adf1-f73ae74fefd6,3,2026-01-15
0,72,1,0,0.0,0,253.0,73,62.0,10.97,9.8,7ac1eac1-8b96-4ad5-b0b3-5faf8e250e02,16,2026-04-21
0,85,1,0,0.0,1,102.0,95,41.0,13.51,10.7,373b2971-ee55-466f-8bb3-b00390fa5481,23,2026-06-06
0,116,1,0,0.0,2,167.8,119,41.0,7.1,7.3,1bfab72d-3fc8-4915-bcc2-9afe6a284d5a,5,2026-02-02
0,79,1,1,2.46,1,167.9,114,74.6,12.19,9.1,db02f82d-3a3c-4c45-8592-267dec472eb6,23,2026-06-04
0,132,1,0,0.0,0,214.6,78,58.0,12.59,13.9,24c2b15c-ba8f-4943-965a-3798ae0ab122,24,2026-06-13
0,79,1,0,0.0,1,220.9,107,54.0,9.61,12.2,7f423cf3-665d-40f4-a4ea-4e01c7d8310a,23,2026-06-06
0,68,1,0,0.11,3,222.8,99,54.1,8.79,11.0,3d915cc2-f7f2-49cf-bf77-52472d1fc813,6,2026-02-07
0,70,1,0,0.0,2,208.7,97,59.0,13.78,8.0,0537656b-bb73-4bd0-8e58-8f447c395511,14,2026-04-07
0,76,1,0,0.0,1,143.7,55,40.0,8.66,5.8,2f2bb6b9-3cb7-4686-bca2-0e6b74551fbe,23,2026-06-04
0,77,1,0,0.0,3,185.9,95,50.0,10.6,11.3,288379d5-9b3f-4045-a899-749625029f82,5,2026-02-02
0,123,1,0,0.0,3,260.9,85,59.0,8.43,13.3,9cfd0af9-30eb-4ce9-a20c-e94e5cc0e39a,13,2026-03-27
0,113,1,0,0.0,2,159.8,143,46.0,10.51,13.1,3899ca63-f565-45bb-acb7-51d412fbe137,10,2026-03-07
0,120,1,0,0.0,1,134.8,94,41.0,10.21,6.7,83836797-1515-4f63-ad69-252983001f61,2,2026-01-10
1,95,0,1,1.11,0,220.2,109,65.1,9.27,4.1,3f05a192-e881-4034-afcd-696dc90ca6cb,1,2026-01-05
0,101,1,0,0.0,1,190.7,72,51.0,10.43,8.8,fb1b8f22-c8d5-454a-8ceb-3ea03c5b43ce,18,2026-05-03
0,111,1,0,0.26,2,142.3,75,37.6,6.14,12.8,364a5d7e-4c3a-42c8-be68-012d7bb5a6de,11,2026-03-15
0,141,1,0,0.0,0,146.5,121,40.0,8.5,8.2,685e6d25-35dc-4e35-970b-a23f3165fcb9,14,2026-04-07
0,88,1,0,0.0,2,202.2,86,53.0,10.84,11.8,dc954007-2dc5-4c89-ab2d-13db5f417e02,17,2026-04-28
1,106,1,0,0.0,2,210.6,96,57.0,12.46,12.4,b3a6e1d5-9740-49b2-a19b-4cb658c63f81,6,2026-02-07
0,101,1,1,3.51,2,114.1,95,69.1,8.08,13.0,fa6b848b-0c70-47b9-bada-e4fd773aa9f8,21,2026-05-21
0,140,1,0,0.0,1,125.3,84,36.0,8.38,8.4,0e5cdb7f-5d38-43c4-837f-c398379dadcd,23,2026-06-08
0,114,1,0,0.29,1,84.7,118,38.9,12.5,14.5,1bfcd65b-84c7-42ce-814d-95f752aa39c1,7,2026-02-16
0,67,1,0,0.0,0,201.4,101,43.0,4.88,7.0,89826a6a-49b3-4405-ba2e-d2634d344d1c,16,2026-04-19
0,99,1,0,0.0,0,142.3,89,42.0,10.23,9.1,1ac24003-75ac-4e15-9a0a-4a3ed31ecfab,26,2026-06-29
1,106,0,1,3.89,1,270.3,111,103.9,10.76,14.4,fe940f8c-5a1a-42cd-a14d-f5c30f2ee96d,3,2026-01-15
1,24,1,0,0.0,2,149.0,73,37.0,6.55,8.6,66e969c4-9e2f-4251-b6a1-7bcb5e9d7766,23,2026-06-06
0,134,1,0,0.0,2,7.8,86,16.0,8.57,12.9,ed678518-7431-44e1-a9ca-cad3977d51d5,20,2026-05-16
1,140,1,0,0.0,4,120.3,108,41.0,12.02,7.7,6c186876-533f-4368-b983-a9341a01acd6,1,2026-01-05
0,75,1,0,0.0,0,150.6,99,52.0,15.08,8.1,f3308935-524b-40fe-a4f5-7ecee2a0cb0b,23,2026-06-06
1,128,1,0,0.0,1,227.9,130,65.0,15.13,5.5,47725b4d-5e57-4b19-b130-33f964327843,7,2026-02-16
0,62,1,1,2.75,0,137.3,95,66.5,9.21,10.2,460c2466-de5d-436d-ad7c-0b4a0bb992e8,10,2026-03-09
0,134,1,0,0.31,1,178.0,110,47.1,7.69,11.7,1600ed0d-b2ab-4c0f-8a92-aa0aa766c540,11,2026-03-17
0,144,1,1,2.7,1,219.9,102,84.0,11.11,10.0,f098f9f0-8794-48d1-9979-d02c703e920f,25,2026-06-22
0,117,1,0,0.26,2,214.4,94,51.6,6.9,9.9,09262f82-66c9-4979-8e72-52362dff4bf4,19,2026-05-10
0,151,0,0,0.26,0,198.7,70,54.6,10.48,12.4,6032c30b-f105-4412-aba1-61ceb208940c,23,2026-06-04
0,71,1,0,0.0,1,277.5,104,59.0,6.59,8.2,e4297777-bc02-4e30-99ea-a75ad9277772,14,2026-04-05
0,101,1,1,2.73,0,121.1,116,64.3,9.32,10.1,973e862f-5ee7-438c-82fe-381a03ea4678,17,2026-04-25
0,100,1,1,3.13,1,215.9,90,90.3,12.9,11.6,a708d005-a54b-4408-b5aa-50a4b0d7fa75,24,2026-06-13
0,137,1,0,0.21,1,104.7,115,42.1,12.49,8.9,5549af7a-a295-4214-8e46-6daee7363670,6,2026-02-05
0,27,1,0,0.0,1,227.4,67,60.0,12.4,7.8,4a169dc1-dd97-4521-9c1c-aa6a10abf393,4,2026-01-26
0,93,1,1,3.11,1,166.9,101,83.1,13.66,11.5,625c4f0e-7658-41b1-94df-11f4445828ea,7,2026-02-12
1,82,1,0,0.0,3,189.2,81,48.0,9.22,10.6,c530a2a5-e663-41dd-af42-c260a1a15f23,4,2026-01-27
0,98,0,0,0.0,1,12.5,67,24.0,12.83,7.7,8b2438ef-7341-4a17-96d5-dc59d7e68aea,10,2026-03-10
0,104,1,1,3.59,4,280.2,136,102.9,11.03,13.3,6c913e2a-118c-45b3-9668-4335d335ff6c,22,2026-05-28
0,121,1,1,2.59,1,215.5,95,83.9,12.09,9.6,f336e828-e673-45b0-ab15-bb7714e94527,2,2026-01-11
0,142,1,0,0.35,2,187.0,133,47.5,6.73,7.4,9fd93f80-c9ef-4e68-a809-7b26f038c0e4,11,2026-03-15
1,170,1,0,0.0,1,285.7,44,63.0,8.38,8.7,b325ef6d-6ef5-41b0-9c7e-8ef11cdc9695,15,2026-04-14
0,148,1,1,3.32,1,252.9,129,101.2,14.22,12.3,4bfbf25d-2b69-493d-87bc-2dcdc6e3bf6e,6,2026-02-07
0,54,1,1,3.13,2,92.3,88,64.3,9.66,11.6,2c9f549f-badb-4013-b016-be1c7de794b8,20,2026-05-14
1,145,1,0,0.0,1,224.2,89,65.0,15.75,16.1,45c353ba-6388-4d9b-877f-d0f479abd76f,4,2026-01-23
0,62,1,0,0.0,1,281.0,66,62.0,8.03,0.0,aa922d47-cef2-49a9-8a87-3b4b6e604033,7,2026-02-16
0,104,1,0,0.0,0,130.5,77,34.0,6.56,13.0,ade50682-f3e0-491d-8dc0-1d1490ca2a7d,13,2026-03-31
0,111,1,0,0.33,0,181.8,117,48.3,7.91,9.7,02a41c87-f8a5-4386-9d29-106ea7faf32e,7,2026-02-15
0,135,1,0,0.0,1,194.8,97,54.0,11.77,11.0,953928c9-e291-4d65-921d-06e7fb78727b,16,2026-04-17
0,76,1,1,2.7,1,189.7,66,78.0,10.64,10.0,fea4ca48-22ef-43df-9b50-d4a803ec91a2,20,2026-05-20
0,93,1,1,1.84,2,138.1,91,56.4,8.37,6.8,c7f7757e-ee76-4a66-a8e4-68c9fcaa19cb,21,2026-05-21
0,89,1,0,0.0,1,179.7,128,57.0,14.99,7.6,a423934d-c296-4ec1-9894-60bcf2a9a72e,15,2026-04-14
0,103,1,0,0.0,5,204.9,107,47.0,6.76,10.4,b571459a-9870-410a-922f-ca919a62c9f4,16,2026-04-21
0,113,1,0,0.0,3,215.9,93,58.0,12.01,4.9,af9bf70f-7e12-4f43-b8e9-f7d6f95c6b99,15,2026-04-14
0,50,1,1,3.67,3,302.7,93,108.7,12.03,13.6,3fa5f245-e6d7-4197-9c03-cf1705f1b273,9,2026-03-01
0,67,1,1,2.54,1,230.6,40,81.4,9.46,9.4,9bb84ac6-3c52-4bf3-b022-c87440fd1bc1,25,2026-06-20
0,69,1,0,0.0,3,228.2,70,62.0,13.19,10.7,06d7648e-0fc4-4ef6-a979-93ae9e0bea91,15,2026-04-10
1,92,0,0,0.21,2,130.7,113,47.1,13.03,9.4,2c4c9eab-882a-4d01-92b7-77817256f9bb,10,2026-03-09
0,136,1,0,0.0,3,101.7,105,35.0,10.14,9.4,6d4c5c7a-703a-4620-9c76-5921437fffea,19,2026-05-13
0,73,1,1,3.11,0,194.4,104,80.1,8.8,11.5,41cea8ed-9e83-4c41-ac54-485ab7384c6e,18,2026-04-30
0,181,1,0,0.26,2,229.9,130,54.6,7.22,14.2,a6118446-54e3-4c75-b908-e1bdab069bba,6,2026-02-06
0,137,1,1,3.27,2,186.5,94,79.7,8.9,12.1,da918953-9ea4-4b8f-8e1e-edb2c0467c2a,11,2026-03-13
1,132,1,0,0.0,4,197.8,66,46.0,6.7,10.9,fafb8d79-744e-43d5-9a6b-972f34335f45,19,2026-05-07
0,48,1,1,2.05,3,230.9,92,74.5,8.38,7.6,b3034698-de98-4748-b24c-176d7bec0a22,16,2026-04-16
0,123,1,0,0.15,3,211.0,92,56.5,10.85,9.8,8edeee2f-42fb-473f-92e4-a1547f2fe35b,14,2026-04-02
0,137,1,0,0.0,1,215.9,76,50.0,7.27,12.1,1525ed08-ea1f-4138-9d3e-078766d07332,5,2026-01-31
0,27,1,0,0.0,5,232.1,81,58.0,10.54,15.0,9e80d8b4-c477-4567-9fa2-4dd7a4633db8,18,2026-05-02
0,111,1,1,1.92,1,127.1,94,61.2,11.42,7.1,eb4bde7d-dc56-42e7-a145-c5cfc169d755,20,2026-05-17
0,185,1,1,3.73,2,151.1,121,84.3,12.24,13.8,cd3fea64-193d-4ef2-8a1c-a17fcbd61520,8,2026-02-20
0,21,1,0,0.3,1,244.7,81,59.0,8.4,6.6,d75e0cf5-9e85-4f2a-b0ef-fc5333cf67c3,5,2026-01-29
0,138,1,0,0.28,2,87.6,112,40.8,13.35,9.8,d88981ce-8ccc-46f7-81e4-5664742492ce,6,2026-02-09
0,139,1,0,0.0,2,203.2,81,48.0,7.63,9.7,2e3588f5-201a-4c1d-8ff7-d1062630170e,6,2026-02-10
0,38,1,1,4.1,2,115.4,98,75.0,8.31,15.2,24a21099-0b4c-4c75-a7f7-0be7ba12f6c4,2,2026-01-11
0,127,1,0,0.35,1,134.9,79,45.5,11.08,15.0,5008f25e-6880-4de5-8fab-79b7ec3ea354,22,2026-05-31
0,83,1,0,0.0,3,221.4,103,58.0,11.59,9.8,1a883f5a-2c57-4c73-8bfe-f171b94d502f,1,2026-01-01
0,114,1,0,0.0,2,202.1,100,51.0,9.79,13.3,f6a35553-5dca-432c-bd89-847c89fd1ee1,7,2026-02-15
0,149,1,1,3.4,3,180.7,92,81.0,9.39,12.6,7331fca3-77f4-4cda-b179-fde027b4c347,15,2026-04-11
0,99,1,0,0.0,1,191.2,110,47.0,8.2,14.1,2f4cde61-e5e8-486e-b660-33d4893312c8,22,2026-05-29
1,127,0,0,0.0,1,176.9,110,45.0,8.4,7.7,6006b2a2-7d43-4362-8a7f-a6777f903346,13,2026-03-31
0,124,1,0,0.0,3,251.5,85,61.0,10.71,11.1,5632165e-c508-4aaa-99c2-4edbcb508d40,16,2026-04-20
0,85,1,1,1.7,5,283.2,110,86.0,11.99,6.3,0969affb-a582-4853-bd8a-6763e31fd225,24,2026-06-13
0,67,1,1,3.62,0,174.7,86,80.2,8.03,13.4,e884d7ea-fc20-4ecb-a715-1d31cd6cf6da,26,2026-07-01
0,103,1,0,0.0,1,180.2,134,39.0,4.89,8.4,8204bd1d-2718-4065-b12e-a6aecc903260,9,2026-02-26
0,140,1,0,0.0,3,173.2,91,47.0,9.84,11.2,147ef3e7-9961-4577-ac66-32851d02b5d0,1,2026-01-01
0,156,1,0,0.42,1,150.5,106,43.2,7.65,3.5,b109bacb-cc75-4ea9-908f-0245589b6cfb,9,2026-03-04
0,70,1,0,0.0,1,129.9,102,40.0,10.44,14.3,cd188e4c-4a17-4aa7-92c9-7b24381bced4,26,2026-07-01
1,208,1,0,0.33,2,326.5,67,74.3,8.82,10.7,3b97ebb9-5d8f-4e8f-8d34-1f3404ff8085,8,2026-02-24
0,109,0,1,2.51,0,217.2,138,75.1,7.28,9.3,74e5e751-61d1-4c48-b3bd-c89cbdc8a68f,17,2026-04-25
0,143,1,0,0.0,3,160.4,120,52.0,14.3,6.9,4abebd2d-6437-4428-9617-c68088b33f3b,24,2026-06-17
0,128,1,0,0.0,1,158.8,75,50.0,13.24,7.6,2ce3f69c-f19f-4fba-a705-19b70b5d045d,21,2026-05-23
0,76,1,0,0.0,0,198.3,130,53.0,10.86,12.5,882ca782-c920-44df-a19b-50f5d2d7f6f1,22,2026-05-29
0,243,1,0,0.0,2,95.5,92,31.0,8.19,6.6,b4d8eb95-8f4d-4175-9cb9-1f76816cc406,25,2026-06-24
0,32,1,0,0.0,1,171.2,82,45.0,9.28,10.2,5e2a0d80-b732-48dd-a337-88f5a58c2857,8,2026-02-22
0,104,1,0,0.0,2,139.7,78,41.0,10.13,11.3,71ada312-a2d6-4f09-a824-91a3b9367af9,20,2026-05-17
0,140,1,0,0.0,0,194.8,107,48.0,8.55,13.9,64bdb5ac-e5bf-42f8-babc-fe100f6cc7c8,26,2026-06-29
1,108,1,0,0.0,4,112.0,105,36.0,9.69,4.1,cc02640f-402d-4ff6-9b31-5d402d74909c,9,2026-02-26
0,97,1,0,0.0,0,215.3,58,58.0,12.12,12.1,797ab65b-2dc2-4a85-96d4-c61cf22bcbde,17,2026-04-27
0,70,1,0,0.31,0,59.5,103,35.1,12.86,11.1,c573cb44-ae77-4953-bd54-f76b9e6f9ee9,22,2026-06-03
0,160,1,0,0.38,3,85.8,77,32.8,8.27,9.2,c3ec1a51-e221-49b6-80ae-7b3c2a153ba7,25,2026-06-18
0,137,1,0,0.0,3,242.1,118,58.0,9.55,14.7,295a9cac-0753-4ecf-a094-182ada11ebe3,5,2026-02-04
0,95,1,0,0.0,0,157.9,103,49.0,12.98,14.0,2596851d-6e7b-4be8-b210-dad2ff127c00,9,2026-03-04
0,147,0,0,0.0,1,183.8,113,46.0,8.24,10.1,a1076742-c15e-4152-9e8a-220c74f59a86,4,2026-01-25
0,144,0,1,3.46,0,174.8,127,83.6,10.98,12.8,645d4ce1-d57a-47a3-8785-0381db15490c,13,2026-03-31
1,60,1,0,0.0,1,179.3,147,49.0,10.45,13.5,3deff4d8-9962-48cd-9c5e-2646062f6436,11,2026-03-16
0,131,1,0,0.0,2,94.4,80,35.0,10.76,13.1,373fa566-c00b-4ee5-b947-4b96685fb408,6,2026-02-07
0,141,1,0,0.0,0,217.1,110,58.0,12.08,12.0,f294b37e-90df-4c57-b7fe-274033b37b96,19,2026-05-10
0,98,1,0,0.0,0,288.1,101,61.0,6.9,0.0,1f56f801-b246-4b13-a716-76f616b4efa0,20,2026-05-15
0,126,1,0,0.0,1,190.9,143,46.0,7.49,13.0,00f4bc1f-010a-4751-9d2b-746f03c25d80,24,2026-06-11
0,101,1,0,0.0,5,232.7,114,56.0,9.32,11.5,e2844cbc-c9c7-4cb1-a1a0-11aef9d4340d,13,2026-04-01
0,134,1,0,0.35,1,208.3,86,60.5,12.68,12.6,e55f48e4-d7eb-4772-9b54-dd6f76b2cb41,3,2026-01-17
0,107,1,0,0.0,0,123.1,100,35.0,7.92,9.3,d331a501-265a-4dd5-9d1c-6ac7a1db61b4,19,2026-05-08
0,201,1,1,4.08,1,192.0,97,93.8,11.96,15.1,9473610a-5c4a-4c3c-970b-dcd1bec2f9d9,25,2026-06-20
1,120,0,0,0.0,1,179.9,72,46.0,8.5,13.8,7d4cfdbb-736a-4b2d-9a54-13dc9dced0cf,16,2026-04-18
0,110,1,1,2.43,2,202.6,103,69.3,5.94,9.0,b11e58a7-6593-4d35-be76-3cf4c66c0105,26,2026-06-28
0,111,1,0,0.25,0,152.2,114,40.5,6.86,9.8,2fa5b832-8050-487c-aeb3-b9286f4afec4,26,2026-07-01
0,73,1,0,0.34,1,137.1,102,45.4,10.54,11.1,b98f6ab2-060f-492a-b382-5de523c6beb6,22,2026-06-01
0,115,1,0,0.0,3,147.9,109,45.0,11.42,9.6,0affda32-44e5-46ea-92e3-56e56c93ab4d,4,2026-01-25
0,95,1,0,0.22,2,184.2,95,49.2,9.08,12.8,572cd5b5-9247-4d48-96f3-152148d8d60d,26,2026-06-29
0,72,1,0,0.0,0,166.5,102,51.0,13.05,13.3,8751765d-80af-4b08-b0da-e87a9b1b4aa0,13,2026-03-29
0,54,1,1,3.05,2,112.0,90,67.5,10.4,11.3,0016c507-f08c-435d-a40d-6647efd00c31,23,2026-06-10
0,145,1,1,3.0,2,257.7,97,88.0,8.11,11.1,b7b97d73-5653-406b-bb50-9032b16a893b,26,2026-06-26
0,64,1,0,0.28,2,97.2,80,35.8,9.31,10.4,76d7216c-679e-4cd8-96b8-3bf308282320,5,2026-01-29
0,95,1,0,0.0,0,160.0,133,46.0,10.77,9.1,36e57f65-5234-479c-9851-0da1bb469345,9,2026-03-04
0,81,0,0,0.25,0,227.4,105,59.5,10.58,11.9,58ca5d4d-64c1-4af6-b8ae-5e0cd44d793b,22,2026-05-30
0,105,1,0,0.0,0,246.4,83,64.0,12.81,3.8,05ab0f0b-bd4a-4e16-88cd-93d3ee357c33,22,2026-06-03
0,143,1,0,0.27,1,202.8,109,51.7,8.29,4.6,efd4cde7-c3f3-4bb2-aa40-73bd368ed3dd,23,2026-06-05
1,17,1,1,2.7,6,153.1,115,69.0,9.3,10.0,d7855176-e915-4efa-be4a-74d7b8480b07,17,2026-04-24
0,102,1,0,0.0,0,174.5,79,50.0,11.84,8.5,8bcf17e9-d9e0-40d5-b3b0-57a407f06d38,7,2026-02-18
0,44,1,0,0.0,0,202.6,89,49.0,8.15,8.3,43a228d5-fc5a-4948-adcb-0fa0eec8f0be,12,2026-03-22
0,66,1,1,2.3,0,141.7,87,70.0,13.42,8.5,2d81872c-c47c-40dd-ac7c-f357c615efa2,12,2026-03-25
0,120,1,1,3.08,0,153.5,83,75.8,10.96,11.4,d69788c9-87e5-43c7-9eff-370ebc3de9e8,15,2026-04-15
0,121,1,0,0.0,1,181.5,121,50.0,10.92,8.5,c111691f-7095-4ee1-a129-c86190c857f6,26,2026-06-26
1,145,1,0,0.0,1,245.8,116,67.0,14.34,9.0,44854f77-8100-44ec-90f1-9b9a527666f4,22,2026-05-28
0,158,1,0,0.0,1,158.0,106,52.0,14.63,9.1,de08693d-297d-4869-bee7-fdeb7af1e792,17,2026-04-28
0,83,0,0,0.26,1,271.5,87,67.6,10.82,11.7,49fb9ee7-835c-4246-8066-5d45d664e703,13,2026-03-27
0,96,1,0,0.3,1,144.0,102,47.0,11.24,10.0,3eb13566-c100-4b02-a07b-931cb1dfe73a,9,2026-03-04
0,100,0,0,0.0,1,107.2,98,26.0,4.34,9.7,579747a5-39af-4da1-8978-6ae3037874ad,15,2026-04-14
0,99,1,0,0.0,1,95.4,105,34.0,10.36,5.6,fd253547-0816-4326-813e-e0697678af77,7,2026-02-18
0,89,1,1,2.03,2,163.5,80,72.3,13.74,7.5,958f9282-33e9-4c95-ba24-1931508ccf34,11,2026-03-12
0,28,1,0,0.0,2,159.7,79,46.0,10.84,9.3,2eb7a981-aec8-4a56-892a-2b27edaa8831,1,2026-01-01
0,75,1,0,0.0,1,166.3,125,42.0,7.91,6.1,f9d33cf7-689e-456e-8ee8-1cdfd582b220,21,2026-05-21
0,82,1,1,2.89,1,155.2,131,76.9,12.23,10.7,aa9a1e69-a778-4b2a-b0cc-7d6211069b09,26,2026-06-28
0,104,1,0,0.23,2,182.9,113,54.3,11.98,5.5,0c122779-c12d-4cc3-a2fd-f9d140d5fb65,18,2026-05-03
0,95,1,1,2.84,3,247.0,109,81.4,6.28,10.5,e3b67c8f-fb1d-4850-a109-fcbc10fc5ef8,9,2026-03-03
0,112,1,0,0.38,1,170.4,103,49.8,10.01,11.6,784d4828-c908-46ec-9893-c11babbbb5f6,5,2026-02-01
0,46,1,0,0.42,1,139.4,81,47.2,11.19,13.6,9802d54e-d846-44c2-966e-34cf71270fe2,23,2026-06-07
0,141,1,0,0.0,0,185.1,126,52.0,11.65,9.1,f6674d9e-182b-46f2-958a-eb1f025108b5,5,2026-01-29
1,106,0,0,0.0,3,204.0,84,49.0,8.43,13.3,80725b97-58fe-4b8f-9699-abc7656446f3,7,2026-02-18
0,87,1,0,0.0,1,237.2,124,60.0,11.13,11.0,cae12aac-cb75-4c4e-9fe2-77be348a56de,25,2026-06-22
0,87,1,1,2.3,3,263.8,65,77.0,5.17,8.5,10aa31ff-4e32-4fa9-8062-0e4e09e6d591,5,2026-01-30
0,201,1,0,0.24,1,212.7,72,58.4,11.26,7.0,64f9c891-c636-405f-860d-68135a0ace71,21,2026-05-24
0,81,1,0,0.0,2,145.6,59,50.0,14.4,9.2,553782fa-3227-47ec-83d8-738f9cc80163,24,2026-06-17
0,159,1,0,0.0,0,114.8,98,36.0,9.63,12.2,2a02ab51-5cda-4839-9ea6-802c82d8479a,3,2026-01-19
0,1,1,0,0.0,1,175.2,74,43.0,7.59,5.3,3c6d1cda-18d2-40c5-8204-85b05fdf267e,3,2026-01-18
0,70,1,0,0.27,0,7.9,100,15.7,6.82,12.1,4c4ad413-c282-4782-bcc7-77c999a6cc22,1,2026-01-01
0,103,1,1,3.92,2,185.4,105,88.2,9.88,14.5,927f0864-a4e3-4b07-8341-d79bc7941ff1,12,2026-03-19
0,131,1,1,2.94,2,192.7,85,81.4,11.3,10.9,8a5a0c94-c0c2-46e0-8dcd-4e5814d3d4fd,17,2026-04-25
1,62,1,0,0.0,1,248.7,109,61.0,11.0,13.2,2651b048-d6f6-4d7d-a34b-0ce19c8be933,25,2026-06-24
0,75,0,0,0.0,3,166.7,113,41.0,7.42,10.1,432fe359-9247-4c15-a5db-023ba31f14d0,17,2026-04-23
0,56,1,0,0.0,4,222.7,133,62.0,13.85,13.6,6d4c004f-9bca-41e5-ba40-b949e7153cb8,17,2026-04-24
0,114,1,1,2.78,0,154.4,109,73.8,11.07,10.3,399ac7c6-5830-4892-9e26-fec886862304,24,2026-06-15
0,48,1,0,0.0,2,190.4,92,60.0,15.88,8.3,8a9e8793-efd3-4b9d-8a59-9d7c4f9e2101,26,2026-06-28
0,125,1,0,0.0,1,106.1,95,32.0,7.88,8.1,4a5d7d7f-2b8d-4e77-af3b-c5b295bf8c85,9,2026-03-04
1,119,0,1,3.75,1,172.1,119,86.5,11.18,13.9,3a0238db-8a26-438b-880e-9216b198553b,19,2026-05-12
0,127,1,1,3.29,2,129.7,115,68.9,8.04,12.2,ce197612-adc2-400d-9bef-330b4e413002,19,2026-05-09
0,47,1,1,3.48,2,196.6,93,88.8,12.07,12.9,240d4251-de94-45df-b406-9f9ec61f2625,2,2026-01-08
0,127,1,1,1.03,1,140.1,59,53.3,11.17,3.8,8c82ca13-b6bb-4273-b3e2-4d2f1f3fdbb9,23,2026-06-06
0,83,1,1,3.02,0,95.0,89,61.2,8.4,11.2,6082c905-4cd4-4197-b089-98d588992e07,8,2026-02-24
0,139,1,1,2.24,0,138.3,96,53.4,4.03,8.3,92d1ac18-11ac-497c-9460-ff338feac375,15,2026-04-13
0,26,1,0,0.0,3,234.5,109,59.0,10.83,3.5,7aa2f758-5057-4c4e-b786-0bbeee744ebb,19,2026-05-11
0,164,1,0,0.0,1,123.3,78,36.0,8.5,12.7,16510ea1-a87c-4670-a328-149b68c4d2e9,5,2026-02-01
0,98,1,1,2.89,2,213.7,61,86.9,12.65,10.7,43c18a28-1c53-4567-ada0-99911fb8632a,2,2026-01-10
0,100,0,0,0.0,4,219.4,112,57.0,11.29,12.0,73c86095-c75c-47c4-9fee-ae8040a435a7,16,2026-04-20
0,65,1,0,0.0,1,187.9,116,46.0,7.88,7.5,0e92bfea-1db3-4748-9d04-c3a00900c277,24,2026-06-11
0,116,1,1,3.19,2,118.0,103,66.9,8.36,11.8,fd4c5f20-a74b-4ab7-8311-2705d127a5c1,18,2026-05-04
0,88,1,0,0.0,2,152.9,119,41.0,8.56,12.0,a2817ed4-cd34-459d-a0b6-b5be2f346a23,13,2026-03-28
0,60,1,0,0.27,2,203.2,99,57.7,11.79,15.1,e6a7b218-9dbb-4847-a6a8-3b9d15583d0c,8,2026-02-24
0,51,1,0,0.0,1,197.8,60,53.0,11.05,8.9,b8103a3b-74b9-4bea-8e6e-51e5c89c243f,5,2026-02-01
0,110,1,0,0.0,1,55.3,102,24.0,8.24,10.2,7cb5a20f-54f7-4476-93dc-20789d6cef53,26,2026-06-27
1,99,1,1,2.51,2,216.0,125,82.1,11.62,9.3,ae9cde59-93fe-490c-b1c6-12849bd9cd38,20,2026-05-15
1,65,0,0,0.31,0,277.9,123,64.1,7.79,9.2,35031441-2d7f-414f-be56-43e37a375f0a,14,2026-04-03
0,62,1,0,0.29,1,159.9,100,44.9,8.61,5.6,0a86fa47-995a-4617-87ce-92a19254e1e2,2,2026-01-08
0,120,1,1,2.08,0,239.4,94,83.8,12.97,7.7,e169e6f3-7e97-4988-967c-165719cccb1e,10,2026-03-06
1,76,1,0,0.0,0,272.7,97,67.0,11.82,7.7,ce0fed42-fc44-471f-8041-5f15895bdde1,9,2026-02-26
0,39,1,0,0.0,2,154.1,104,44.0,10.21,9.8,733196a7-3eb0-4c4d-b8e7-1deeadbe7f16,10,2026-03-08
0,165,1,0,0.13,1,150.5,75,43.3,9.66,10.3,ba3d864c-28ff-4349-8560-49c26383ee29,11,2026-03-13
0,123,1,0,0.24,0,204.4,88,49.4,6.88,10.0,1b759123-b365-481d-a571-dae9bfcc3a6d,8,2026-02-23
0,160,1,0,0.0,1,176.2,90,47.0,9.8,9.2,de3eb6e3-32a1-44e0-aa15-f04250cddf8a,10,2026-03-08
0,159,1,1,3.4,2,153.6,93,79.0,10.85,12.6,7af6c854-e6aa-47e9-8ed6-8c1c81b66f85,8,2026-02-20
0,58,1,0,0.0,1,149.4,145,43.0,9.83,14.9,f1a21d54-2152-4bb3-afd8-adc63553c9ba,14,2026-04-07
0,116,1,0,0.0,2,89.5,128,31.0,9.04,14.0,b4be5129-d191-4cef-9269-a5c8283ac446,14,2026-04-02
0,126,1,0,0.0,1,228.7,102,54.0,8.44,11.8,00199ca6-45d9-4e94-82de-b9c85711ca3e,2,2026-01-08
0,50,0,1,2.16,0,307.1,94,98.6,14.47,8.0,a1316712-aa2f-45c7-8c8d-1395172f9d7b,24,2026-06-11
0,111,1,0,0.0,4,229.4,107,58.0,10.71,10.4,1dd5f68f-a313-4185-b0a7-7e5d1e1ec617,5,2026-02-04
0,60,1,0,0.0,1,135.4,134,41.0,10.3,7.9,c62a90a4-6353-4e6b-922c-1650cb4f7f42,14,2026-04-06
1,113,1,0,0.0,1,272.1,111,70.0,13.43,8.5,b0bd67e5-a522-471e-9c44-7624067ca5ba,13,2026-03-29
0,118,1,0,0.32,1,187.4,97,50.2,8.89,12.2,6395f32f-09f7-4bbd-abdd-f6c20d508bae,12,2026-03-19
0,63,1,0,0.0,0,149.3,104,49.0,13.68,9.1,7383581f-dc46-45dd-857d-fed48e7d5766,5,2026-02-01
0,68,1,1,3.97,1,176.0,118,93.7,13.9,14.7,7e96ac33-b377-4f44-b5ec-a7be9ab34259,18,2026-04-30
1,95,0,1,2.78,5,136.8,91,68.8,10.04,10.3,b830d4c1-4356-491b-b95b-2874749748af,7,2026-02-15
0,82,1,1,1.27,3,232.6,121,65.7,7.66,4.7,0c9c11bb-3395-4c79-a69b-e1bdda9dd9ba,21,2026-05-24
0,30,1,0,0.0,1,54.0,68,25.0,8.97,10.2,4ee52ea6-98ad-4253-975d-10dc3981740f,24,2026-06-14
1,51,1,0,0.0,1,229.7,129,68.0,16.8,9.6,000f05c5-ebbb-4622-bb50-bf456df60f73,26,2026-07-01
0,143,1,0,0.42,2,172.3,97,49.2,8.7,13.0,c4e7cd36-105b-40b6-b403-cbff9cdfe2a1,21,2026-05-22
0,107,1,0,0.21,5,189.7,76,48.1,7.81,8.3,c1cf00d6-1b6a-44de-88dc-eafc60623448,8,2026-02-24
1,122,0,0,0.3,4,140.0,101,44.0,9.82,9.7,1f79b5c4-9089-415e-9864-1cc8d0314936,26,2026-06-25
0,93,1,1,3.16,0,306.2,123,100.6,9.49,11.7,22e7a194-4b63-4ba5-a8ca-528991c981c7,1,2026-01-07
0,65,1,1,2.4,1,158.1,104,79.0,16.11,8.9,0b394ff5-c442-4598-850f-91a3d1598e30,11,2026-03-15
0,50,1,0,0.0,1,157.1,90,46.0,11.17,6.1,3afc0b63-0481-4e2e-8e00-76e2ac02ec7f,1,2026-01-07
0,138,1,0,0.0,3,127.1,102,43.0,12.39,5.0,b823e480-41e4-4057-a7ce-a472238cf02d,23,2026-06-10
0,108,1,0,0.0,1,103.0,129,39.0,12.12,7.9,be6cc0a4-0fc9-4a37-9c42-5c4910ab14e3,22,2026-05-31
0,140,1,1,3.0,1,157.1,77,72.0,8.62,11.1,80233c86-da76-4e21-a2aa-c2d332b0e76a,13,2026-03-26
0,124,1,0,0.0,3,157.4,107,42.0,8.39,8.8,520d89a1-b606-44e4-b3ce-d2f41adf787f,21,2026-05-27
0,73,1,0,0.0,0,175.4,130,51.0,12.41,12.2,bc0adc1a-b874-416f-a176-f1758d048961,16,2026-04-22
0,63,0,1,2.7,1,151.5,99,66.0,7.39,10.0,535f07d2-6c53-4726-8978-3af8db277f10,18,2026-05-05
0,50,1,0,0.0,1,183.6,107,37.0,2.93,8.7,b33faa24-d9f3-49bf-a1a5-2adc9d64a78c,21,2026-05-27
0,141,1,1,2.51,2,206.9,126,83.1,13.22,9.3,1ba009f1-855c-49f5-9c4a-6d8e6c94c8cc,6,2026-02-05
0,83,1,1,3.19,1,78.5,109,63.9,10.53,11.8,f3c39a25-b03a-49af-b009-3395fca74839,5,2026-01-29
0,55,1,1,2.19,3,139.3,101,60.9,8.92,8.1,b2c52bdc-fc26-4c0b-b0aa-e19f7f7eff23,12,2026-03-23
1,55,1,1,2.97,4,130.5,114,69.7,10.42,11.0,6af6dc2c-1137-4fad-bb27-549cb895d7f9,1,2026-01-02
0,56,1,0,0.0,1,226.0,112,60.0,12.43,6.9,b8f62b3f-69cd-4ca7-9b92-a74d4925ea5a,19,2026-05-09
0,118,0,1,2.48,1,153.8,106,61.8,6.17,9.2,81c5b753-c6c3-4bc3-b635-a71076111eb8,7,2026-02-16
0,157,1,0,0.0,3,229.8,90,52.0,7.4,9.6,916ed305-241c-44ea-807a-b7c34e730c4f,22,2026-05-28
1,171,1,0,0.0,1,270.5,69,66.0,11.5,9.6,83fc53e5-388e-4d77-a0ae-d60e8aedb42c,2,2026-01-11
0,88,1,0,0.0,3,61.9,78,33.0,13.13,8.8,fbb7e514-4287-4507-a8b9-f939c30de7ee,19,2026-05-10
0,189,1,0,0.0,1,219.9,80,50.0,7.17,11.7,27ae43d7-003f-4297-9fc8-7090c429ac13,17,2026-04-29
0,94,1,1,4.35,0,233.2,88,93.5,5.67,16.1,f5c4693b-1eb7-414a-a0c1-e6d5aee90b4f,20,2026-05-20
0,142,1,0,0.0,1,232.1,102,54.0,8.41,9.9,82734ee1-79eb-4975-9e3c-bb06278e263b,3,2026-01-20
0,78,1,0,0.0,3,137.4,109,44.0,11.88,14.0,4c216545-2d9e-4a2f-ad71-3fe874fe24a2,1,2026-01-05
0,90,1,0,0.0,1,193.7,83,47.0,7.71,12.7,34275c65-12f2-4053-9828-5f09f0ca2147,6,2026-02-06
1,130,0,0,0.0,5,216.2,106,68.0,18.19,16.9,f08b61a4-413e-4ab6-af7e-78d8bb111519,24,2026-06-15
0,36,1,0,0.0,1,178.6,83,49.0,10.66,10.9,745192c2-0bc3-4183-805d-6649222f43c6,20,2026-05-17
1,133,1,0,0.0,0,117.8,100,37.0,9.96,11.8,ba06ec7b-6f49-410d-acfc-13f8e0d2ada8,8,2026-02-22
1,122,1,1,3.65,1,174.9,103,87.5,12.41,13.5,a1f22984-84e4-45bc-8ec1-1220e11f6387,25,2026-06-21
0,141,1,0,0.24,2,160.1,87,52.4,12.84,7.0,6ca4bd90-adf5-4d16-9df1-b00101cb895b,15,2026-04-09
0,80,0,1,3.21,1,159.3,110,74.1,8.53,11.9,0bcbd54f-c82f-4e40-8cdf-d7f8fcc00fcb,13,2026-03-27
0,123,1,1,3.38,1,198.7,127,88.8,12.45,12.5,fcdf2174-3a96-4c29-ac15-46c2d03f2f3e,16,2026-04-18
0,73,1,0,0.0,1,214.3,145,60.0,13.43,10.8,a182e846-0088-4111-9358-20121397344d,4,2026-01-24
0,86,1,0,0.0,1,83.8,121,35.0,12.01,6.7,5580ce48-e365-4732-b0e7-096ab50433de,12,2026-03-22
0,153,1,0,0.29,1,154.6,56,51.9,13.15,15.5,66a677ca-ab75-42f6-a35e-939c448724b0,23,2026-06-07
0,68,1,0,0.34,1,232.4,76,56.4,7.67,10.5,4f6ac891-bbaa-422c-9b47-86cabf4fab3b,18,2026-04-30
0,52,1,0,0.0,0,165.5,78,46.0,10.28,12.2,a30844b9-b62e-492c-8149-cd5658b94079,9,2026-02-28
0,148,1,0,0.0,1,86.3,134,36.0,12.33,11.3,6f3d0e3b-715f-4b36-8ba1-d93f7b81c9ef,19,2026-05-08
0,95,1,1,2.86,0,262.2,123,87.6,8.26,10.6,a1432f68-a6e3-4989-b65c-b5c53e53d054,17,2026-04-24
1,136,1,0,0.31,1,259.4,99,62.1,8.64,10.7,8f62e8e3-d0e2-4f2f-8cc2-029aacd1be23,17,2026-04-25
0,217,1,0,0.29,0,123.7,138,45.9,12.43,13.3,e9ff3698-7460-4b43-a7ff-3a62b0ae6dbe,2,2026-01-14
0,151,1,0,0.0,2,118.9,128,44.0,13.92,13.2,84097a78-a848-4a69-acf3-a9b79790380d,2,2026-01-09
0,75,1,1,3.02,1,248.9,93,87.2,8.54,11.2,27facfd4-b38c-4b7f-83ee-4081671cb335,6,2026-02-09
0,66,1,0,0.31,2,205.1,102,58.1,11.64,9.2,08d71b1e-bbf8-4fd3-958d-50f4182208f0,4,2026-01-25
0,161,0,0,0.0,2,156.1,114,42.0,9.02,11.1,835194be-b645-4316-a7f2-d257408d25f7,15,2026-04-13
0,76,1,0,0.0,0,186.1,96,50.0,10.58,8.0,f274c773-3195-4f2a-9e4d-b481f765ffe1,4,2026-01-22
0,88,1,0,0.0,0,55.6,65,31.0,12.14,11.3,5c2b6dd9-7588-42e8-8ea1-c39d2147375a,1,2026-01-04
0,149,1,1,2.75,0,147.8,132,76.5,13.84,10.2,dfa4414a-c86f-4019-993f-4c947e5daaa1,22,2026-06-03
0,49,1,0,0.15,1,236.6,91,60.5,11.05,8.9,1aa72512-0840-4901-8c8f-b2a344595877,5,2026-01-29
0,73,1,0,0.0,1,224.4,90,52.0,7.98,13.0,44c5f1c8-90a5-4aec-855d-071cc5043f26,16,2026-04-19
0,46,1,0,0.0,3,196.7,85,51.0,10.3,11.2,c5830023-c4c8-4e8f-b4b3-00290686633f,14,2026-04-08
1,73,1,0,0.0,1,217.8,91,56.0,11.03,10.3,5cd171d3-5d0b-43c5-85fd-8c5acd20ba6e,6,2026-02-06
0,130,1,0,0.23,1,115.6,129,36.3,8.39,12.6,f18d2238-5898-4a42-b1f5-fa7984ee5175,11,2026-03-16
0,74,1,0,0.34,0,187.7,127,49.4,8.17,9.1,634cd731-4ddf-4ee8-a5aa-eb42dd24b0b9,10,2026-03-11
0,48,1,0,0.0,2,300.4,94,63.0,6.66,7.2,e17db066-903b-485f-af5a-a38306f5e104,21,2026-05-26
0,10,1,0,0.42,1,222.2,127,55.2,7.66,12.9,67d0b76e-30f1-4003-a0b7-0b1b205ed1ce,19,2026-05-08
0,88,1,0,0.0,2,161.5,92,43.0,8.68,7.9,0e6852f4-1d38-4ac4-abda-fe218d42bbf4,13,2026-03-26
0,166,1,0,0.0,2,203.4,81,49.0,8.39,9.2,a3173be7-e1af-458a-809c-35d81c67f6c1,6,2026-02-11
0,88,1,0,0.0,2,274.6,105,61.0,8.06,9.2,0a1d818e-a0db-46a7-8cc4-30824faa3fff,15,2026-04-10
0,81,1,0,0.0,2,173.2,80,50.0,11.81,11.8,1287e5de-7068-4850-beec-7ddbbabd317f,6,2026-02-10
0,109,1,0,0.0,1,217.0,115,55.0,10.35,8.2,74a5ef50-557e-45da-a51f-8a27ec7859fc,24,2026-06-15
1,138,0,1,2.89,3,211.2,117,91.9,15.63,10.7,78a294ea-5ee4-48f2-bbfa-24bbd8982242,5,2026-02-03
0,112,1,0,0.0,3,206.2,122,50.0,8.23,12.6,1290a19b-0d37-430d-b1d6-3fb1f498c781,3,2026-01-17
