Churn,AccountWeeks,ContractRenewal,DataPlan,DataUsage,CustServCalls,DayMins,DayCalls,MonthlyCharge,OverageFee,RoamMins,Record_id
0,96,1,0,0.0,5,260.4,115,57.0,7.3,11.5,698409c4-a1b1-4c31-abf2-b80793c691b7
0,93,1,0,0.0,3,179.3,93,46.0,8.93,11.5,b3dca1f7-ebd5-4a00-b940-e992b4acf1df
0,151,1,0,0.0,0,170.2,89,45.0,9.38,4.3,db814416-b1c8-43b9-8d6e-f45bd9983419
1,35,1,0,0.0,5,138.1,115,37.0,7.91,10.3,39cc3cfb-ca5e-4cf2-a5f2-55b0761ba8b9
1,94,1,0,0.18,1,234.4,103,65.8,13.97,2.0,a5886cfd-93c2-4b6e-8299-14875c214366
0,146,0,0,0.0,1,133.0,65,45.0,13.14,11.2,d9cafbb7-daf8-47c3-831f-fc03ef1f6279
0,146,1,0,0.0,1,206.3,151,48.0,7.43,6.1,25ff476b-90d6-4d8d-a380-6addb7f4c1f3
0,79,1,0,0.0,1,147.0,72,40.0,8.29,8.4,50f9a42f-c636-4155-bcf0-173f1dd4e4b2
1,131,1,0,0.0,1,131.6,95,38.0,8.97,15.5,79a9a8a3-4b68-4733-82a3-f768a3e23f87
0,32,1,1,3.51,0,232.8,97,91.1,9.18,13.0,810ecdb8-f3f3-434b-bb65-d89ac0410c06
0,137,1,0,0.0,2,206.4,122,46.0,6.4,8.8,b8b6ecd2-5269-43cf-b606-9a28c64acf75
0,19,1,0,0.14,2,186.1,98,55.4,12.72,14.6,c4846e5d-cd18-4baa-bcb8-a2621f7e40f0
0,148,0,0,0.0,2,148.2,138,39.0,7.98,8.6,02b35887-d405-4d47-8b3d-f955f6a59f5b
0,127,1,0,0.0,0,261.7,105,60.0,9.09,3.3,d344534b-9cd5-49f0-9a36-214eea3b63fe
0,192,1,0,0.0,4,221.6,101,62.0,14.26,12.7,bec03764-a046-42b1-824a-b8dcd2a06c35
0,142,1,1,1.59,2,220.5,94,73.9,11.98,5.9,52bda28f-0bad-48cb-bbab-11b4770f6b7a
0,76,1,0,0.38,1,90.5,142,37.8,10.59,9.3,2d0bfdbb-e6bb-471b-ad17-8bb68723632a
0,61,1,1,2.84,0,254.4,133,85.4,8.09,10.5,decd3d56-e1b7-4bae-9cc6-d2c12168dd77
0,118,1,0,0.0,2,224.6,94,58.0,11.3,12.5,8571a472-4dc8-4151-8ce0-df6efc0ca7e0
0,56,1,0,0.3,1,253.2,95,63.0,9.4,4.4,9c610260-326d-4b9c-bf6f-fedfa4460fcc
0,109,1,1,2.86,5,230.5,116,90.6,13.29,10.6,d854bfdc-dfd4-4e1c-a2c4-fef227c29830
0,37,1,0,0.0,3,271.7,112,60.0,7.76,6.6,acd02511-e347-441c-8f53-70c991169092
0,147,1,1,3.81,2,243.4,126,103.1,13.69,14.1,1bc7e12d-73d5-450b-85f1-20c466e608f6
1,42,1,0,0.0,1,303.9,106,72.0,11.61,5.8,9568acd1-bc66-4dac-beab-ded8ff35b006
0,104,1,0,0.0,3,264.0,108,57.0,6.61,10.6,c9f759ff-ac54-4de8-af74-5791ee925ba9
0,103,1,0,0.0,0,198.5,112,38.0,2.13,12.4,bcf56a9c-a3fa-4c58-92d2-3ec157df42fd
0,134,1,0,0.0,2,258.8,85,56.0,6.48,10.9,b772a425-4ea1-4aa7-b921-f28252513b01
0,72,1,1,2.21,2,138.1,113,68.1,13.01,8.2,43ae0495-7949-4e6b-8a2e-9e23c93de48c
0,142,1,1,2.92,1,154.0,75,70.2,8.29,10.8,7ef15357-c654-47e3-bb44-3211613624d4
1,111,1,0,0.0,4,172.8,58,45.0,9.16,7.9,0d6bde2a-bcef-48c6-ab1d-dc67bf790a81
0,131,1,1,2.57,3,214.2,115,76.7,8.09,9.5,6f3a7a6c-7645-4288-bc47-38c9115a90fd
1,118,0,1,3.0,4,156.5,122,75.0,10.46,11.1,f2601c2f-558c-43c1-8c20-d9d2e16d25ef
1,118,1,1,2.59,5,170.8,114,71.9,9.98,9.6,f24d611e-0b45-4c77-8c53-e607312572c9
1,133,1,0,0.0,2,277.3,138,67.0,11.42,12.8,a7822694-db64-4c56-ae3a-a076b1e1202a
0,132,1,1,3.7,0,201.9,93,85.0,7.82,13.7,51dab5af-3e7d-49bf-8cc1-73ca78022fb3
0,116,1,0,0.0,2,110.9,54,37.0,10.67,7.9,ddf947d9-2768-4ef3-afa2-d620e1688ebb
0,83,1,0,0.0,1,132.4,120,33.0,6.08,8.6,ddf61a4c-24ba-473c-aeed-dd612081fa9c
0,144,1,0,0.0,2,139.6,96,35.0,6.21,15.0,e866846d-1d7f-48f7-86c8-22a9de853daa
1,58,1,0,0.0,0,112.2,95,37.0,10.48,13.9,c2e25043-a4d6-4f7a-8554-e3c441c9bf20
0,120,1,1,2.86,0,244.3,140,97.6,16.12,10.6,48e468a0-d8ae-4e92-93d3-1c748af07630
0,158,1,0,0.0,1,209.9,112,55.0,11.07,8.2,f951eafb-9c55-4f6f-b2b2-611250f2ffbb
0,91,0,0,0.0,1,151.8,115,35.0,5.18,12.2,183587e9-6d45-4986-8b32-251c8df81376
0,113,1,1,2.57,4,149.0,104,71.7,11.79,9.5,4304464a-39b7-43f8-b537-3fb975477d7f
0,68,1,1,2.59,2,122.9,93,66.9,11.68,9.6,217dd6df-ef39-4c91-b58b-fab2b4fb3a9a
0,122,1,1,2.27,3,195.4,83,79.7,13.41,8.4,885d8f8c-0a21-41a6-96fe-e9fab2a410bb
0,136,0,0,0.0,3,256.8,90,64.0,11.51,9.1,ceb89e68-b3c7-4345-bd90-0cb4ad74e71c
0,69,1,0,0.27,3,143.6,88,39.7,7.09,10.8,64dc5160-c18f-4766-8a90-26105b8b0d09
0,75,1,0,0.0,2,122.8,89,39.0,10.57,10.7,47b7ef3c-b2ad-4529-add6-9b254cd47cf3
0,116,1,1,3.0,0,230.6,94,89.0,11.21,11.1,74a15d3a-dd7e-45d6-a6bb-a49e1f41aee8
1,95,0,0,0.0,4,228.9,134,61.0,12.79,10.1,9aef5523-6738-4f51-940e-b0848b78ffb7
0,121,1,1,3.08,1,68.7,95,60.8,10.46,11.4,b62abf1a-e5f5-40ee-adad-eb15288933c2
0,22,1,0,0.0,2,181.8,108,48.0,9.93,9.3,48ef31b7-7581-4413-a2a1-028e69b771e0
1,100,1,0,0.2,2,264.5,117,64.0,9.7,7.5,ed8b2f70-bfc9-4769-9fd3-bf6b3d0081c0
1,134,1,1,1.65,2,247.2,105,78.5,11.28,6.1,216576b4-3485-4602-a8c0-c2f61fe9cdbe
1,54,1,0,0.21,2,247.5,85,64.1,11.27,10.2,fe0bb8b7-e694-4614-9204-fb8221e5722d
1,52,1,0,0.0,4,155.0,110,38.0,6.67,7.0,e663d320-a111-450f-9bbe-5308ed6ca28a
0,130,1,0,0.0,2,242.5,101,50.0,5.14,9.3,6603e8de-d78f-43b7-be68-097d98be8808
1,92,1,0,0.0,3,154.0,122,55.0,16.49,5.6,6b131105-45b6-4924-9b5a-fdcbdbc5d491
0,87,0,0,0.0,0,134.2,80,37.0,8.25,10.7,4672c5cf-fd02-4641-b9b6-cd99ff185a47
0,105,1,1,2.92,3,274.7,99,93.2,9.68,10.8,b80913e4-b026-4833-bd40-6683c6cbf892
0,126,1,0,0.0,0,175.4,120,39.0,4.92,10.6,788aaae6-65d4-45a7-8ffb-5e9dcd1b0369
0,53,1,0,0.0,2,119.7,113,37.0,9.49,12.9,c0a1a885-d481-4b42-bd62-9ecacc1229a8
0,117,1,0,0.0,1,134.7,121,39.0,9.0,7.7,7944b3d7-bc77-4121-9b8d-124e5cfb2afa
0,36,1,0,0.0,2,177.9,129,50.0,11.23,10.8,5baf06be-6c24-4e43-9696-4342c47c8cd1
0,63,1,0,0.36,0,211.7,107,63.6,13.59,7.4,8bb60dbf-30cd-46e4-9138-430b77af65f6
0,90,1,0,0.22,0,145.6,103,44.2,9.86,10.5,1901ac90-939e-4aa7-a6ee-2a381930d475
0,72,1,1,4.46,1,186.7,108,105.6,16.75,16.5,cedd7f12-2bca-49c5-a6f0-3f2f9178bdac
0,80,1,1,2.51,0,196.4,115,72.1,7.52,9.3,bd20f469-bc6c-40a5-8c8b-bac60aa865b0
0,90,1,0,0.0,2,207.2,121,61.0,14.63,8.0,d7a89f3a-194f-4bca-bb37-44aa25236b41
0,131,1,1,1.4,1,177.1,100,61.0,9.7,5.2,0ef4b447-f3f2-487f-b6df-6eae44c1d571
0,112,1,0,0.0,3,214.8,112,55.0,10.49,9.4,34375bd1-f923-4473-a4cf-46bdb061f2c9
0,146,1,0,0.0,3,205.4,101,47.0,6.75,10.3,c9ea4138-bb9c-43dc-b7da-03b4026a6e28
0,64,1,1,2.03,1,291.1,150,89.3,11.34,7.5,834ba60b-3dac-439a-91cc-7ced2084a4c2
1,105,0,1,3.56,1,220.7,82,92.6,10.89,13.2,edc582d2-1a4c-41bb-aed8-199fbe0aefb9
1,108,0,1,3.67,3,130.1,90,73.7,8.35,13.6,b25db6f5-725a-434b-9385-9da12e445b22
0,127,1,0,0.27,2,218.6,93,52.7,7.5,9.2,1b669622-f198-464a-96ef-69ffb1662936
0,91,1,1,3.32,3,232.4,97,89.2,9.3,12.3,567e4c36-494d-4bcd-a455-4b1b1c4f6cb8
0,79,1,0,0.0,1,152.2,112,41.0,8.86,5.3,fb5aa8f5-aabe-4340-8889-e8c7ab466597
0,68,1,0,0.0,1,157.3,83,46.0,11.05,12.0,27edd417-4152-4273-8c2b-9ccc34bedebb
0,138,1,0,0.0,0,205.9,96,57.0,12.86,12.1,3141bce9-b9a2-439e-bb4b-1dd2d7545f32
0,145,1,1,2.89,2,216.0,94,84.9,11.26,10.7,c88c3f65-1f1c-4d82-b561-98d8a4e4245c
0,70,1,0,0.0,1,197.3,91,60.0,15.29,6.7,6f2aafcc-777e-452c-a039-14da0d95fbfb
0,111,1,0,0.0,0,176.4,62,48.0,10.05,11.2,83355390-665a-4f2b-a95b-6717c18c3bba
0,93,1,1,3.38,2,136.8,113,72.8,8.98,12.5,0fc0ccff-01c0-4e94-83fd-768266cbc396
1,109,1,1,3.32,1,166.9,85,81.2,11.06,12.3,1b330658-b878-4ad7-aed5-3ba4b5d07e27
0,67,1,0,0.0,2,171.7,80,39.0,5.52,11.9,d81f0a95-5bc9-45f4-b320-6dc598c6ea0d
0,90,1,1,3.4,2,156.7,51,81.0,11.83,12.6,a9166ca0-d12c-4607-addd-5039b52ed00c
0,49,1,1,2.16,3,214.4,78,78.6,11.76,8.0,218b6e23-e196-4a5a-a88c-6cc77f950492
0,78,1,0,0.0,0,193.1,85,48.0,8.61,10.2,51e9b055-a42a-4c50-8af8-041d4d53f560
0,89,1,1,3.19,1,174.4,108,78.9,9.84,11.8,9798b21d-e942-42d5-928d-b7f6fb90494b
0,115,1,0,0.26,0,210.6,120,51.6,7.66,11.0,4732b5b7-36b2-4815-875f-ba453e3aa35b
0,66,1,1,3.27,1,106.7,76,68.7,10.49,12.1,7a4113d7-7c33-42cf-9d33-c4c4989f6c2e
0,53,1,1,3.54,3,145.7,146,79.4,11.03,13.1,f08008dd-4a7c-43a3-bfe4-fb71479db131
0,73,1,0,0.0,0,214.2,90,54.0,9.84,5.9,0a0b0ed2-e37f-4a0d-b44f-52dbf2911099
1,78,1,0,0.4,4,103.5,115,32.0,5.9,12.0,ab533de6-1826-4737-b0e3-44148b771193
0,47,1,1,3.56,2,112.8,150,75.6,12.2,13.2,56ca9475-a740-43f8-8219-0276d6cf0698
0,112,1,1,2.7,2,113.7,117,60.0,7.88,10.0,4fe85457-515e-4f67-9a01-17eeef30cf81
0,170,1,0,0.0,2,184.1,106,49.0,10.25,9.8,e6a80035-600d-4f4e-951b-f527da084db9
0,16,1,0,0.0,0,205.6,69,50.0,8.48,10.9,e4fa4b9e-7ccd-483c-bf8b-5f6ca9a1e860
0,81,1,1,3.08,0,130.1,117,69.8,9.8,11.4,55d2f1af-1510-475e-b95f-b934b7be7fb8
0,108,1,0,0.33,3,193.3,126,50.3,7.74,9.4,984ce5a2-f2aa-495f-8821-0e553ec88f96
0,105,1,1,3.48,0,101.9,79,71.8,11.16,12.9,aa4f26bf-b484-4577-b86b-c65d9bbdad4d
0,33,1,0,0.0,2,251.9,81,60.0,9.73,8.4,1946b228-63ce-41ba-b1bc-2802170e11d8
0,98,0,0,0.0,1,158.4,71,53.0,15.33,2.1,b804d63a-6c38-4c76-b42e-04d3d03fedaa
0,99,1,0,0.0,1,62.9,81,31.0,11.55,8.5,2db2fb36-3a73-4d09-9e00-4af9af40f4bc
0,126,1,1,2.59,2,186.2,78,73.9,9.48,9.6,3f6c106a-4a71-4d5a-995a-33ae86bbb373
0,92,1,0,0.31,2,176.3,85,41.1,4.67,9.6,47e376bd-4ccf-471d-9846-f65766485cff
0,90,1,0,0.0,2,102.0,118,27.0,5.67,11.4,1c2ea110-25ad-4b8f-aca2-b7193debd2e2
1,115,1,0,0.0,3,226.4,101,63.0,13.84,12.3,bf059d9d-fc54-4b1b-b491-51bdff135c23
0,9,1,1,3.11,2,88.5,87,62.1,8.94,11.5,0410e14e-6648-4ced-a6a0-3b830c688dd7
0,183,1,0,0.28,1,190.0,100,56.8,12.33,9.5,5041e6a6-c35b-4b28-b8d1-55c2d9271f9f
0,105,1,0,0.17,3,212.0,113,57.7,11.33,8.9,3628398b-a82c-4d8d-882f-4debf5dab7ff
0,123,1,0,0.0,0,105.0,150,40.0,12.58,14.9,0a5e35b7-f308-4480-b84a-9237036a1af0
1,159,0,0,0.44,1,257.1,53,75.4,15.61,8.8,e6a96938-f651-49bc-b0a0-506ebeb1c8a6
1,64,0,0,0.18,2,236.2,77,60.8,10.93,13.2,f62a2f4d-d0e3-467c-ad9a-ffc8342f31a7
0,120,1,1,2.75,5,153.5,84,70.5,9.7,10.2,2201af44-e542-469f-982b-35bd7952e4bc
0,88,1,0,0.29,2,148.2,82,54.9,15.44,6.4,7b044696-96df-4432-a03a-da26932c2a8d
0,25,1,0,0.26,2,178.8,90,45.6,7.06,8.4,e836f1f1-0116-4c39-94ed-2b1f98030158
1,68,1,0,0.0,2,249.9,127,65.0,12.73,8.9,f9cc68e4-c65e-4d68-8f74-de0f1d533fd0
0,104,1,0,0.24,1,170.6,97,45.4,8.11,6.1,cb39056f-6f1c-46df-9e9a-de1dec8186b0
0,121,1,0,0.0,2,168.9,128,40.0,6.2,2.9,62bc5ccb-d471-4b1f-b8a6-41c5a875bddb
0,124,1,1,2.03,1,251.4,104,82.3,11.26,7.5,3597d279-f84e-48e3-9ef5-fe6158897ea0
0,115,1,0,0.0,2,184.1,98,60.0,16.35,7.5,2397025b-8fa3-42ba-8985-9f6713860f44
0,101,1,0,0.0,4,153.8,89,47.0,11.7,11.6,4bd3c569-784e-45fc-ac8e-88be35ad3f52
0,116,1,1,3.08,5,193.4,112,84.8,12.03,11.4,a44b37cb-88a0-4f72-afde-a74906fe6580
0,22,1,1,1.13,1,199.1,100,64.3,11.09,4.2,325002e6-6f5d-44e8-9cfa-1a71242bd86c
0,86,1,0,0.0,1,125.5,139,45.0,13.49,8.9,d99b1b9c-d7d0-4b53-9c42-f7dd6531bebc
0,13,1,0,0.0,1,146.4,74,38.0,7.43,11.3,b42e0e54-66b4-4bab-9ce5-8e01d6c746e5
0,96,1,0,0.0,3,150.0,122,45.0,10.93,9.8,be5c8b32-f217-4a4f-b10a-2251c2f45a9b
0,137,1,1,2.11,0,175.3,96,72.1,12.07,7.8,12d8deab-4e29-4608-9825-bfa26ca438ec
0,78,1,0,0.0,3,252.9,93,59.0,8.92,9.5,c5b58ef1-2fa5-4bdf-826c-435ed3f77161
0,99,1,0,0.33,2,222.4,102,57.3,9.29,12.0,0f902df6-aafc-4d26-8fe8-7830beb43982
0,44,1,0,0.0,1,240.3,146,55.0,8.23,10.6,fd31f3cd-735f-4a7f-8a13-7390489d2209
0,37,0,1,2.48,1,149.7,122,68.8,10.56,9.2,139b76cd-9ace-40c4-90f0-d371355079a8
0,95,1,0,0.0,0,198.4,113,54.0,11.8,10.1,a47a3974-8876-43a3-a71e-55946b116a09
0,41,1,0,0.0,1,143.6,117,38.0,7.62,8.6,9ed4624f-3595-444a-8e76-5d827353c57c
0,80,1,0,0.0,0,194.8,116,51.0,10.5,12.8,828be376-8773-4439-bb22-72fa783b8dbf
0,40,1,1,1.67,2,148.1,74,56.7,8.48,6.2,94f335b4-fad7-4ed0-92c5-9ffdd51ef733
0,30,1,0,0.0,1,169.9,144,49.0,11.26,11.4,e96fbc41-dea8-41b1-aba2-99785f27ed09
0,136,1,1,2.38,2,174.6,76,68.8,8.83,8.8,c744c601-53ed-4c58-b920-7ff49decc688
0,127,1,1,2.48,3,2.6,113,47.8,12.7,9.2,39820991-626a-4039-bdc8-bce96431487a
0,130,1,0,0.0,3,203.9,63,51.0,9.59,12.1,86dfae12-7078-47e2-9675-a67511680fab
1,115,1,0,0.0,1,245.0,97,63.0,12.54,13.7,4a297a39-d2f7-46bc-80a1-0850b13791f0
0,123,1,1,1.78,3,212.3,77,75.8,12.58,6.6,3ebdb5ce-572c-4b98-a0e0-bcfcbd7b9cf3
0,134,1,0,0.0,1,183.8,111,42.0,6.18,6.1,3953ef02-b65c-4c33-9efa-97e5790747b8
0,68,1,0,0.0,2,207.6,68,57.0,12.58,10.9,4a3b6be8-f328-4fb2-ac10-e8f9524eb3f1
0,62,1,0,0.0,0,172.4,132,49.0,11.53,11.0,814539b2-4bd3-4f0e-bca0-cf1435b7fd73
0,67,1,0,0.14,0,115.5,70,43.4,12.61,7.5,890e9099-5712-4aee-a4d2-423b9758a64a
0,81,1,0,0.0,1,115.3,99,39.0,11.24,18.0,7faad98e-6389-457b-b5a8-715ea00e3fac
0,78,1,0,0.0,2,155.0,106,42.0,8.77,11.8,21105d98-352d-46c9-a4c0-9f6369f0f146
0,104,1,0,0.0,0,97.2,88,30.0,7.78,12.4,3e826f7d-e620-4273-bc36-aab5b3a7eb2e
1,36,0,1,5.4,0,196.8,89,110.0,12.75,20.0,4c563430-f2ab-4b7d-8bff-1d9566909679
0,101,1,1,1.97,1,262.2,101,77.7,7.85,7.3,88944e0d-f12a-497d-966a-a8270b525b67
0,174,1,1,3.35,1,221.8,143,89.5,10.53,12.4,697a40fa-b98f-48f4-9d6e-e00a8d9b75df
0,74,1,1,3.7,0,234.4,113,100.0,13.3,13.7,e4e17454-6e5d-4a90-8ee6-d5dff6e899dc
0,109,1,0,0.27,0,162.6,138,43.7,7.7,11.5,148e0a15-f886-4991-84b0-748dae1b953c
0,92,1,0,0.29,1,212.4,105,58.9,11.23,9.0,f072c387-3b6d-4f92-a638-57a170080996
0,157,1,0,0.0,3,276.2,95,62.0,8.29,2.2,e3b171f0-19a2-4402-8f5e-d0fc788e2673
0,184,1,0,0.21,2,151.7,93,43.1,8.93,13.1,8c3ff74f-e002-47eb-9468-45e2b87a0da7
0,155,0,0,0.0,0,163.1,94,53.0,14.59,11.2,8f0e1042-9397-4bab-8a73-11333fa6f059
0,84,1,0,0.0,0,191.0,88,60.0,15.94,6.5,b9b764a0-aca5-4c6b-93fb-be5f8b6ec3da
0,119,1,0,0.0,1,133.4,102,41.0,10.23,11.1,93f15d00-e12f-462a-851f-aa4922c95acb
0,101,1,0,0.0,1,118.6,89,38.0,9.98,11.5,81c18e04-6711-4879-b5d7-2d660fd0d845
0,83,1,0,0.24,0,259.7,106,60.4,7.64,10.2,76e561c6-d21b-48e7-b286-4ef7f742b0c6
0,58,1,0,0.0,4,174.4,112,53.0,13.29,0.0,f340283e-dcea-420c-8311-5808f823cf3d
0,80,1,0,0.0,3,198.1,160,47.0,7.84,9.3,26eb4bab-5551-47ac-9dda-2da340e0f920
0,171,1,0,0.0,1,231.2,135,56.0,9.44,12.3,35f37fb3-0821-448f-82bf-71b15e880d7f
0,101,1,1,2.57,2,219.7,137,79.7,9.34,9.5,f741c9de-ae48-4baa-9e37-40aff09fb7cc
0,110,1,0,0.24,1,18.9,92,28.4,12.92,14.8,04504416-0c57-4dbe-9a77-be25c29af8be
0,155,1,0,0.0,1,190.3,123,58.0,15.07,8.0,2de01e4c-6805-441f-8a1d-6df3bedf3d5c
0,122,1,1,3.19,4,270.8,96,96.9,11.02,11.8,c7078808-178d-4ab7-b678-0a8ae5d2e94f
0,133,1,0,0.0,3,143.8,71,41.0,9.2,12.9,d1636283-cab1-4c05-8d8d-1e2d5d06fb2c
0,91,1,1,1.51,1,175.3,96,68.1,13.12,5.6,c98167dc-f3d1-466d-9733-03419022357a
0,92,0,1,2.03,0,281.1,88,85.3,9.9,7.5,b6d7f1f9-e7e1-4802-87c7-befd53162121
0,114,1,0,0.0,2,169.2,96,42.0,7.5,4.6,812c0e3a-5d93-400d-abc3-4a08645b08ed
0,73,1,0,0.0,0,160.1,110,46.0,10.67,13.0,10903a17-0ac8-4b00-bcd9-599b7d3c6977
0,108,1,0,0.0,0,210.6,117,50.0,8.21,9.4,a0d859ec-58bd-44ff-b968-5d6b141904c3
0,94,1,0,0.0,3,118.7,90,38.0,10.26,10.4,1ab1a6d1-5e79-4e33-9492-a201f9f20b97
0,104,1,0,0.0,3,76.4,116,23.0,5.78,9.4,54d9bc23-7c10-484c-88f0-e9394a7d5e04
0,86,1,1,3.48,1,225.4,79,89.8,9.36,12.9,5898b253-d971-4b2b-bd71-f2d4eeb5a3bc
0,194,1,0,0.0,0,162.3,88,46.0,10.69,10.9,20102759-f439-427f-99e8-9895cc1467c9
0,101,1,0,0.31,3,136.2,92,45.1,11.05,13.3,62b17bc6-a028-47be-bfa1-eb846a1bf58a
0,113,1,0,0.27,1,72.5,88,32.7,10.2,6.6,ef9c961f-c0dc-4278-b58a-afbf1d77254a
0,55,1,1,2.97,3,165.6,123,69.7,6.81,11.0,e3a7777b-5a60-4929-ae36-6088c3435371
0,119,1,1,2.7,1,178.1,110,76.0,10.64,10.0,d3a0ab5e-0019-447b-acd1-02eca0fa2270
0,125,1,0,0.0,1,203.4,110,46.0,6.44,11.0,b3cf2c8a-6884-46f3-a306-7b075589a987
0,139,1,0,0.0,0,211.1,103,54.0,10.35,5.6,093aafa4-fa44-435b-84cc-ebf3a51f3390
0,98,1,1,3.46,3,179.9,97,81.6,9.46,12.8,1590916d-491b-46e7-acaf-61b341c97b80
1,125,0,0,0.0,0,187.3,118,46.0,8.04,9.6,eb183bf4-1d94-482f-bffa-4d55b4bf1936
0,138,0,0,0.0,1,169.3,82,48.0,10.9,9.4,3c216aa2-80ee-40ef-b0db-5827f1d5b999
1,75,1,0,0.0,0,305.1,106,68.0,9.4,8.5,1eed732e-4937-4af3-ae9b-8b370b634a0a
0,114,1,0,0.0,1,189.8,101,45.0,7.39,10.6,6dc28e0b-d5e3-4271-bdff-dcd01222a27a
0,64,1,0,0.0,0,261.9,113,58.0,7.41,13.8,b4699f40-c275-4009-8320-a081cb73d85d
0,112,1,0,0.0,1,174.5,127,52.0,12.97,11.3,2e6c482f-84d5-4dd3-b8c8-6d56d9dcfc1d
0,36,1,0,0.0,0,117.1,94,40.0,11.77,9.0,0c7466ac-41aa-455e-9078-b763ddcefdfe
1,68,0,0,0.0,1,148.5,126,44.0,10.97,14.5,3d1356a4-783d-4b81-9a66-7526bc3819d6
0,87,1,0,0.0,2,238.0,97,55.0,8.23,10.6,b9fefa4b-16ad-4a4b-a515-717633d4fd7c
0,166,0,1,3.08,1,175.8,126,82.8,12.68,11.4,45831c06-d4e9-4151-ba47-837a557d1796
0,149,1,1,3.86,1,198.9,77,96.6,13.7,14.3,dd0c4efe-1094-4908-8298-36f372d3e1b8
0,147,1,0,0.33,1,212.8,79,57.3,10.21,10.2,e21552f4-6b64-48ff-b54c-28a14e23a7bf
0,33,1,0,0.0,2,213.9,88,57.0,11.99,9.8,30de5e10-877f-4e70-9500-c55f2668ea13
0,141,1,0,0.0,3,260.2,131,60.0,8.96,7.2,68a07c19-0b6b-49c9-aa17-9f34d97b5699
1,116,0,1,3.16,3,162.3,91,83.6,13.97,11.7,ade374e6-16a1-4838-bc77-193f828f1d04
1,135,1,1,3.48,2,201.4,100,90.8,12.33,12.9,9867d1ce-58bf-4e28-ac95-7152b4b2be5a
0,60,1,0,0.0,2,98.2,88,33.0,9.03,9.3,e4dbaea4-5b63-4cc0-8c01-c6c0a4f985b5
0,86,1,1,2.57,0,119.0,101,65.7,11.5,9.5,83e46e18-73b6-4929-8a9f-114385b94086
0,149,1,1,3.05,2,264.4,102,94.5,10.98,11.3,eb20e943-efab-400d-9acf-a5cfbf1d0434
0,115,1,1,3.67,6,170.5,107,84.7,10.86,13.6,0c38214e-1a06-4dc5-9fe2-de9940fd605d
0,139,1,0,0.0,3,192.8,104,53.0,11.72,13.0,b5c037e2-bace-4807-a843-f901aa618aab
0,60,1,0,0.0,2,180.3,67,49.0,10.4,12.8,0b300c87-7a7a-4ae2-a382-74faf32dc2ca
0,70,1,0,0.3,3,147.1,105,46.0,10.0,12.5,e94c4209-052a-4510-b984-1b9f8707e222
1,74,1,0,0.21,1,282.5,114,69.1,11.0,9.4,22829e27-3f58-4d0d-ab45-50b8ce48dcaa
0,182,1,0,0.0,0,69.1,114,32.0,11.52,6.5,e8e548ae-b4dd-47fb-8d9c-d92a55b68bc0
0,105,1,0,0.0,2,119.3,82,37.0,9.26,10.9,dfc6cb13-9a8a-4466-a0fc-659e8fc74a14
0,67,1,1,2.48,0,161.7,114,70.8,10.38,9.2,a95a3374-435e-453e-ac4f-066d2905d2eb
1,84,1,0,0.0,2,289.1,100,70.0,11.69,12.7,66586bbd-64cc-4970-bdf7-7cf5de258115
0,68,1,0,0.34,3,231.1,57,56.4,7.67,9.6,46729c0d-bb05-457f-9f93-2e6e991e5102
1,75,1,0,0.0,2,314.6,102,68.0,8.49,5.7,08fe00f0-bc81-46b5-82b6-3eb1b6b16d63
0,35,1,0,0.0,2,179.2,59,55.0,14.17,5.8,8e5e5f49-bd63-4414-9750-c093f751a86d
0,150,1,1,2.38,2,139.6,72,76.8,16.64,8.8,0219c19f-00b5-41df-ba64-f241be0df9e9
0,88,1,0,0.0,1,192.0,91,44.0,6.38,7.5,992440c6-e7ed-4097-bc38-d52b82853d41
0,114,1,1,3.4,3,154.6,100,81.0,12.08,12.6,d33c4002-e84a-4316-8cf2-2cefe3b80097
0,126,0,0,0.0,2,197.6,126,55.0,12.33,12.5,4f9dbf72-6490-4a88-8395-d9086f210a8b
0,135,1,0,0.0,1,173.4,107,49.0,11.1,13.7,b67cad71-1fa9-46c8-b91e-3b31f8dc44f9
0,134,1,1,2.92,1,142.9,105,61.2,4.43,10.8,486726ad-6038-4e35-82a6-3c5c22d4bddc
1,137,0,0,0.0,2,135.1,95,35.0,6.71,12.3,3427e352-1aa7-4f0f-bbf9-fd7900644fda
0,141,1,0,0.0,1,126.9,98,37.0,9.0,8.0,e6ac5676-1641-46ca-9720-ff2357b118ee
0,70,1,0,0.0,1,213.4,86,54.0,10.24,5.7,0f747e2d-d582-47a7-97f7-29a3ee70abaa
0,137,1,0,0.29,2,141.1,91,39.9,7.36,8.0,582af064-6052-49f1-985a-4864167ea7a1
0,73,1,0,0.0,0,94.1,136,40.0,14.02,9.8,02e8be3f-c045-4bae-8f1d-d8cce2434b94
0,95,1,0,0.0,2,203.4,96,49.0,8.43,13.7,d7e17dab-dcd8-4913-a9fa-6fdb44a77083
0,217,1,0,0.0,4,176.4,115,44.0,7.94,9.3,09b67994-9d6a-48db-ac55-be1772ab5e57
0,43,1,0,0.35,0,179.3,97,55.5,12.64,8.0,d033fbeb-4d2d-4168-bd1c-0f7fdbaff889
0,107,1,0,0.0,2,194.5,97,49.0,9.32,12.7,afec2e85-1e6e-481e-88cc-73bfa2a6abae
0,113,1,1,2.27,1,180.4,89,64.7,6.47,8.4,c3a1d749-27e5-42b9-a401-bc9048248259
0,74,1,0,0.0,1,172.1,105,48.0,10.59,11.6,456e3777-0d30-4d59-b2b4-81d795ee3d7f
0,73,1,0,0.0,1,192.2,86,47.0,8.43,9.4,96fc964d-88fb-4648-a725-1886deae5b46
0,84,1,0,0.0,0,138.6,102,41.0,9.95,7.8,af48132f-966f-4159-acb6-6aa80e73c77b
0,132,1,0,0.0,1,190.1,105,48.0,9.11,13.0,28424e7e-6b3c-4957-a326-16911d63184f
0,62,1,0,0.0,4,120.7,70,47.0,15.36,13.1,eb4d155b-2e9e-47a0-b048-b836ae4dca86
0,101,1,1,3.4,0,193.9,71,84.0,9.49,12.6,a085ff92-42e9-42f0-9469-5047a262ce73
0,105,1,1,3.08,1,141.2,96,69.8,8.39,11.4,27e4dfb1-4958-4aaf-b1d8-7066ba3f1ef6
0,65,1,0,0.0,1,136.1,112,47.0,13.65,4.4,f08c9902-c9dc-4f9b-9d68-edbbfd789919
1,136,1,0,0.0,1,250.2,121,66.0,13.36,13.0,b995538e-f704-4292-829b-64b031d48858
0,63,1,0,0.0,0,83.0,64,30.0,8.85,13.0,c7ce6b9d-078d-4ca5-8178-49c4df251669
0,55,1,1,3.38,2,189.3,95,76.8,5.93,12.5,bee38ce2-5ec2-4beb-b15a-ab919857e14d
0,136,1,1,3.54,0,90.4,105,68.4,10.07,13.1,0fdc97ae-061c-4fdf-b545-57f4cf232d03
0,80,1,0,0.4,2,149.8,123,53.0,13.82,10.9,f7c0ba3b-e39f-4433-97e7-05ebb08f9a9e
0,139,1,0,0.0,4,181.6,119,60.0,16.79,8.3,94de5473-4d10-43f2-92bf-843c6afeab6d
0,183,1,0,0.0,0,108.3,87,35.0,9.18,13.5,0eff198b-6d61-4f7a-a902-6fff986b10da
0,145,1,1,4.21,2,147.5,90,83.1,8.79,15.6,799f2595-b9f3-4aa6-81e9-a6a41aeb65b1
0,85,1,1,2.94,1,144.6,97,66.4,7.0,10.9,601da159-aaaa-4eb9-868a-7b032f5becea
0,147,1,1,2.81,3,251.5,107,91.1,11.71,10.4,f6163513-aa8d-42fd-8a7d-6ab63b1ee14e
0,86,1,0,0.0,1,150.5,92,36.0,6.02,9.0,82f0b577-9e6f-4de7-af29-4c4cfc7398e0
0,90,1,0,0.0,1,125.4,158,45.0,13.46,11.0,e11f0c86-b9bb-41f4-9713-970000b81f3c
0,94,1,0,0.22,0,137.5,118,43.2,10.16,13.4,6bd01b3c-5e9d-4182-aee4-4bd6992cdfa5
0,82,1,0,0.0,0,199.3,112,51.0,9.67,7.0,622adc88-08a9-41c6-8e36-dec39c7578eb
1,67,0,1,4.56,0,181.1,59,95.6,10.8,16.9,fbefc56e-74fe-469c-904c-26935c6223ba
0,141,1,1,2.73,1,148.6,91,64.3,6.56,10.1,4667367e-f114-43ad-a87d-12a10ce49b4d
0,144,1,1,3.29,2,251.6,87,92.9,9.88,12.2,34aaafd5-8c69-441d-ace2-a77447397cba
0,146,0,0,0.0,3,204.4,135,54.0,10.96,10.5,bb160e5f-e115-4c38-a22f-60d79be86d13
0,95,1,0,0.0,0,190.2,119,46.0,7.86,14.0,0a5e934b-c820-416f-96c9-941398243b5f
0,87,1,1,2.86,0,214.0,113,80.6,9.0,10.6,8beccfbc-3b59-47ea-9185-ee92a19c5b55
0,35,1,0,0.0,1,260.8,87,67.0,12.91,5.8,ef327a75-4823-46e1-9a91-1b2eb14d0fc9
0,58,1,1,3.02,1,240.4,80,81.2,5.95,11.2,77686fde-6861-4879-96f9-c9db326d19ff
0,110,1,0,0.0,3,188.0,127,40.0,4.53,15.3,b0e49a0c-c914-4bdb-9a27-d9328127c263
0,136,1,0,0.16,0,204.5,63,54.6,10.44,9.8,0dadff35-d3e7-4a3f-b006-eabcf505d423
0,91,1,1,2.46,1,216.6,101,76.6,8.66,9.1,95034b90-ebfe-427f-8994-702c754836dd
1,154,1,0,0.0,3,154.5,122,45.0,10.71,12.0,ae79a66e-fb98-4035-a0c0-c4e37d69652e
0,94,1,0,0.0,3,212.1,98,53.0,9.47,8.4,eaa080c8-0ea7-4bdb-9af4-d19d316f2779
1,61,1,0,0.0,1,260.0,123,63.0,10.53,9.0,d84d8bb7-a735-46f4-a7f3-934293a818e4
0,86,1,1,3.59,1,123.0,158,68.9,6.7,13.3,26104016-40e5-4fc6-8d6d-cf5821ead075
0,90,1,1,3.08,1,94.8,89,65.8,10.96,11.4,67f2c763-f71d-4c85-b62d-e7ab261bc477
0,115,1,1,2.59,1,142.1,124,65.9,9.17,9.6,9cc64087-dabb-4f32-a90d-4afce87f3da0
0,127,1,1,2.08,1,235.6,124,81.8,11.84,7.7,452f5dec-d66e-45be-99ab-cf196fbca780
1,117,1,0,0.39,5,118.4,126,45.9,12.47,13.6,802b2f88-3232-4093-9de7-6f1939456220
0,85,1,1,2.57,2,229.6,123,76.7,6.62,9.5,4a2339bd-5e1b-4397-82c8-f44a68e26533
0,111,1,0,0.0,4,222.2,96,52.0,8.13,11.9,8bcbde94-3246-4e94-b1fb-8d377104bc3f
0,128,1,0,0.0,0,125.2,99,39.0,10.27,18.9,c7d62b86-7a70-475d-bde2-21100a239a9e
0,80,1,0,0.23,3,202.4,118,59.3,13.01,9.2,9a7978ea-5e99-41ca-b6b9-9fe069027aac
0,75,0,0,0.29,1,153.2,78,46.9,10.54,7.8,2a04486b-a284-43b6-b75b-e9ccbbdf2f6a
0,105,1,1,2.86,2,209.6,68,77.6,7.35,10.6,4127d0c9-5a78-48b2-92a5-34731c1f5320
0,52,1,1,3.65,2,130.1,68,80.5,12.36,13.5,c3eeeead-25e7-438d-8c27-8e7012650110
0,98,1,1,2.62,0,278.3,89,82.2,4.67,9.7,127d5027-7582-48a9-a2e6-3b89365f546b
1,102,1,0,0.0,2,273.2,85,65.0,10.56,13.1,01e83c1e-d1d9-4fdf-bb22-45b2b1704e65
0,221,1,1,0.65,0,180.5,85,56.5,11.21,2.4,eec2764a-c6c8-49ae-85ee-3c36df62b62b
0,100,1,0,0.25,3,203.1,96,55.5,10.85,13.5,e1b3f9ed-a036-4bb4-9616-68b8a3c25cce
0,16,1,0,0.21,2,144.8,84,41.1,8.25,8.2,bb9f83db-f7a5-47c6-8077-39728a9c2269
1,85,1,0,0.0,5,165.8,96,45.0,9.5,10.9,66943f3f-8e8a-4fb3-a840-1c0f96eee333
0,114,1,1,3.48,1,125.2,79,71.8,8.89,12.9,37b6f9b7-107f-4157-8d8a-679d441c276f
0,78,1,0,0.0,3,139.2,140,40.0,9.57,11.8,1fd873f5-57be-4642-b3f1-94a9cf24abf1
0,41,1,1,1.97,2,239.8,110,79.7,11.1,7.3,713031f9-e982-417a-b078-bc4e5834676f
0,122,1,1,2.32,2,204.5,92,70.2,6.98,8.6,8fdb0700-38cd-4ccf-b08a-862b5a55260b
0,30,1,0,0.0,0,227.4,88,55.0,9.13,12.5,0e56ba6c-6600-44ac-abfc-fe2b698113ad
1,25,1,0,0.0,1,264.9,80,69.0,14.06,8.4,d54d33e2-2a5c-4126-9ac5-d2d498348393
1,113,1,0,0.0,5,61.2,111,19.0,4.62,13.7,a5b1c59b-e7a4-4b69-91f9-a9b8e8697537
1,119,1,0,0.0,5,159.1,114,47.0,11.57,8.8,aed3faff-3579-4958-96e3-784829c7fff3
0,80,1,1,1.03,1,190.3,115,65.3,12.83,3.8,965978ef-1075-4832-8ac4-699fbb0372d6
0,49,1,0,0.0,2,119.4,69,44.0,13.67,12.4,ff6ac017-6455-42b9-9eb1-5baf9ac735dd
0,63,1,1,3.29,1,190.0,137,75.9,5.83,12.2,05a92182-c419-4fbe-bfb3-1a84bdd2d28e
0,122,1,0,0.0,3,173.6,110,38.0,4.59,9.7,95af8ed2-13a2-4016-a194-767371b676a7
1,103,1,0,0.0,6,174.7,151,43.0,7.4,15.8,126c5496-0067-4b67-bd8b-a87e078618e0
0,189,1,0,0.25,3,227.8,124,56.5,8.48,5.6,16c27379-8f03-4023-b86e-ea4d10e8f45c
0,132,1,1,2.32,2,175.7,93,69.2,9.36,8.6,194ee9ed-1c05-4005-8812-e5ce91f86e96
0,59,1,0,0.42,1,150.2,70,46.2,9.29,12.1,641748fe-09e7-4bbd-890f-ab493aeb8eab
1,181,0,0,0.21,0,161.3,83,40.1,6.22,14.1,7c40518b-0adf-4c2d-a153-ced3d7c4aea6
0,110,1,0,0.0,0,148.4,95,42.0,9.69,6.9,0a3290d1-83a3-49e3-8e25-4eb94f0bc34e
0,71,1,0,0.21,0,211.2,70,60.1,12.64,12.3,d2705718-e706-401c-9767-44e5f8a07315
0,39,1,0,0.0,1,187.2,110,42.0,5.74,13.2,2f69ce75-722a-4f62-9fc2-3fb0ae46195c
1,98,1,0,0.0,4,271.4,119,63.0,9.52,11.1,a4ed2837-2ac7-47c3-85ea-b3093e9225f8
0,43,1,0,0.0,1,168.4,125,50.0,12.19,11.1,dddb9f8e-8aa9-4529-b10f-02bc9dabd8cf
0,92,1,1,2.7,2,152.0,95,77.0,13.75,10.0,851d5049-d7ff-421b-b7aa-4f70d28617a1
0,48,1,0,0.0,3,149.2,146,40.0,8.1,8.3,7bc805f0-011f-429e-9b7d-870d02c0e299
0,118,1,0,0.0,4,188.8,60,51.0,10.87,8.2,877a7c74-06f6-4bbb-9f58-52615afa6c2f
0,74,1,0,0.0,2,124.0,102,44.0,13.11,11.7,54659530-bf5b-4d23-ba8a-4dceb4d9ab8f
1,88,1,0,0.0,4,73.3,86,27.0,8.07,8.2,c2cd8de9-d33b-48c8-8418-8f40fa481e81
0,74,1,0,0.0,0,177.4,136,51.0,12.02,12.0,7dc1d3a6-1eaf-484a-9602-dfbb16a9d184
0,115,1,1,1.51,2,133.3,110,54.1,9.29,5.6,58ca4046-1390-4cec-a000-adc4f7c5e7ed
0,158,1,0,0.14,0,205.2,97,57.4,12.03,14.4,31dbf30a-a084-415d-a50d-b8425004e831
0,129,1,0,0.0,1,101.4,145,39.0,12.46,7.1,3b74d9e9-fd57-409b-a730-946918eb6904
0,179,1,0,0.0,1,170.7,54,46.0,9.56,13.3,ee2dc911-c2ee-4231-90c6-3c871a3e83dd
0,8,1,1,1.3,1,242.9,67,69.0,8.55,4.8,c2dedd47-5210-4954-9e6d-5d38e7db0f4a
0,156,1,0,0.33,1,178.8,94,49.3,8.92,7.5,2b69b534-d035-436c-9486-8d078d827a09
0,102,1,0,0.0,1,224.7,81,50.0,6.47,15.8,27a23668-4192-4b02-b896-fa6a29cad8ed
0,79,1,0,0.0,3,222.3,99,51.0,7.31,8.9,b24a2f4e-dfc5-4bc5-8be9-2cf81191d6d5
1,161,1,0,0.0,2,322.3,100,75.0,11.52,7.8,c3c79a5c-b065-4a01-bb88-22dab6e2f689
0,41,1,1,4.64,2,194.4,63,101.4,12.75,17.2,6480e783-9ce3-4453-bfa1-75c2be6da54d
0,174,1,0,0.0,1,192.1,97,48.0,8.5,11.4,235da85c-4eac-4af0-9e72-36ba3211410b
1,96,1,1,2.78,5,172.7,93,67.8,6.01,10.3,c5d90d8f-d2e3-48a7-b513-2a6e3d853de4
0,35,1,1,1.35,2,181.2,76,59.5,8.88,5.0,b2add601-c040-42d3-ad4d-2d15968d252e
0,72,1,0,0.2,2,141.3,133,38.0,6.75,11.2,beeeeafb-089d-450a-8eb8-b068bd771417
0,73,1,1,1.7,2,173.7,117,64.0,10.2,6.3,247e2ad9-f3d7-455a-88f1-1b2351763f17
0,113,1,0,0.0,1,193.8,99,52.0,11.07,10.6,aec1fd88-912e-4c3e-8b7d-e04d18fb7253
0,48,1,0,0.0,4,197.7,64,46.0,6.84,13.2,38dd8428-63fe-4016-8042-8ceb627f871a
0,107,1,1,3.24,1,248.6,91,85.4,5.97,12.0,c62b96c3-03fc-43ea-82af-0cb72e9e8ce7
0,59,1,0,0.28,3,160.9,95,51.8,12.56,5.0,a1726451-9a76-459a-8c62-7176197291ef
0,53,1,1,1.94,0,146.8,107,71.4,15.5,7.2,e7a62f39-1b5a-46f1-9241-77be1a589543
0,13,1,0,0.0,2,220.4,100,56.0,10.56,13.6,f545ec97-6a07-421f-bdae-88035849ea47
0,120,1,1,1.94,2,221.9,114,79.4,12.74,7.2,2902f1a2-f155-4a11-823a-ca9561d46dbe
0,52,1,1,2.21,0,169.3,88,70.1,11.3,8.2,a4de5adb-b7eb-438f-a6a5-09821384a93d
1,92,1,1,1.73,1,201.3,130,69.3,10.19,6.4,9b74fe4f-8c6a-4bda-b774-adbb63771a56
0,153,1,0,0.0,1,193.8,90,50.0,9.77,8.5,87666498-37fa-4ad7-92fe-bd16c445b593
0,77,1,0,0.0,2,163.0,112,47.0,10.96,6.7,dcc6b888-dcbc-4ee1-8421-08661a0c6fd3
1,80,0,0,0.0,1,276.5,122,64.0,9.78,7.2,db53f011-f678-43fc-8e03-19b0fada7338
0,76,1,1,2.57,3,160.1,107,67.7,8.44,9.5,95a34b55-96d9-4042-b5bd-4e4739ab041d
1,47,0,0,0.0,0,47.8,120,24.0,8.95,13.3,1f6961ae-56db-4c77-8e97-3e57283dc466
0,63,1,1,2.32,1,30.9,113,45.2,9.35,8.6,b0c6a436-e3cc-4d9a-bdfc-ce67cb78f80d
0,67,1,0,0.0,2,138.9,65,42.0,10.45,9.2,2e784fe4-67e9-4331-bf1c-a177f39b61b9
0,64,1,0,0.0,2,174.5,98,45.0,9.01,10.7,bededb7c-027c-4278-9514-748b9ed2d1e4
0,72,1,0,0.27,0,272.4,88,58.7,5.4,12.7,8cd7a610-b44c-4023-b40b-88fde5342e78
0,41,1,0,0.0,2,237.8,92,60.0,11.18,10.2,56d1dfb3-21e3-47c2-8f29-e0e3089cf866
0,33,1,0,0.0,3,184.4,111,49.0,10.19,9.3,8a482164-c7cd-4746-9684-d894fe8385e0
0,109,1,0,0.0,3,154.8,82,51.0,14.39,5.9,768e0931-cf96-4632-9a2c-6e8a269408d3
0,57,1,0,0.0,0,169.6,96,49.0,11.74,11.2,8a8cc0c1-1f36-4731-826f-00689e46c63f
0,116,0,0,0.3,3,215.4,104,58.0,10.24,12.6,e7d8cad6-ee22-4280-9411-bde2ddc95b2a
0,125,1,1,2.75,1,120.5,104,67.5,11.39,10.2,4cb1a395-70df-4d3d-8dd4-9598a56cde66
0,140,1,0,0.38,0,112.8,89,36.8,7.84,16.3,2742fc88-239e-476f-95b7-ccb4328e5d37
0,30,1,0,0.0,3,137.6,108,38.0,8.1,5.8,fc3617d5-a8f9-4179-b646-1aa4318392ec
0,121,1,1,3.24,1,116.0,85,65.4,7.51,12.0,1238f8b5-4c9f-4fbc-940e-78fab04ff2a0
0,110,1,0,0.0,1,135.1,109,41.0,10.26,11.7,79c12716-aca0-4c9c-af05-08d4d02403b6
0,69,1,1,1.59,1,155.0,98,54.9,7.12,5.9,7c4ef84c-4b0b-42fe-bca7-d110910386c3
0,95,1,0,0.0,1,135.0,99,39.0,9.18,12.5,c01de8be-a091-49b4-85b7-1e920186a705
0,128,1,1,2.32,0,179.3,104,73.2,11.3,8.6,2363f70d-3e87-46fa-8d05-3cda7b751658
0,71,1,1,3.21,1,183.2,103,81.1,10.47,11.9,c47e1398-bde0-4c47-a89d-72f6a0d7680b
0,146,1,0,0.0,0,189.3,77,46.0,7.8,7.4,871ff145-1a38-407f-99b6-d77c8310af9b
0,80,1,0,0.0,0,151.5,89,37.0,6.59,11.8,33559c0d-4ab5-4f90-870f-2bf25be9bd39
0,93,1,0,0.0,0,149.6,120,43.0,10.04,14.3,24416207-411b-425e-8ae4-f000f41c2451
0,41,1,1,1.94,0,213.8,102,68.4,7.09,7.2,409ac9b9-f066-420c-b729-fa98df3c286a
1,52,0,0,0.0,0,251.4,118,60.0,9.83,11.0,82c0d6ac-ffb7-4432-8fea-16c56718322e
1,154,1,0,0.0,1,350.8,75,79.0,10.83,10.1,5da092b8-4983-432d-b9a7-20cf9e438f9b
0,54,1,1,2.48,3,206.9,143,71.8,6.39,9.2,45196099-c946-425d-9a99-616d27f469d2
0,120,1,0,0.0,1,165.0,100,56.0,15.86,8.3,92b21407-0fb7-4887-be86-6ae1cecd37ee
0,69,1,0,0.0,1,135.4,101,44.0,11.91,10.6,034fbacf-d86a-44ed-841d-4f9a073850fe
0,146,1,1,2.11,1,202.5,91,76.1,12.07,7.8,92ae6eb2-ed66-48b0-a00b-af4387eb3e4d
0,82,1,0,0.0,1,197.7,101,45.0,6.38,13.5,ea690cee-4c04-4bf7-9a9e-a01aed00c75c
0,99,1,0,0.0,1,159.7,83,41.0,7.77,8.4,e6c6c289-7bc0-45ea-9811-7d7412a99d95
0,190,1,0,0.17,2,182.2,101,51.7,10.62,9.3,57036359-eab0-4f4b-bb85-19c2f59eb8a9
0,150,1,0,0.0,1,214.0,117,53.0,9.62,7.9,1972fb01-3d5e-4678-8d55-58bb625783a2
0,19,1,1,3.05,1,156.6,97,76.5,11.21,11.3,fcc06fb3-00a2-46a5-84a9-ccd6ff2d7c63
0,132,1,1,2.78,1,174.5,101,78.8,12.28,10.3,5bda7acf-b63c-47f0-ad07-83ecc01fcd0e
0,125,1,1,1.46,1,201.3,117,52.6,2.11,5.4,5530ac2f-1389-460b-aafb-21d3cfb23819
0,78,1,0,0.0,1,87.7,74,34.0,10.74,10.8,34b6cb8a-1948-4d6f-905c-26a802bb9e3f
0,46,1,0,0.0,1,90.4,108,39.0,13.81,12.7,978b4e0b-5a82-435c-995f-26586658b042
1,45,1,0,0.0,1,78.6,106,30.0,9.37,7.4,949d4bb0-779d-4ba6-b30a-d0172a29bddb
0,65,1,0,0.0,2,158.8,53,44.0,9.43,9.8,7f5e70b9-664b-4129-866c-c43b07ab980f
0,116,1,1,2.21,3,155.7,104,65.1,9.27,8.2,91ced8d9-9a4f-41ca-be6e-031ed3d7daac
0,101,1,1,2.7,2,238.0,88,86.0,10.48,10.0,f53b50f1-f659-4507-8904-801e7c1df4fc
0,28,1,0,0.0,3,168.2,87,43.0,8.09,10.1,a0fb0f96-9782-4705-9004-d260fc45efdc
0,7,1,0,0.0,3,206.7,87,60.0,14.06,11.0,fc3f13b4-37b3-4989-9057-190564c80a9e
0,92,1,1,2.62,0,134.0,112,67.2,10.3,9.7,7538d922-cccb-4d43-9e10-e265fd1570b4
0,80,1,1,2.89,4,166.4,92,77.9,11.92,10.7,d1077eca-e16f-4f7b-99e8-fb3c1c45170c
0,127,1,0,0.0,1,102.8,128,30.0,7.19,10.0,2d28afc5-9389-480b-b399-5cfaeb03a220
0,42,1,0,0.0,1,92.2,108,34.0,10.56,13.1,1f9c8be3-45d2-4183-917f-3543b9ebdc2d
0,70,1,1,2.65,1,249.5,101,91.5,12.99,9.8,3848c305-1a33-4ce5-9f13-0d884fd41cf2
0,65,1,1,3.24,1,282.3,70,93.4,7.6,12.0,008639aa-ce6f-4395-8d3f-0e6ea8a8e158
0,166,1,0,0.21,1,181.4,108,55.1,12.69,11.6,1f4c72fd-36db-4d1b-8abd-46a5a5620e64
0,173,1,0,0.0,1,191.4,114,47.0,8.43,10.3,6bf33aad-fa9f-43c9-be9b-2a23276647e9
0,125,1,0,0.0,1,137.1,94,42.0,10.49,8.6,fb7c94ce-0c26-40ac-8723-6a7c695f6a42
0,129,1,0,0.37,0,98.0,99,41.7,12.04,10.5,286cdc69-3d92-418c-ba40-3dddb9b70ea0
0,86,1,0,0.0,1,92.8,92,30.0,7.98,8.8,bb4d8dd3-14f8-4984-b08c-c437b4f0aeaf
0,87,1,0,0.29,1,146.3,108,42.9,8.59,5.3,7dae2cb0-1d8d-40c2-86fe-617b7e7bba96
0,100,1,0,0.0,1,115.9,87,30.0,5.57,7.1,1f63b7ac-d9e9-4738-ac74-e5f261577eda
0,51,1,0,0.0,1,181.5,108,48.0,9.85,10.3,4494d0a7-98b7-457b-8dec-ae82d8aae70c
0,66,1,1,2.16,2,229.4,104,82.6,12.87,8.0,5ec4a483-5f26-4db1-9ac8-b38aa8119e56
0,107,1,1,3.21,1,201.8,79,93.1,15.25,11.9,0b469b28-fe5c-4c7b-89e2-57001e4365ea
0,80,1,0,0.0,1,199.8,138,49.0,8.36,5.5,eabde69e-b944-47e5-a920-bf83a33d7def
0,20,1,1,1.92,0,171.5,98,62.2,7.66,7.1,4086f527-3e65-4ffc-9d1e-8f62fe11dce3
0,51,1,0,0.0,2,180.5,88,43.0,6.74,10.0,897fd42e-3a96-4b1d-bf48-bdf6f80be4b2
0,94,1,1,3.46,1,170.1,124,80.6,9.67,12.8,648a8743-bed2-4b81-b159-2b6f8bde121c
1,82,1,0,0.21,0,300.3,109,69.1,9.05,11.7,52afd05a-01a3-4a31-bfdd-08a2bcce72f7
1,188,0,1,3.89,1,198.8,115,86.9,8.33,14.4,ab28e541-fefc-46e3-9d1a-df885c1e880f
0,42,1,0,0.0,0,241.2,134,51.0,5.83,10.6,066eaabf-a459-4f39-a512-97b82b5f76b3
0,78,1,0,0.0,0,208.9,119,57.0,12.62,12.8,00806431-03f4-47f5-8454-559d8f503d53
0,55,1,1,1.97,1,207.7,91,72.7,9.99,7.3,c2cd3378-04f7-4ba3-8c5a-5e41f0da6f32
0,124,1,0,0.0,1,184.8,74,47.0,8.76,10.5,b542c551-33e1-4f2a-8609-3bf7ee9773e9
0,96,1,1,2.78,3,248.8,124,82.8,7.02,10.3,2ab5f60b-6408-4f6c-a022-8f78dab1d82a
0,100,1,1,2.65,0,224.7,121,90.5,14.7,9.8,5ec0df2e-5484-4e01-9f80-b82ae7351066
1,91,1,0,0.0,5,154.4,165,41.0,8.42,11.7,27850b55-202c-4ad0-b473-579fcc8e2faa
0,95,1,0,0.0,0,69.4,79,29.0,9.54,8.9,eb9535bb-72b4-4ee6-b77c-bb84809a29ad
0,84,1,1,1.54,2,106.5,65,53.4,11.29,5.7,1c79a8ca-b8f6-4d8c-9f27-f1dc469f9858
0,154,1,0,0.0,0,166.9,99,42.0,7.75,7.2,fac30d70-f7e7-4d41-a047-9879298eaf1b
0,96,1,0,0.36,1,106.6,128,46.6,14.24,14.9,bf793ab6-6c7a-41c9-a417-ff7d185aa341
0,160,1,0,0.17,1,216.8,77,56.7,10.37,5.6,2106e8ce-d7be-4e8f-919b-f20b389b2ae1
0,16,0,0,0.0,0,110.0,91,32.0,7.37,6.4,cc909f34-461b-4596-abd9-5a90d837cb20
0,116,1,1,2.97,1,182.8,122,79.7,10.64,11.0,87569de6-4584-4872-a0fb-eb4d1117c0ed
0,37,1,0,0.0,3,191.4,116,47.0,8.37,14.0,4d76cc68-fa9a-420c-b338-62d2d6250d1b
0,114,1,0,0.0,0,191.5,88,48.0,8.76,0.0,3ce4f594-7602-4a83-a962-8471f427ff58
1,92,1,0,0.0,2,184.7,60,54.0,13.1,12.3,9bdd9bb1-9fe2-4cfc-9958-858fd36414ed
0,86,1,1,3.43,2,261.2,122,97.3,10.71,12.7,723b17d4-1170-431b-a179-d356741220bc
0,105,1,1,2.3,0,193.5,85,75.0,11.01,8.5,31f2c2d4-dc55-4cc3-bb88-777fea013648
0,118,1,1,2.57,1,289.5,52,89.7,8.33,9.5,a06a54fe-51a5-4c37-aa7d-e5fbff7c645c
0,59,1,1,2.38,1,211.9,120,77.8,10.15,8.8,9084cab8-f2cc-4fbd-a78a-ec9315a314ec
1,100,1,0,0.0,4,113.3,96,37.0,9.9,11.7,dea8783d-b801-4545-b8bd-882fe8e97caf
0,45,1,0,0.0,1,142.4,107,52.0,15.94,11.1,ff108ede-0929-4b64-9b05-d3bd3c56164f
0,107,1,1,2.21,1,134.2,101,63.1,10.6,8.2,e522bbb8-98f7-409c-8de2-a11d1ce7f52b
1,122,1,0,0.0,1,231.2,141,63.0,13.39,8.8,61066bc5-c166-4f8b-8b90-c149958f1cdb
0,131,1,1,2.54,1,135.9,60,68.4,11.66,9.4,f49187a1-1da5-4687-b852-f42030947185
0,38,1,0,0.0,2,131.2,98,37.0,8.15,8.2,b97c7d7e-3bd8-4a77-8609-f8bd895e444a
0,103,1,0,0.24,5,167.8,121,49.4,10.65,13.0,bb5c32dd-7e2a-4cbe-9133-2fb39a5849b7
0,85,1,1,3.11,1,173.1,107,82.1,12.36,11.5,d0529d03-9948-424b-bbd2-0078e3542c9f
0,33,1,0,0.0,2,182.5,65,51.0,11.61,7.5,bfd0197a-ad3c-442f-bb05-2b8f80d787d9
0,75,1,0,0.0,2,147.5,110,42.0,9.59,16.4,20a5f0a1-43df-401d-bbe7-450a30f7d56e
0,91,1,1,2.48,0,162.3,107,72.8,11.7,9.2,7fd5b87f-6b59-4b3b-a33d-eb13b6c7bd34
0,148,1,1,4.73,1,93.6,137,80.3,9.69,17.5,d50e375e-2876-4ba9-8d96-2dc68eea7ade
0,105,0,0,0.0,0,228.4,100,52.0,7.26,7.7,628c14fb-97a0-45f0-8627-182be653536b
0,129,1,1,2.78,2,193.0,99,79.8,11.24,10.3,c1658090-1664-4000-9bf8-48f68e31ea75
0,98,1,0,0.0,3,72.8,107,29.0,9.32,10.5,d4b1ebbe-d163-4217-9987-284d9ce8387b
1,109,1,0,0.0,1,264.7,69,71.0,15.25,9.5,b61b2c14-08ea-4d41-b713-231c99018fdb
0,96,1,1,3.05,1,261.3,96,94.5,11.05,11.3,cb9cd517-387d-40bf-898d-5312651472c3
0,191,1,0,0.0,1,162.0,104,49.0,12.06,10.9,6f3f736e-2bfa-4971-8f72-671518d7db91
0,110,1,0,0.0,0,162.0,81,49.0,12.38,8.9,1dc07da1-3bc0-466b-8a42-8e1230419df5
1,129,1,0,0.23,1,137.8,120,45.3,11.29,10.2,910e7f5b-3424-4293-b60d-9b54dd085daa
0,67,1,0,0.42,1,167.8,91,47.2,8.39,8.4,40223922-7577-4347-9ee6-a77a9ce47316
0,52,1,0,0.32,3,191.9,108,59.2,13.49,7.8,f8e211bb-7811-4e05-9ab5-6799dd2702c5
0,59,1,0,0.0,1,204.3,65,56.0,12.37,12.0,61adca35-1bd2-448d-9bdc-7ef6c8e47386
0,106,1,0,0.0,2,147.9,97,43.0,10.47,8.8,83cc40ba-ab90-4068-b5fd-90edb0b7cbef
0,108,1,1,2.94,1,165.1,85,80.4,13.35,10.9,0a0bf8a4-eb15-4798-a217-c27beedfa9ae
0,165,1,0,0.0,0,216.6,126,54.0,9.54,12.4,610c684b-2dba-41cc-a80a-d612997927f2
0,95,1,0,0.0,1,134.4,104,36.0,7.62,9.4,63311845-e5e7-4fa1-9e8b-829dd8576c1d
0,71,1,0,0.0,2,103.3,103,30.0,6.93,9.0,be1d743d-6941-4031-a38d-c3d2f5d3fe23
0,64,1,1,2.43,3,228.6,88,84.3,12.43,9.0,36a60b0e-13c0-45d8-95f9-82f6f41223ae
0,52,1,0,0.0,1,204.4,97,58.0,13.66,11.0,27ea3ec4-4a7a-4030-aa0e-c9758b7a8341
0,193,1,0,0.0,1,170.9,124,41.0,6.62,11.6,107f13d4-1d69-41b8-a3e4-6fa0328c3b69
0,62,1,0,0.0,2,189.5,122,42.0,5.19,10.8,f23597ce-fef1-437f-afd8-39b1c02cbc9d
0,124,1,0,0.0,3,158.6,104,45.0,10.56,10.2,fdc27141-2657-4820-835c-f437421335c4
0,109,1,0,0.0,1,184.1,143,50.0,10.59,9.9,4057f55f-c238-4916-8dc7-8044990e7826
0,150,1,1,1.94,0,209.8,112,68.4,7.75,7.2,d646315c-e4fa-4425-9a7f-5a06ca876d6c
1,74,1,0,0.0,2,174.1,96,51.0,12.56,8.3,271d8284-bb39-4e96-b2d0-9fe5449d8177
0,103,1,1,2.08,2,121.0,105,64.8,13.52,7.7,53f87133-eabe-4e6f-8c30-3a4538979a2c
0,148,0,0,0.0,1,218.7,111,51.0,7.78,8.2,8a708495-aacd-489f-a89e-98b503e41f04
0,80,1,0,0.0,1,161.1,99,45.0,9.94,10.6,6ecfcfe0-bbb5-4880-bcc1-e078d0122fd5
0,102,0,0,0.0,3,224.2,81,59.0,12.17,12.0,4677d2dd-d220-44c3-8b1d-d0fb118be168
0,176,1,0,0.0,2,250.9,108,58.0,8.57,9.6,b66ab0d8-4e24-45be-b834-54004f1da021
0,134,1,0,0.0,1,205.3,122,56.0,12.03,5.0,a011c8e6-bb5c-4ebc-9cd8-508b624da16f
0,92,1,0,0.0,1,197.0,84,57.0,13.47,10.8,1df52d5f-d1eb-4e33-bc74-ffcf4e4cfdd4
0,111,1,0,0.39,2,110.4,103,34.9,6.87,7.7,b0776384-d401-42c8-a631-64ae2f93d756
0,39,1,0,0.0,2,160.4,68,36.0,5.13,9.1,4fe7cdfe-14c4-4e57-b7e9-00ed06dbd624
0,34,1,0,0.0,1,128.8,80,40.0,10.44,14.0,20566d5c-77be-4416-92b6-21e01664d308
0,139,1,1,3.48,2,96.2,112,66.8,8.95,12.9,aa633591-1771-4e62-8ded-2aff3b68ca42
0,113,0,0,0.31,1,204.3,82,54.1,9.44,9.2,64d92d9d-fee8-4158-bcdd-bdd35671643d
0,99,0,1,2.27,0,126.8,94,69.7,14.68,8.4,7ff99c06-b364-48e8-bc1f-ce8ab0c28213
0,43,1,0,0.0,1,199.9,108,59.0,14.42,11.3,4672d1c9-5652-45c3-b40b-3e6daf8d39aa
0,115,1,0,0.0,1,200.2,92,55.0,12.25,8.8,c2848948-896c-4153-a847-654b079b8de9
0,60,1,0,0.0,1,220.6,57,56.0,10.56,6.8,60e0c917-dfbf-4d64-a4f0-f65b4a952b24
0,110,1,0,0.24,3,100.1,90,39.4,11.67,11.1,810b21c6-f238-4aa0-a47f-a78c834ce523
0,72,1,0,0.0,2,165.9,114,49.0,11.8,12.0,720630f5-94a2-4f12-a1da-816cf65f3872
0,86,1,0,0.0,3,194.2,98,50.0,9.69,9.3,ea7eedef-a34f-475a-9c54-9e5bb104a5d8
1,101,1,0,0.0,1,239.0,156,64.0,13.65,13.5,ff1714d6-dbab-403a-a774-4688207e97a3
0,100,0,0,0.19,0,68.5,110,42.9,16.86,12.1,ed77ad74-1657-4425-ac7a-428b09cec961
0,71,1,1,1.51,2,141.4,107,53.1,8.15,5.6,bbb197de-61dc-4a91-ba98-00c413fa64ef
0,106,1,1,2.67,1,81.6,120,60.7,11.78,9.9,8e9268fa-39db-43e0-b46a-90e1c58825dd
0,21,1,0,0.0,0,146.0,78,35.0,5.49,6.8,8fde955b-52e0-48d2-8c81-7a8db69b4dc0
0,47,1,1,2.86,0,112.2,70,61.6,7.74,10.6,e756db8d-c1dd-4c3b-9676-c9b798a0e34c
0,140,1,0,0.0,1,159.1,104,50.0,13.49,10.3,3815e5d9-b63e-49d5-8240-4b288d565a19
0,142,1,1,2.57,0,239.8,103,91.7,14.3,9.5,1dcce119-d38f-4d44-b543-37f608329b5e
0,80,1,0,0.0,1,239.9,121,53.0,7.12,9.3,a5bc72ec-2cd9-4915-a58e-5ef51d44389c
0,166,1,0,0.39,1,220.7,106,56.9,8.89,12.4,4082da74-3def-43b1-a49b-f2f7ae85ad8d
0,190,1,0,0.0,1,169.4,102,51.0,12.68,8.9,bc93efba-e0e8-4685-ae6f-726994aa2a64
0,56,1,0,0.32,2,91.1,90,34.2,8.97,11.9,9b6765b1-f6e3-46c7-87ce-5853cb2b1319
0,46,1,0,0.26,2,214.1,72,53.6,8.22,8.2,adb564d2-2d0e-4afb-83a2-04e0663c3063
0,86,1,0,0.0,3,136.4,104,41.0,10.13,11.5,b8e3d223-86bf-4909-87af-22e76e83b1d7
1,133,1,1,3.81,2,174.0,80,86.1,10.47,14.1,e5ec3f2f-baa6-46b6-b07e-41dec3977e1f
0,153,1,0,0.33,0,228.9,102,56.3,8.04,12.5,39f79467-1523-4211-adb4-fb3e52f6cea2
0,92,1,1,2.75,0,141.6,95,69.5,10.4,10.2,f0524864-14e7-45a5-945e-659784f7444c
0,70,1,0,0.0,3,214.8,87,48.0,6.55,9.4,3b41bca3-0eb8-451c-8bec-4ec9f3d6b262
0,61,0,1,3.16,3,128.2,119,68.6,8.59,11.7,09b9d327-9e92-4fe3-a2f6-fd08d5e1015f
0,106,1,0,0.0,1,191.4,124,50.0,10.04,8.2,6227af99-e460-4f9d-9aef-1e5b7714c70a
0,90,1,1,2.08,1,183.8,76,71.8,11.49,7.7,103a475c-fa96-4a31-9da9-61f8a43520ae
0,42,1,0,0.33,2,150.7,52,50.3,12.34,7.0,8b43cbe0-c244-4c01-8971-6c4d59b89f35
0,119,1,0,0.0,3,138.3,89,38.0,8.53,13.5,aa9d8f95-ac8c-4ddc-8758-7d441c89cb06
0,66,1,1,2.4,0,190.8,100,79.0,13.07,8.9,2a70ede0-01af-4e0e-8b3a-a534f486956b
0,155,1,0,0.0,2,262.4,55,62.0,9.73,8.3,5a2aa6f1-f75d-466f-86af-1a711309e6e3
0,123,1,0,0.0,2,114.8,94,33.0,7.5,9.6,dc34b04a-d364-466f-b09b-77aeb4a6eea5
0,156,1,0,0.0,3,174.3,95,46.0,9.33,12.9,1da65dc6-2f7e-4e9a-bea8-d206e04d42b8
0,48,1,1,2.05,1,198.0,70,77.5,13.69,7.6,68672c14-7956-4014-a4c4-24452e2b93b5
1,143,1,0,0.0,4,167.8,72,47.0,10.55,10.5,b4e96fb8-e82c-4b33-a26d-67dbb9ae3697
1,166,0,0,0.0,0,47.7,89,31.0,13.22,13.2,d8610cc4-1a41-4bc0-af67-794018fc9d6d
0,91,1,1,2.94,1,169.8,105,64.4,3.26,10.9,4827e294-721c-4433-8eef-4b7ef9ec0eb5
0,54,1,0,0.0,1,273.8,113,57.0,5.98,11.7,3da7b6c5-5eb4-4701-8a9f-af1c172bd563
1,97,0,0,0.38,0,236.9,107,57.8,7.88,7.3,3a1ce9cb-80e5-4fc2-8bbc-57dd35c698a9
0,118,1,1,2.65,3,294.9,106,91.5,8.29,9.8,ac0615e8-91ef-4b47-9d11-68a4b54dc65e
0,162,1,0,0.0,1,49.2,121,21.0,7.2,12.1,1b06da87-e637-4f49-881c-df1eca0078fa
0,87,1,0,0.38,1,231.3,105,57.8,8.59,13.0,99a5756d-5a60-44a5-b3af-7af467e03471
1,122,1,0,0.29,4,157.1,134,45.9,9.25,8.5,e1884573-c08c-404e-852b-c8d46fe8d797
0,138,0,1,3.16,0,225.2,116,85.6,8.67,11.7,81b2bfaf-aa1e-4ca3-b24e-f9c822629970
0,125,1,0,0.0,1,233.3,65,58.0,10.49,9.1,a43a7aca-6147-4fe0-b6dd-0e6615421e9a
1,101,1,1,2.38,1,123.7,125,59.8,8.63,8.8,c410de28-119f-4a75-b04b-af90638e947b
0,131,1,0,0.0,1,110.9,74,29.0,5.78,15.8,d68242b3-9083-4f6f-a3ec-d98848222772
1,106,0,0,0.0,1,133.7,45,39.0,9.39,10.7,472f5b72-6463-489f-952f-f6ab253b94bc
0,101,1,1,2.92,0,160.1,116,75.2,10.5,10.8,0b93eeb7-c86c-4e0c-b386-66453954158d
1,103,1,1,3.75,4,110.5,101,74.5,10.42,13.9,4dfebed8-0fb1-48a2-8308-8a751ebb4a7a
0,141,1,0,0.0,0,192.4,111,47.0,7.85,11.0,18ae4a8e-54af-4c02-9f4e-552d0ea2288a
0,104,1,0,0.3,1,278.4,106,58.0,4.05,9.8,af6fccb4-7b2e-479f-9389-f1fc7e643f0d
0,120,1,0,0.0,0,221.3,106,61.0,13.38,9.3,89740e1b-6d64-47d9-b8c8-3e94a7d3e21e
0,79,1,1,3.24,1,236.7,95,95.4,13.18,12.0,1dbc02dc-45d4-428f-a048-959cc302023d
0,172,1,0,0.0,1,211.7,100,53.0,9.94,6.5,d9c8f055-a873-4fe6-9268-2b72ecc3dd80
0,190,1,1,2.3,0,166.5,93,67.0,9.15,8.5,824bc2f7-b1ce-461a-ac2d-a24d08438ad0
1,129,1,0,0.0,0,334.3,118,74.0,9.61,10.4,54f42dc3-e310-4000-be86-1117d15e0fc9
0,45,1,0,0.0,1,96.1,103,38.0,12.34,9.7,cd161e9a-6c55-4ab4-b581-a3527d495653
0,119,1,0,0.34,1,222.8,122,55.4,8.16,11.2,cea6b443-8638-4518-b712-59cabab5edbb
0,185,0,1,3.48,2,154.1,114,71.8,5.94,12.9,0444644c-64d5-4c9a-a758-7941c096ce1a
0,91,1,0,0.0,1,109.8,100,35.0,9.48,11.1,56469b9f-c51b-4f85-bde2-00578abe9a18
0,55,0,0,0.0,0,106.1,77,29.0,6.18,12.9,4e49fb4f-0701-4177-80db-30d0af91a0a9
0,75,1,1,1.43,5,175.8,97,63.3,10.88,5.3,9a5cdc6b-d461-478d-8ec8-3db84c62a51b
0,51,0,1,3.32,2,135.8,60,74.2,10.03,12.3,e6b9d539-4423-471b-b65f-9f1cc46729bc
0,137,1,0,0.26,0,144.0,90,42.6,9.08,12.3,d0779348-8e7d-4f04-805e-1acfa30bc30a
0,66,1,0,0.0,1,118.0,133,42.0,12.41,5.3,8da976ed-95e6-4dca-8f3d-3c5a288e7a12
0,85,1,0,0.0,1,126.1,112,45.0,13.74,9.8,bb56eb68-3675-4f75-811f-35a73abfe2ad
1,39,1,0,0.0,1,295.4,126,70.0,11.61,11.5,a919cdd9-451b-4036-aa2a-81719b31f977
0,89,1,0,0.0,1,197.1,110,48.0,8.3,12.8,2e09051b-59a5-46f9-a398-bea114980bc5
1,50,0,0,0.34,2,99.6,108,47.4,15.44,13.7,65807321-8502-42b4-9999-70e87deaf0e4
0,43,1,0,0.0,1,241.9,101,53.0,6.47,5.9,b525975a-9484-47ef-b7e2-d0ef15b482be
0,100,1,0,0.0,1,247.8,117,54.0,6.5,6.9,a30a5773-5f6c-4f20-9d2e-673a955a96af
0,29,1,0,0.0,2,196.8,81,48.0,8.4,12.7,24fb8e05-19a9-41fd-8b43-c84e49f301f5
0,74,1,1,3.94,2,193.7,91,93.4,12.31,14.6,4b24720d-ea47-4f2b-9839-4c26886b05ca
0,124,0,0,0.0,1,244.6,89,58.0,9.44,11.3,258c20f1-9608-43df-b5f3-17866e274480
0,122,1,0,0.0,3,215.6,86,51.0,8.39,6.4,bef0dd7f-9323-4b51-993a-2365e19f59ec
1,34,1,0,0.29,2,293.7,89,76.9,13.63,11.0,7471a1e7-6f91-44da-b3b1-f496a83e71fa
0,78,1,0,0.51,1,168.3,110,53.1,11.06,12.5,462b78f3-8fd1-4fa2-b642-4ef064dd9f89
0,88,1,0,0.0,2,189.8,111,50.0,9.87,14.9,1aef59ad-a9d6-4f09-b339-612763bf9d44
0,129,1,0,0.41,2,159.1,100,49.1,10.13,11.5,634222a5-8c21-498f-a275-6e214c473adf
0,105,1,0,0.33,1,193.7,108,52.3,9.16,10.8,7854e10f-32b1-4d43-9ef0-396158fc9a9f
0,123,1,1,4.02,2,245.0,88,105.2,13.25,14.9,0295ab09-fe41-4d7a-a378-f5d25949ec64
0,141,1,1,2.11,1,215.4,123,86.1,16.44,7.8,b99a0497-0df0-4243-ab8f-463a65d64e8c
0,67,1,1,3.56,1,175.2,68,82.6,9.96,13.2,6f90ef11-1df3-48a8-8590-8e0579d5051e
0,141,1,0,0.32,1,83.2,74,34.2,9.53,10.7,d6359e35-d5e2-457c-844c-fde87f8b4be7
0,18,1,0,0.0,1,273.6,93,57.0,5.73,8.2,abd25fb8-298f-48d3-96a3-e402d25b432c
0,124,1,1,2.4,1,161.2,109,69.0,10.21,8.9,f7513be5-241e-4b16-8cf1-0669ab606de9
0,21,1,1,3.48,3,132.7,94,74.8,10.23,12.9,4d1dfbfa-414e-4acb-afd8-8832412068d6
0,92,1,0,0.0,1,157.7,101,53.0,14.93,13.8,ef9c6674-8b16-4f4f-b10f-c446978d7b66
0,107,1,0,0.35,0,206.9,79,61.5,13.12,10.7,d490d71d-e66b-4a4f-8c63-b273d53544e3
0,96,1,0,0.0,1,179.5,125,45.0,8.12,6.6,2756af94-304b-4c4e-8afb-3a797304b274
0,87,1,0,0.0,3,184.5,81,46.0,8.6,13.7,e1be5b48-24c6-472d-b055-fdb1958bb85b
0,59,1,0,0.0,0,195.0,58,51.0,9.93,14.8,b378edc3-80b9-4d46-a661-82fdeb080d60
0,132,1,0,0.0,0,195.1,100,46.0,7.44,6.7,347cfe65-fa6e-4f0a-b459-251e6e95f858
1,124,0,0,0.0,3,157.8,71,45.0,10.16,10.0,d75e68bf-5f78-4cf0-9745-5afef6625353
0,103,1,1,3.19,1,138.8,80,67.9,7.1,11.8,b514d11b-25e7-4c65-853a-aa6b955d34a2
0,92,1,1,2.16,3,155.4,110,64.6,9.43,8.0,6f6a70c9-a998-4f88-b836-80a57ddbbdc2
0,190,0,0,0.0,3,111.9,55,38.0,11.15,10.0,06d299ce-cc9c-4a72-a82b-43c2bf1ab0e6
0,18,1,0,0.27,3,197.0,97,53.7,10.19,8.7,04927946-55e6-4ac2-9b4a-0c3a55799d04
0,122,1,1,2.08,2,166.0,62,69.8,11.7,7.7,f41cea11-b611-46db-9661-1439682e506f
0,193,1,1,3.16,0,71.2,58,54.6,6.24,11.7,ea96d35e-5eae-41b3-ab2d-54b8f4d5729a
0,157,1,0,0.0,1,196.0,74,52.0,10.67,7.9,ff393b84-09a2-44d0-84d0-95d70aeb5a12
0,123,1,0,0.2,1,209.4,49,58.0,11.87,9.8,4b88e05f-de3f-4e9e-ba03-a1981f5de716
0,135,1,0,0.32,3,155.2,100,41.2,6.8,3.8,60edb5d0-26e5-4e9c-ae17-085b4b7887d6
0,140,1,0,0.0,3,149.7,71,44.0,10.63,12.6,a12a6711-2875-4973-a033-e1b75ad72cd2
0,119,1,0,0.0,1,231.5,82,63.0,13.35,7.4,bf34179c-ffe9-47f2-bd0a-b532f82c3470
1,68,1,0,0.0,5,162.1,86,41.0,7.75,11.0,178b28cd-bfb4-47f4-81ab-0a25e94db524
1,94,1,0,0.0,4,157.9,105,41.0,7.75,8.0,d12eb78a-2dd4-4e96-95e0-4de116a48111
0,90,1,1,1.57,1,150.1,109,64.7,13.24,5.8,bf5631cf-d648-4df9-b952-803da12314f6
1,111,1,0,0.0,0,284.4,89,62.0,7.85,8.4,4b2bdf57-d539-45aa-960a-00c5011a58fc
0,140,0,1,3.11,4,188.9,124,77.1,8.05,11.5,5065fe41-ea03-4710-8ccd-59fa756b0113
0,135,1,0,0.0,0,151.7,82,36.0,5.95,10.5,47d8e060-9a53-4941-9b3d-030c1ad0e286
0,135,1,0,0.17,2,239.9,91,57.7,8.86,5.9,0bce2c43-22ed-420c-b469-cef6784f591b
1,64,0,0,0.0,1,225.3,134,48.0,5.41,17.3,bf86bcb5-2377-4582-a2b9-30ace65f584a
0,137,1,0,0.36,1,97.5,95,37.6,9.79,0.0,d9d3c9be-ef11-4742-8447-b233dd0b03d8
0,169,1,0,0.0,3,147.2,115,39.0,8.1,7.2,4cef119e-dcfb-4c3a-ab5b-b7de2aeec893
0,126,1,1,3.4,3,114.3,102,70.0,9.52,12.6,939d3cc5-73ea-403b-8059-049940504ab0
0,55,1,0,0.0,2,194.1,121,49.0,8.83,7.0,0a4488c6-715d-4aa7-b324-bc3ce6a6f307
0,97,1,0,0.0,2,239.8,125,60.0,10.74,8.7,a8235ad9-876f-4e47-9ddf-746763d8c5c3
0,84,1,0,0.0,1,203.4,125,51.0,9.15,13.8,3b8202af-0ebe-4f70-b992-c033465ec58f
0,100,1,1,2.4,1,213.6,127,76.0,8.8,8.9,c2306361-a7ea-4b24-9d16-0e06163967a9
0,107,1,0,0.0,0,133.8,85,39.0,9.03,8.9,e9617c68-a4b4-43ba-8269-36086d25727b
0,128,0,0,0.0,0,245.2,112,51.0,5.08,10.7,2c13ffcb-8885-43f3-a34e-c7d85da851a1
0,31,1,0,0.0,1,165.4,84,46.0,10.19,8.2,247b1e2a-6013-473b-9ab2-52d5975dad70
0,100,1,1,3.51,1,246.6,94,89.1,7.07,13.0,b5f37658-ec4d-4c52-b12a-d3b07ab62840
1,77,0,1,3.21,0,103.2,117,70.1,11.82,11.9,c71941fe-036b-40d6-9345-eaa2a2893f05
0,50,1,1,2.13,2,192.6,97,66.3,6.76,7.9,ecf79150-e482-472e-88c8-1c0d9a8be5cf
0,126,1,1,3.27,0,58.9,125,68.7,15.28,12.1,a55bbbdd-8232-4f33-b274-f495ecc84e10
0,132,1,0,0.0,1,206.2,100,53.0,10.56,10.2,187f47a8-d69f-4138-8f7b-df10c76f6fa2
0,13,1,1,3.48,1,265.3,94,92.8,7.38,12.9,b78ad5ac-2094-4eca-8c71-bf4eee9f0b01
0,45,1,1,2.08,1,196.8,92,76.8,12.71,7.7,bbeb8530-b3dc-4473-a606-ec3bcc5536d9
1,138,0,0,0.0,0,196.2,129,49.0,8.83,15.2,e4920f9b-281a-4cfd-8ef4-85aab9858b41
0,127,1,1,2.43,1,154.8,69,66.3,8.86,9.0,9e9feb4a-f10b-4016-ac83-763cc237da7b
0,100,1,1,4.29,1,153.7,115,80.9,6.89,15.9,0bf3134b-422b-4dc3-9110-2254db5efb12
0,146,1,1,3.94,1,176.6,88,83.4,8.14,14.6,7d641508-e6e5-45c3-8684-c472fdc24f26
0,74,1,0,0.0,3,124.8,114,33.0,6.65,10.6,9f2b27f3-c88c-4065-a802-63c564b4cc34
0,81,1,0,0.0,0,129.9,121,42.0,11.51,13.3,f7833345-62d5-463d-b811-0ebfe5044b81
0,127,1,1,1.3,0,173.0,91,64.0,12.29,4.8,e344243f-448c-4b7c-a251-20de8aaa7bcc
0,64,1,1,3.59,1,154.6,92,69.9,4.17,13.3,319427c6-cd9d-4fb7-aca6-6ba40641e200
1,70,0,0,0.0,2,226.7,98,58.0,11.41,17.6,089fd6be-6057-4152-8faf-65a53821a151
0,169,1,0,0.0,2,179.2,111,46.0,8.76,9.9,2d5ab59d-e4f4-4100-86c6-adc5903114c5
0,153,1,1,2.03,1,167.7,104,70.3,12.34,7.5,ce4ceb2e-6fde-42f6-b31e-805d91f4921e
0,100,1,0,0.0,1,191.9,95,50.0,10.05,18.2,83b545be-ab4c-4e95-8c5b-630e582ff1de
1,108,0,0,0.38,2,115.1,114,41.8,10.57,13.8,8de7847e-89f7-45a2-9fec-468499bfc51d
0,154,1,1,2.43,2,192.3,82,71.3,8.27,9.0,7fc93a53-2a62-4985-910a-bb5620ee02eb
0,112,0,1,2.81,1,200.3,72,79.1,9.89,10.4,1168e437-f63e-40f6-9648-5e149db0c650
0,183,1,1,2.75,1,171.2,104,73.5,9.68,10.2,9892655a-5b03-42f0-abc9-97797ac3ff96
0,86,1,1,3.21,3,253.1,112,93.1,10.51,11.9,8d3fb58c-9bdd-4555-91f2-22ffa475d0b8
0,108,1,0,0.0,1,215.6,78,54.0,9.77,3.6,8e64404a-e814-41c2-a858-811b3226deff
0,118,1,1,4.56,1,118.1,83,75.6,5.48,16.9,76917a3f-1223-4253-9461-220657788446
0,116,1,1,3.13,2,268.6,83,92.3,8.91,11.6,39e2cae5-9d61-47aa-8d43-73da7c667d66
0,173,1,1,1.35,3,232.4,96,71.5,10.6,5.0,93b745c9-b53c-427a-a501-c8cdd37d8783
0,3,0,0,0.26,1,161.0,96,51.6,12.25,7.7,d0a3c2b8-aca3-4e41-af13-65cc48d64a63
1,153,1,0,0.0,1,159.5,103,51.0,13.78,10.1,2a3a0a69-5297-488f-bf1b-0a2932385ebd
1,161,0,0,0.0,1,194.2,106,55.0,12.47,12.9,70cfe65f-0f89-4a8e-ab36-f908f95682e2
0,133,0,0,0.0,1,127.3,108,43.0,12.57,10.3,667d3434-cba7-47dc-ae04-e2ab62706888
0,133,1,0,0.0,1,162.1,91,46.0,10.61,12.2,80c4b6f0-6a48-4955-b0ca-77873cffcc84
0,32,1,0,0.0,2,164.8,98,48.0,11.5,14.8,e7359b93-2dd1-4261-b0fd-6487fbbfef8e
0,110,1,0,0.0,3,151.8,106,38.0,6.9,11.2,8c71e28b-a708-4978-ba74-071ce2572e5c
0,114,1,1,3.13,1,129.0,77,78.3,14.5,11.6,53b2b1d8-ef53-479d-8846-2da2f34b302e
0,50,1,0,0.0,0,154.7,102,52.0,14.9,11.1,911661e1-a8bc-45a9-97a6-24327f847f24
0,28,1,0,0.0,2,180.8,109,56.0,14.44,14.1,44b0b465-8cf6-47af-87c9-b4b13ff3e0f8
0,130,1,1,2.92,2,152.9,87,74.2,10.66,10.8,cd9785fe-b92f-4a50-a725-182944947d5f
0,148,1,1,2.19,1,262.9,135,79.9,7.48,8.1,be70da5f-1962-4a7d-9a01-7abf55d2d828
0,89,1,1,2.86,1,215.1,140,82.6,9.87,10.6,97ba8367-53b5-43ed-bad6-5b1a1367847d
0,52,1,0,0.0,2,217.0,104,50.0,7.62,11.8,cf649625-db42-4ec8-8f89-0268849fb96f
0,86,1,0,0.0,1,141.3,72,38.0,7.72,8.2,ee87fc97-b20e-4982-803b-fcd818a88fad
0,171,1,1,1.57,1,186.9,94,68.7,12.0,5.8,704087cc-4701-4428-b22b-b4b733702dc9
0,90,1,0,0.0,2,214.9,97,47.0,5.89,11.8,4d1bceaa-6dd6-491d-b66a-f044bf55b02b
0,92,1,1,3.02,4,167.4,83,81.2,12.93,11.2,2bfbaf89-e612-4740-a353-4e8db4ba829b
0,112,1,1,3.05,1,221.6,110,79.5,6.51,11.3,9b7d95e6-48cb-4a63-b71e-4a261c46b538
0,84,1,1,2.03,4,207.5,138,73.3,10.05,7.5,e76c9c6e-0930-4875-ac49-a389062c64a6
0,90,1,1,3.48,1,71.2,82,62.8,9.08,12.9,a803ae74-b19e-4d4c-b16f-0a624a20f425
0,95,1,0,0.0,2,142.5,109,40.0,8.81,8.2,f4a36531-f4fe-494d-b412-8447ab556722
0,93,1,0,0.42,0,190.2,68,59.2,13.11,8.8,48886ada-9db4-4080-85a6-8dbd0cd00b12
0,63,1,1,1.78,1,142.3,107,52.8,5.94,6.6,6b5999e4-7455-4459-9eb9-0e66fdf677a4
0,74,1,1,3.56,4,154.1,122,78.6,9.77,13.2,c5a9462b-6f50-415b-bf57-706638c39aec
0,24,1,0,0.0,1,241.9,104,54.0,7.26,6.6,d0242c8b-8b7d-44f3-8667-69ec084be72b
0,94,0,1,2.57,4,197.1,125,77.7,10.73,9.5,544b5331-d115-4838-bb5e-e1754dffdb5d
0,53,1,1,1.76,1,25.9,119,39.6,10.33,6.5,7f9d2bb7-221c-4be3-b0f5-7cf234feeaa1
0,89,1,1,2.84,2,188.0,105,73.4,7.57,10.5,d6b7d71f-0f01-47c2-90f8-3ef3db092aab
0,51,1,0,0.31,2,51.8,107,32.1,11.51,10.4,0f4d2879-bc8c-4cc3-b447-5cbdfc91c4cb
0,115,1,0,0.0,3,132.0,90,40.0,9.88,0.0,f60aa595-8158-4e8c-b48c-28628497af8e
0,124,1,0,0.0,1,151.1,123,42.0,9.37,5.3,91f0e006-2692-4e2e-a9af-b66e61bf537a
0,124,1,0,0.0,2,151.0,98,36.0,6.03,9.2,29399fd4-e799-4457-8a6b-abf600313693
0,84,1,0,0.27,1,86.0,83,39.7,13.04,8.9,e5977503-4712-41ee-8a1d-cf217ede572d
0,106,1,0,0.24,2,52.2,106,30.4,11.01,11.4,a3c1d361-3f47-4a5c-ad03-c1cf13861513
0,87,1,0,0.43,1,185.8,119,52.3,9.62,6.6,e4db869d-e929-464b-9cba-0c74e195a429
1,173,1,0,0.0,0,291.8,143,68.0,10.72,9.9,34e2cdf7-0b89-41b0-80a2-62b9413795d1
0,166,1,0,0.0,0,136.1,116,39.0,9.07,11.3,8f338eef-af29-4049-958d-0e9ed1768aa6
1,161,1,0,0.0,1,297.9,141,71.0,11.91,8.9,1cad88b0-1bea-46dd-aa1d-e0a9baa83919
0,127,1,0,0.0,1,146.7,91,43.0,10.18,13.7,29ebe4a7-9be9-4f16-a23b-67a58fe23cc5
1,68,0,1,3.83,3,125.7,92,83.3,13.8,14.2,0b4bc5e8-fbf7-4963-ab63-1df257504485
0,82,1,0,0.0,0,130.0,110,38.0,9.27,8.3,8bc71c90-325b-4883-a7ca-14219e8b3b05
0,163,1,1,2.81,1,160.0,104,72.1,9.47,10.4,864af647-3d0b-4b43-a9db-59342054f812
0,90,1,0,0.0,1,140.2,97,43.0,10.7,7.1,e95c9123-2732-4755-9ac2-848951de5acc
0,167,1,0,0.0,1,166.4,85,49.0,12.16,9.9,5b0dec40-75f4-4b29-b8ae-798ebd78f659
0,86,1,0,0.3,2,148.2,71,53.0,14.26,6.2,9f74a7ef-f25d-4f4c-81fe-a2c609fedd35
0,120,1,1,2.62,2,212.7,73,85.2,12.88,9.7,8e62c0e4-9b7f-4bc3-a646-a9342a24fde8
1,132,1,1,2.84,3,226.2,103,82.4,9.08,10.5,614f78b2-5b1f-46c6-876d-e6a8d6824d30
0,168,1,1,1.97,2,175.9,70,67.7,10.59,7.3,95bb1c4b-732e-4e28-9e06-cd68aa561b18
0,101,1,0,0.0,1,220.3,124,54.0,9.43,10.6,52dc4496-6717-484b-bd17-607120659800
0,151,1,0,0.43,0,175.3,106,47.3,7.22,11.8,a2ea4d41-533a-4d01-b325-598a62dcb60d
0,94,1,0,0.21,2,190.4,91,43.1,4.6,13.6,73a33c71-8eec-4b2d-a824-eb0eca179722
0,164,1,1,2.59,3,159.7,102,67.9,8.44,9.6,61a77941-e10f-4572-8fe9-944681e7b251
1,93,1,1,3.19,4,134.2,105,68.9,8.13,11.8,18cd009c-bece-4a6c-9308-11b0aac5ac6b
1,147,1,1,2.73,2,197.3,134,73.3,7.06,10.1,325e36a4-5430-41e5-8ace-23f6df07fab6
0,163,1,1,2.38,1,224.0,126,81.8,11.68,8.8,d4d04c42-f9cf-44b5-80b6-3cea172224a6
0,136,1,1,1.86,1,205.5,86,79.6,14.93,6.9,d15b79d6-9419-4c59-aa9f-d7c54312b0ce
0,77,1,1,1.92,2,209.7,73,71.2,9.18,7.1,97bb72fd-c2da-4b05-8ad6-9238efa2ce3f
1,84,1,0,0.0,0,280.0,113,65.0,10.11,10.4,9bcfd7a5-247a-48ce-b26f-d0257b791182
0,82,1,0,0.0,4,185.8,36,56.0,13.83,5.7,bd533de2-535c-4fcc-85af-13b03e476eb4
0,86,1,1,3.29,1,167.6,139,71.9,5.65,12.2,44b97bbb-3430-47d3-8d12-3a3968895d18
0,100,1,1,2.16,0,221.7,100,79.6,11.81,8.0,f1c28bc4-b5f5-4d9b-bab5-1efb98e9cc1d
0,66,1,0,0.0,1,146.4,107,42.0,9.83,7.8,2ef673da-afb0-459c-a0ab-84baf6a8e79b
1,58,1,0,0.0,2,247.2,116,68.0,15.19,9.3,e37551a1-a99a-4594-87bb-8a000dafe18b
0,112,1,0,0.0,1,168.6,102,54.0,14.9,9.8,0976fc88-046f-4ae5-bb05-9dc2aee97e36
0,98,1,0,0.41,1,187.2,127,53.1,9.78,5.1,995e5ebd-e764-4c1f-8a31-3c397153082c
0,57,1,0,0.0,0,221.1,101,58.0,11.84,9.5,6ba4e2c4-dd16-4662-bd72-324431c6ce2b
1,135,0,1,3.94,0,173.1,85,86.4,10.2,14.6,2fe489b6-d297-4fb8-8b5a-ae5d767cdee9
0,163,1,0,0.0,1,122.4,129,31.0,5.67,12.5,39df9baa-8e99-401f-9083-a719973e77a9
0,116,1,0,0.16,1,63.7,101,29.6,9.79,10.0,eccfe60b-d2f5-43da-b16f-454558d5e33f
0,78,1,0,0.35,0,87.0,102,35.5,9.68,11.0,c586053d-5e90-4653-b863-9278ee52b938
0,194,1,0,0.0,1,48.4,101,33.0,14.06,18.2,1acc514d-e5cf-461d-a5ca-1359ab3e4d6a
0,62,1,0,0.0,2,172.8,101,47.0,10.24,9.1,4abb6bee-2b4a-4d19-ad42-85da55237dce
1,135,1,0,0.0,5,263.8,66,67.0,12.57,8.4,86fe9966-4609-4ce3-8bf4-5e23158395d1
1,54,0,0,0.38,2,190.5,108,58.8,12.99,9.7,dd9f6b92-0043-4315-8ebc-6b7488347e49
1,137,0,0,0.0,0,237.3,103,56.0,8.84,14.2,4f48efd4-2183-45ef-85a9-2c6b985ab0bb
0,58,0,1,2.4,1,142.8,96,72.0,13.62,8.9,b80b7398-55ca-4cba-8fc0-50733d8b4ba6
0,43,1,0,0.0,1,84.2,134,22.0,4.04,10.8,ba8f5e10-fab8-4a47-9824-03be5139afe0
0,102,1,0,0.33,0,144.4,87,51.3,13.33,7.1,195beba9-e7cc-402f-b8a9-09ae0b3452d6
1,160,1,0,0.0,1,234.9,136,63.0,13.54,13.9,4fc84895-58a3-4e85-a247-1b17a200d4c5
0,112,1,0,0.0,2,167.6,100,42.0,7.73,17.3,670224f6-a5a4-448a-9a53-da80cb516080
0,99,1,0,0.0,3,217.2,112,58.0,12.34,15.8,cf578135-773e-4d18-bce4-e518671bb4b7
0,106,1,0,0.0,3,213.9,95,50.0,7.6,12.2,cf71d3ac-f670-450f-9547-72422fbb67c2
0,139,1,0,0.29,1,138.1,103,40.9,8.23,8.3,60940d31-467e-4cf2-9e34-2b603fe66b2d
1,149,1,0,0.0,4,119.2,88,35.0,8.42,12.2,fd0485f6-04da-445d-9096-7df0e6e21ac4
1,105,1,1,2.24,4,109.6,108,62.4,12.47,8.3,a673366e-83ee-4588-9119-c0bff0b3fb63
0,50,1,1,2.3,3,252.9,112,82.0,8.9,8.5,ca727efa-bdd6-4801-bb3b-cc871891de60
0,129,1,1,4.43,1,192.8,103,92.3,8.85,16.4,7225c4c5-bc50-4a6f-ba84-d13752f4145f
1,109,1,1,2.43,6,111.2,90,66.3,13.18,9.0,bfca084d-2046-47d4-9edb-3672906f6c3f
0,104,0,0,0.0,0,148.2,108,39.0,8.09,11.0,9ef61f1f-93d2-456c-8cae-4302c7731fa9
0,73,1,0,0.22,2,94.9,121,40.2,12.66,14.2,10aee8fb-f8a2-4e8f-849f-ab9f55c81700
1,167,1,0,0.0,4,169.2,124,44.0,8.67,12.4,9a50c33f-7a5b-4025-8ec8-0b60d90254e9
1,81,1,0,0.0,1,261.4,141,63.0,10.79,8.0,d23f37dc-8cfe-4863-81e7-2c04a73c34fa
0,123,1,0,0.0,2,140.0,106,37.0,7.69,12.5,a5af6e02-b8d6-4fad-8812-1a12293ded59
0,101,1,0,0.0,0,206.6,105,55.0,11.25,14.6,6f35b4b0-3320-4da7-847a-153cdb390822
0,125,1,0,0.0,1,126.7,108,40.0,10.3,13.3,588fd113-218b-4f39-91fd-0d744e233ae4
0,137,1,1,3.08,2,189.6,42,78.8,8.95,11.4,b7abb17a-300d-476b-8a8d-ca799bb96eaa
0,103,1,1,2.86,1,153.5,78,75.6,12.1,10.6,10644144-aac7-4c7e-a5cf-eec250d40172
0,67,1,0,0.31,2,129.0,78,41.1,9.4,11.2,4883dfd5-74eb-4a15-83a9-6ee184cf240b
0,34,1,0,0.0,2,124.8,82,46.0,14.11,10.0,bdac8326-8108-42b9-b614-55233dcd2699
0,169,1,0,0.0,2,142.5,82,44.0,11.57,10.0,62ffbb46-f46a-4f66-ac18-ee065493660a
0,96,1,0,0.0,1,173.9,111,54.0,14.37,9.1,16fa7576-adbb-4142-9f5c-13769baee7d5
0,38,1,0,0.0,2,117.3,114,38.0,10.44,14.4,0eb4fced-ff4b-4c8c-950c-d938e2e5ff2b
0,138,1,1,2.62,3,155.2,139,76.2,13.42,9.7,f2f6dac4-1b11-4c33-a0e4-ad46f1fe3d78
1,115,0,0,0.0,1,249.9,95,64.0,12.13,15.3,b484dbf9-ac07-49d0-9762-66c2b991f2cd
0,67,1,1,3.48,2,186.2,117,91.8,14.34,12.9,c413a61b-4f7b-4562-9475-059e0db1d6f7
1,125,1,0,0.32,2,113.0,108,37.2,8.46,9.2,716c1050-2a7e-487a-972b-a07fc2d575ab
0,81,1,1,1.81,4,168.3,124,70.1,13.55,6.7,d7655ad8-e6a9-4d3b-8c10-13786164eade
0,87,1,0,0.0,4,256.2,105,58.0,8.04,7.4,97570482-737b-40ba-98ee-b3f4f30f6a37
0,166,1,0,0.0,3,199.6,93,53.0,10.72,7.2,e2084122-29ef-46f9-a71b-436e5648077b
0,131,1,0,0.0,1,175.1,73,45.0,8.6,7.3,fbbd91b6-8da2-4223-ad86-55d62d4f0062
0,89,1,0,0.0,2,141.1,92,46.0,12.46,10.8,1810ec81-4522-4e35-a787-bfb7bd7b1cd3
0,57,1,0,0.31,3,189.3,157,51.1,8.75,11.2,4fd22b64-de96-441b-aa76-6da21f882625
0,210,1,1,2.73,3,313.8,87,93.3,7.39,10.1,4f51c05c-5af3-47aa-a4b8-bf731a294ee5
0,41,1,1,3.0,1,191.7,109,79.0,9.65,11.1,db6522a1-084f-461a-9e49-6357b97bcff4
0,160,1,0,0.0,1,166.4,117,56.0,15.85,10.0,6f96db1d-7bde-4124-8574-090e0c3d1763
1,63,1,0,0.0,0,261.8,69,66.0,12.25,14.7,707bae33-eddf-44e0-aa89-c07dee737e73
0,73,1,1,2.75,2,131.2,98,59.5,5.33,10.2,4228fc47-fe9b-43c7-b995-d57c0a016189
0,77,1,0,0.0,1,67.7,68,29.0,9.79,12.0,704ad571-0779-463a-9f77-9837a6c8de05
0,117,1,1,3.19,0,216.0,140,87.9,11.21,11.8,50ea0032-f30f-4835-b068-d333b2e64a49
0,91,1,0,0.3,0,159.0,109,52.0,12.76,10.1,d769be7f-a49e-4efd-9584-be7d96ac3f45
0,137,1,0,0.0,3,110.5,79,38.0,11.16,10.5,7f44440c-68ee-40ce-a4ac-e86eee9ee388
1,54,1,0,0.0,1,286.6,73,68.0,11.16,11.5,11ab5710-e5a9-4a21-bb53-dc8bc67b5706
0,148,1,0,0.15,1,203.0,92,49.5,7.55,14.6,707d11ce-792f-4c1c-a16e-25673705d8d6
0,147,1,0,0.25,2,168.6,92,47.5,9.39,14.4,9232cc1c-9f58-4e8e-aebc-d0bf4d44cd4b
0,80,1,0,0.0,2,220.0,114,56.0,10.39,12.1,f0487ac2-bd72-48ef-9530-ac39cb13b171
0,155,0,0,0.0,2,250.8,146,56.0,7.63,10.0,6116f582-997c-45a3-b8fb-518b77d177f6
0,97,1,1,2.3,0,168.4,129,71.0,11.3,8.5,86cb1dfb-8bf5-4bd4-9435-15e632427634
1,114,1,0,0.0,5,147.1,119,39.0,8.05,9.0,49f1a8d5-aea2-4bfc-9b33-98e26a806c1d
0,140,1,0,0.26,1,162.6,98,48.6,10.31,8.2,0cde1a2b-b202-4a1e-89ea-fabe014ba4ef
0,127,1,0,0.0,0,107.9,128,35.0,9.35,0.0,e7a45cf9-601b-49e1-8561-887a3a9d611e
1,86,1,0,0.3,7,128.3,121,42.0,9.86,12.2,01f55b1c-010d-48dc-823c-88796e9adc9c
0,143,1,0,0.2,1,155.5,101,47.0,10.67,7.6,5135906e-69e8-4ffa-abba-f205994b923d
0,113,1,0,0.0,0,158.9,137,48.0,12.14,6.5,d6848b9e-a71e-41a5-a8fe-f23637b017d5
0,138,1,1,3.83,0,190.1,87,90.3,11.16,14.2,e0eb2118-b2e8-4c19-98e7-e6d0a521960f
0,151,1,0,0.0,3,235.9,104,47.0,4.03,5.8,79ae96f6-930f-49d8-b1f8-0957de7adf08
0,153,1,1,4.16,0,235.6,74,101.6,11.4,15.4,c8771242-4275-4c65-ad24-e1d2d1eeedf4
0,64,1,1,2.03,0,180.1,106,62.3,6.38,7.5,6c0fbc40-f14b-4467-8df9-593ec5b53683
1,41,1,0,0.0,3,232.1,74,68.0,16.36,10.9,893a90e8-c085-40b1-843d-4463f7a2b560
0,34,1,0,0.31,0,193.7,74,47.1,6.35,8.8,0df87170-c13c-4564-a6b6-04289010be66
1,111,1,0,0.0,4,132.6,125,42.0,11.06,12.7,46f7f866-a887-423b-81fe-b7d7ced0a416
0,102,1,0,0.0,1,103.1,70,41.0,13.75,11.2,c1c52688-4862-46e6-ac15-7f354303efab
0,15,0,0,0.0,2,141.4,80,35.0,6.2,8.1,d9fcfb97-33c1-4c58-a974-db10a8e984c1
1,100,0,0,0.0,2,159.9,94,43.0,9.0,11.6,3f98f46e-827a-42d0-9a78-551389f7dd54
0,159,1,0,0.0,1,169.8,114,46.0,9.89,11.6,98ab8f0c-2533-410c-b0db-9b5fc457eaff
0,104,1,1,3.0,1,189.1,112,78.0,8.91,11.1,a8d57be6-f3a4-4b54-a8a4-c219e3a5d432
1,28,1,0,0.0,6,121.7,48,32.0,6.29,8.3,a263687b-92ff-4715-8943-3a259312cf4d
0,112,1,0,0.0,2,185.4,114,48.0,9.57,10.0,5d391267-4584-41cd-9a76-394ea5fe6295
0,122,1,1,2.48,7,253.7,84,87.8,11.46,9.2,301a58e2-a2a8-4a6b-9f6f-097cf13b8d8a
0,86,0,0,0.0,1,266.1,120,61.0,9.1,10.3,15d93b50-d955-40aa-8c61-c72a38f90f35
0,149,1,0,0.37,1,207.3,115,56.7,9.92,8.6,e9482b95-c19a-4f9c-94fb-d51ab3a7ff01
0,93,1,1,2.97,0,116.9,120,69.7,11.62,11.0,13d73751-486d-40db-8440-67207818edf9
0,97,0,0,0.28,0,143.7,117,50.8,13.65,10.9,266f4abf-8a58-45b7-bd6f-479f529fcdb2
0,81,0,0,0.0,1,250.6,85,59.0,9.4,7.8,ecfb7e86-2dc4-4e0c-87c7-1ff739f580d2
0,107,1,0,0.0,3,146.9,94,35.0,5.72,11.4,3e6c183a-0d8b-4962-a9cc-ce481e067c61
0,132,1,0,0.32,1,163.2,80,45.2,8.38,6.2,2b08542a-f763-4f09-afda-9c73733910b0
0,197,1,0,0.24,3,154.8,111,43.4,8.58,10.6,70c40e5d-ce03-43b5-adf4-ddb98bd47f83
0,122,0,0,0.0,1,146.3,117,44.0,10.94,11.5,c5688455-7b7e-4c70-807b-1740d355dae4
0,179,1,0,0.0,0,116.1,101,37.0,10.09,11.6,4791c173-8adf-4449-aaf7-21b5f10f99e8
0,99,1,1,2.86,2,179.1,93,79.6,11.92,10.6,85f87124-1066-4b49-bd2f-4e585fa976bf
0,33,1,0,0.21,1,159.5,115,46.1,9.77,7.1,4da2114f-6e2f-4e91-8ea6-852352f2202c
0,160,1,0,0.0,0,82.7,116,31.0,9.73,10.9,dae6a366-1d1a-4ce2-9cce-c6924e624a69
0,130,1,0,0.0,1,150.4,119,46.0,11.53,12.3,2e776e1e-f16d-4219-ba6c-5684baf54ae2
0,21,1,0,0.0,0,225.0,110,60.0,12.21,10.7,deeb3588-309c-4716-89ba-1644a9ce4172
0,82,1,0,0.21,0,135.4,102,46.1,11.86,17.5,7ab7174a-6494-4aad-ae55-6cbc352d1a47
0,130,1,0,0.26,2,132.4,81,42.6,10.02,6.0,659d4bcc-4737-4b86-ad1c-0ad1d9b43a7b
1,89,1,0,0.0,1,303.9,95,74.0,13.05,5.3,ef1aeb9c-7ad3-489c-a491-6b1ac977e89b
0,70,1,0,0.3,2,156.4,108,45.0,8.55,8.6,e253e56f-0102-49bf-bed0-40196d5d00ee
0,120,1,1,4.21,0,128.1,99,85.1,12.39,15.6,c0fabf01-329a-4ad2-b47f-f50dbea8997a
0,98,1,1,1.19,4,161.2,114,60.9,12.61,4.4,7fd60cba-cac8-4ff9-a9c1-19d5aaa4287a
0,92,1,1,2.4,1,242.2,96,79.0,7.99,8.9,0c0035ee-a23f-4162-bcae-4463d0bd2dd9
0,94,1,0,0.0,1,206.1,49,55.0,11.23,13.0,39c6ca87-54a0-4c1c-b5e2-d0c5fc1a4552
0,80,1,0,0.0,0,105.8,110,22.0,2.2,13.1,2ee2cdca-c98d-4684-af80-27b455c8af3e
0,127,1,0,0.26,3,96.0,117,34.6,8.85,9.7,2b068371-4b6f-40f3-9e5b-5346004e9753
1,119,1,0,0.0,0,294.2,100,70.0,11.63,9.0,ff9db109-0e7d-44f5-a256-4dcf329fbdff
0,128,1,0,0.0,0,179.4,94,54.0,13.52,7.9,ac00c8d5-224e-413a-9428-22a4b0b23954
0,143,1,1,3.13,1,186.6,69,82.3,11.1,11.6,5522b3e1-dbac-445c-85cf-594af0b81f80
0,72,1,0,0.28,2,179.9,113,46.8,7.49,9.8,9dce4e4b-2d9a-4c0d-800c-89ec9e65645e
0,120,1,0,0.0,1,137.3,100,42.0,10.61,10.5,25b9c708-d9bb-4c2d-90eb-fd747bb23d75
0,112,1,0,0.0,0,208.7,150,54.0,10.64,8.5,26894b89-5e0c-4992-a6c9-83fe99cac2cb
0,98,1,0,0.0,2,162.8,65,44.0,9.25,6.0,5948a9d6-b072-4755-994f-2c35ac0604b9
1,97,0,0,0.0,4,145.0,103,50.0,14.72,11.0,b5875ee9-23b5-43b1-8f8a-863ef212a1b6
0,97,1,0,0.0,3,211.0,76,52.0,9.45,4.7,5f7bb51c-f097-4c78-9c62-cbef5b04711b
0,146,0,0,0.0,1,111.1,126,46.0,15.67,10.5,c49f521b-0ef3-46cc-b9ab-050f01916208
1,126,1,0,0.0,3,249.8,96,65.0,13.1,12.7,1b4dcf39-4716-48e0-a62d-c488302d9225
0,147,1,0,0.0,2,209.4,104,47.0,6.63,11.3,d7d9f9d0-58f7-4adf-ac9b-fe93be6717c1
0,79,1,0,0.0,0,177.9,83,45.0,8.37,15.2,5964c743-27c1-4023-a196-bd01e3cc039a
0,103,1,0,0.0,1,166.6,84,45.0,9.62,7.7,315de7c4-e019-489d-bede-b6c87a3448a8
0,1,1,1,2.19,1,208.0,115,73.9,9.25,8.1,f784d7ee-30a6-4efa-b42d-da24fb4bc137
0,68,0,1,3.05,1,142.0,140,75.5,12.08,11.3,a14af58b-ccd0-425a-be76-2225ad610d81
0,94,1,0,0.0,1,177.1,112,47.0,9.7,5.9,57a15969-922d-4750-bff1-decc4eae628e
0,158,1,0,0.33,1,175.9,105,49.3,9.42,11.0,8f5cdce5-a585-4520-aeb7-399ad3b9e673
1,124,1,0,0.0,1,312.0,112,69.0,9.0,12.8,f6f2f559-5d32-4bad-9cd4-deb7e1006716
1,147,0,0,0.0,0,225.2,111,54.0,9.25,9.9,085f96ae-19e7-412a-8b82-5a8bedf3e6c0
1,81,0,0,0.0,3,149.4,68,41.0,8.6,17.9,098c8bd2-160f-48a1-872b-afc14078e23a
1,93,0,0,0.0,0,312.0,109,65.0,6.47,10.5,8ca81dda-4708-449b-9641-7df7d3eb4134
0,113,1,0,0.0,4,215.5,129,56.0,10.94,6.6,8e97f78d-c2e9-4635-ae3d-4fa72c4c520a
0,95,1,1,3.21,0,40.9,126,51.1,6.67,11.9,86d0f1f9-d0a6-4ddc-8f88-e3a8c56f93aa
0,107,1,1,2.78,1,96.3,83,59.8,8.98,10.3,86d6f1d6-a2b2-407e-95b2-dcd66ebc5f7a
0,143,1,0,0.0,1,133.4,107,42.0,11.2,10.2,d401adff-31ab-45ba-876e-99deee247357
1,44,1,0,0.33,2,228.1,121,66.3,13.83,9.9,dcea4513-2c06-4114-8c13-423cd4f3d8e0
0,55,1,0,0.0,1,245.5,130,59.0,9.64,9.1,9885412e-dc87-48cb-bb41-9e1053b0c75a
0,45,1,0,0.0,1,207.6,71,49.0,7.64,12.4,f5bc2f75-6fc3-4705-9086-a91d54b24059
0,88,1,0,0.0,3,183.5,93,46.0,8.53,8.3,abe47079-d90b-4e54-8411-56733740aa70
0,87,1,0,0.0,2,153.3,106,46.0,11.23,8.9,f76a55af-e1b4-4087-a302-483afabc6e33
0,64,0,1,2.19,0,127.2,93,57.9,8.15,8.1,42827e76-ff23-4afa-9d2b-374597eebf21
0,100,1,1,3.4,3,125.2,123,75.0,11.55,12.6,4f775178-5566-4124-8b4e-81c838fe59fc
0,24,1,1,1.94,3,236.3,105,76.4,9.54,7.2,e196b3f0-1833-47e7-8427-ae449a68d7c4
0,96,1,1,3.62,0,108.6,90,72.2,10.32,13.4,13a881f8-a29c-4057-a1f9-44b53ef72810
0,115,1,0,0.0,1,166.5,111,49.0,11.81,15.6,7267065e-2e08-43a0-8822-070f70c38583
0,115,1,1,3.83,2,145.0,72,80.3,9.73,14.2,bd19aa3f-2841-4ab3-a7ab-ac34d32e4aa3
0,38,1,0,0.0,3,194.4,94,49.0,9.34,10.8,5d954e4b-52b0-453d-b76f-a40c72140d90
0,111,1,0,0.0,3,255.9,97,61.0,10.21,12.3,7a5d6d0e-b2a9-4a93-b54b-a7d527571261
0,185,1,1,2.59,0,157.3,123,74.9,12.89,9.6,9a3246cb-e535-49c2-8333-8bac66a225f4
0,96,1,1,2.81,3,183.3,115,77.1,10.07,10.4,c01a76a7-7425-40b4-91f4-026e61b7b373
0,62,1,0,0.0,4,245.3,91,53.0,6.15,8.5,24eee5ca-4c22-4b42-808e-accd2f9ee8ce
0,56,1,0,0.37,0,146.1,57,45.7,9.81,9.2,68333c03-ac88-4b71-a96d-8faaa49c908b
0,123,1,1,3.56,1,305.2,80,101.6,7.83,13.2,47cf4a74-1eb3-4ce6-aeae-ed28693d3597
0,110,1,0,0.0,3,185.1,100,46.0,8.26,6.3,df3df742-4345-47fb-9353-7e2b296143eb
0,177,1,0,0.0,1,175.7,120,45.0,8.43,14.6,9e61da70-4fc5-4086-802a-389664211b01
0,122,1,1,1.86,2,230.1,108,82.6,14.38,6.9,4c642a49-e9e8-40d7-875a-1a242b7c562a
0,57,1,0,0.19,1,192.8,68,48.9,7.9,12.7,6b85c2dc-20fc-4921-a97c-ddd07cd6d022
1,93,0,0,0.0,1,216.9,61,55.0,10.37,17.5,9b6f279e-0915-487e-8844-4765a1772b4e
0,57,1,0,0.0,3,161.0,113,46.0,10.4,8.4,e87171a2-93f9-47e4-9768-442b4d5d8d0d
1,66,1,0,0.0,4,154.0,133,44.0,9.95,9.5,48e08d40-e645-465d-b609-bae5f7423b79
1,105,0,0,0.0,1,273.9,119,71.0,13.93,10.9,a28f2be6-67c9-4d64-8a28-6cde9530c974
0,72,1,0,0.0,1,138.9,111,42.0,10.58,10.8,9dca455f-71ec-493d-94c0-0fab58be3400
0,128,1,1,3.78,1,171.2,88,79.8,7.29,14.0,2cb71a19-06f6-4145-a9d2-156d2e196b54
0,85,1,0,0.0,2,96.7,97,33.0,9.69,9.7,a5498d52-a877-4cf4-af3c-6d6b29bb860a
0,31,1,1,1.59,0,100.1,54,53.9,12.32,5.9,3420b5ae-5b59-4325-bde7-9887eefce1c2
0,73,1,0,0.0,2,241.7,115,56.0,8.43,11.1,d36dd02c-8c23-47f5-a59b-e01df25a9204
0,36,1,0,0.25,1,253.4,77,61.5,9.12,8.4,3d5be753-de6b-4374-8669-42538f762cc2
0,100,1,0,0.0,1,185.0,122,47.0,9.13,5.1,4583e392-fec2-46a7-a350-2d4f1e458844
0,64,1,1,3.32,1,201.3,101,80.2,7.19,12.3,a741831d-624c-4bdd-a584-5596a3fe88de
0,37,1,0,0.0,0,206.0,89,51.0,9.3,8.4,fecfb4ea-1066-4f61-b7a9-01d7f525117a
1,212,1,0,0.23,2,226.0,127,67.3,15.23,12.6,084890cb-21c8-4310-9d49-f8f9bc21802f
0,101,1,0,0.0,0,257.3,84,60.0,9.24,13.5,9df1138c-c5ad-4e81-b6bb-9f100a0562a0
0,148,1,0,0.29,2,243.0,115,60.9,9.59,13.4,03725645-3383-4c6e-a66e-68eddf60a04a
0,68,1,1,1.3,3,82.5,97,52.0,14.5,4.8,b07bdd77-1a27-47be-b4a1-3a50a598cc37
0,149,1,0,0.0,7,166.6,61,47.0,10.94,8.2,58bac9ae-fc88-485e-a355-38cd3bd7a76f
0,92,0,0,0.0,1,173.1,140,50.0,12.02,9.0,add72eb6-5d14-475c-aae0-bfda0917e084
0,120,1,0,0.0,1,131.7,99,37.0,8.16,10.7,632db847-c38a-4c6f-9de3-fa9eb09e6873
0,30,1,1,1.78,0,217.4,74,73.8,10.69,6.6,7353f722-939b-40d5-b8e2-4978bfffaec4
0,95,1,0,0.0,1,237.3,83,54.0,7.7,11.2,1b41f0ed-bd08-4b50-8e4e-52b8745eee67
0,137,1,0,0.23,1,155.5,81,40.3,6.66,9.1,1b96358c-6bee-473a-99b2-ea2f5a2f48d1
0,80,1,0,0.0,1,118.1,90,33.0,7.22,8.2,b61e17a7-345b-4598-b969-727f14521b8c
1,90,0,1,3.59,0,169.0,104,80.9,9.44,13.3,0ba860b1-fd08-4491-96e1-08f5584b27be
0,83,1,0,0.0,3,231.3,100,58.0,10.52,12.4,7c53af54-9eca-4514-ae70-1ba60e6ab7f5
0,167,0,0,0.0,2,219.1,100,58.0,12.15,10.1,19158f39-f7fa-4988-be9b-fed41120bfef
0,47,1,0,0.0,3,155.3,116,43.0,9.41,12.3,7d3c89a7-5273-442e-8701-8e0abe1e2dd1
0,57,1,0,0.2,2,149.3,100,45.0,10.01,11.9,e4abc24b-370a-4569-8436-6570d92e1b45
0,119,1,0,0.0,0,124.3,68,39.0,10.36,14.8,be32be2e-33ef-4d0b-8880-5fe1b6621abc
0,104,1,0,0.24,1,118.5,92,38.4,8.89,12.1,41fb3866-76a4-4e41-9266-e294e9f193c1
0,99,1,0,0.0,0,155.3,93,49.0,13.29,12.4,ec10e8f7-af89-4ed5-b735-e7ded3fa10e0
0,161,1,0,0.0,2,107.5,121,41.0,12.82,12.6,56b86bae-f726-4686-915f-a4c4bfeb15c5
0,25,1,0,0.14,3,119.3,87,40.4,10.58,10.5,8785d30b-1cfe-409c-b9f7-9407e37476c1
0,63,1,0,0.27,3,211.8,84,58.7,11.55,10.7,88d497d2-17af-45e8-9693-265de85ff504
0,116,1,0,0.0,1,197.9,84,48.0,8.41,12.0,06d0d5ca-d8a3-4bab-b99f-1243d4575b6f
0,1,1,1,2.7,1,146.6,68,67.0,8.64,10.0,78c25b51-b205-43b9-8282-90c7e9de93f1
0,27,1,0,0.0,3,177.6,121,56.0,14.84,7.6,e5683823-e28b-408d-b82f-12ff8f484711
0,122,1,0,0.0,1,168.3,96,37.0,4.38,8.4,57aadcb3-ca52-4133-a19c-9752e4714ad0
0,63,1,0,0.0,3,132.9,122,29.0,3.35,9.9,00dc576e-f172-4e15-9c23-e10755008bef
0,125,1,0,0.0,2,126.7,113,35.0,7.78,14.4,cd14614a-db0b-49ff-89c3-2d4474633616
0,53,1,0,0.0,2,184.8,98,50.0,10.82,18.4,58564105-389a-4280-bfa7-1facb6594f6e
1,88,1,0,0.0,4,166.7,61,44.0,8.97,6.8,618902c0-0920-47e5-add3-68f3978fc88e
0,107,1,0,0.0,3,134.0,104,38.0,8.73,7.3,4751911e-f6db-4716-893e-1112eb21598a
0,161,1,0,0.0,1,178.1,109,43.0,7.33,8.5,638740fb-0c43-4977-96c2-0b048a026e4f
0,78,1,0,0.0,1,231.0,115,59.0,11.52,9.5,6d464fd1-320f-4f6e-8be1-12e97ed1bf65
0,117,1,1,3.21,1,153.2,112,81.1,13.17,11.9,2503ef67-761c-4d39-ab2a-f32a93c9763f
0,78,1,0,0.0,0,147.1,80,42.0,9.99,13.7,644ea1cc-3627-48f5-8746-f572cba8d760
0,117,1,1,2.35,2,205.7,98,70.5,6.81,8.7,212d9bf0-4594-417d-9a2e-5e41ea0dbbb7
0,103,1,1,2.4,0,107.7,124,59.0,9.45,8.9,385e8c30-a596-4db6-90cf-66f8af5eaceb
0,145,1,0,0.0,2,187.9,110,49.0,9.85,4.8,72525f41-af18-47f6-8147-d5383fff25b6
1,151,0,0,0.29,0,218.0,57,49.9,5.72,12.4,ddd3b950-3912-4810-8498-144827687d84
0,130,1,0,0.0,1,207.1,70,53.0,10.01,12.4,26b51c1c-1038-4742-979e-e1f89b4eb735
0,52,1,1,1.11,2,170.9,71,58.1,10.07,4.1,17159c75-6a74-4020-8720-7143e337db38
0,55,0,0,0.0,1,221.0,115,52.0,8.27,9.7,3e97a25e-45e0-4fc5-bd8b-8f8ed38be4f1
0,111,1,1,3.78,1,205.5,114,91.8,10.97,14.0,ef5f13b5-d704-4245-8fc5-53f2eb319779
0,80,1,0,0.24,1,197.5,114,54.4,10.35,11.3,0be83e58-9a7b-4ba3-98ad-c519d10c862a
1,98,1,0,0.0,4,0.0,0,14.0,7.98,6.8,68fea284-5b1f-42b1-93ba-a6a247b6b938
0,69,1,0,0.0,0,185.3,91,51.0,10.96,5.5,40038750-59d6-4cd7-9b7e-3f64c56eaf0d
0,64,1,0,0.24,1,154.0,67,48.4,11.29,3.5,a281bb70-153b-4a03-96ce-ffee33233456
0,89,0,0,0.0,1,125.6,108,40.0,10.65,5.4,8282ba0d-32ec-4b00-9f0c-d49fd9b63431
0,144,1,1,2.7,1,283.9,98,92.0,9.6,10.0,e9c0e9e5-0bb1-4261-aa92-545d3dc4b7b9
0,41,1,0,0.31,1,182.1,89,52.1,10.58,6.8,75d5e3e6-4785-4a0f-aa1f-5540a2f63768
0,68,1,0,0.0,1,195.4,116,52.0,10.61,15.1,19a19aa4-c1cd-4939-8b3b-a5e5dcb0365b
0,59,1,0,0.51,4,182.5,104,54.1,10.24,11.3,1db76df3-dac2-4390-9d9b-71cde0b9586e
0,108,1,0,0.0,0,239.3,102,60.0,11.17,10.6,ecf5a7aa-0e45-4f2c-ab7c-1fc3f9d1544b
0,158,1,0,0.0,1,202.0,126,49.0,8.18,10.4,e8b6a936-fd46-46b0-afe7-6d19c94c4d80
0,163,1,0,0.0,1,191.3,89,49.0,9.7,12.8,33d82713-aec5-4159-9294-bfb17f2fb2d4
0,93,1,0,0.19,1,152.1,141,46.9,10.78,12.0,5f176d20-a44c-439a-9377-27a0e405278b
1,126,0,0,0.0,1,239.7,87,65.0,14.09,11.4,3d176755-2e9b-48d8-bfde-3ac26d2766d8
0,82,1,1,2.57,2,207.2,111,82.7,12.71,9.5,8c56eba5-6cbe-4c74-bf51-39db92b42b8f
0,123,1,1,2.11,1,124.7,105,64.1,12.52,7.8,47bf5c73-01a3-43c3-8cf1-41faa61c2298
0,138,1,1,4.05,1,183.9,83,92.5,12.04,15.0,a17b7c35-5f72-4583-ac0c-75920a9ebac6
1,113,1,0,0.0,3,245.3,108,64.0,13.0,10.7,900c7fea-d196-4cb8-be15-04b3b3d9b572
0,32,1,0,0.0,1,157.9,88,43.0,9.04,12.8,915d4884-4fd6-4f5b-99d0-08493cc82dcb
0,136,1,0,0.34,1,92.0,117,41.4,12.68,10.3,8d0e2600-9499-4519-84d9-5a0a76c1efde
0,156,1,0,0.0,0,174.5,65,47.0,9.87,10.6,3eeb6cf0-58e6-4ad3-8ea4-343b8ee1d857
1,130,1,0,0.0,1,263.7,113,61.0,9.33,18.3,cc622953-0ad4-482c-95eb-f1d55d000d91
0,94,1,0,0.0,0,136.2,114,38.0,8.26,9.6,d7580b27-f1ec-4705-bda3-69dce5dbbd11
0,36,1,1,3.92,0,146.3,128,78.2,8.13,14.5,77355545-5643-4a44-80ca-d7340237387d
0,97,1,1,1.81,1,202.3,97,59.1,3.46,6.7,1a6447f9-3655-4982-8cc1-f49759a0f452
0,129,1,0,0.0,3,207.0,91,49.0,7.75,13.4,4ae2af4c-546b-4ea3-a1fe-34b42a8520b9
1,150,1,0,0.0,4,136.6,112,42.0,10.47,12.2,d7781b5b-4a1f-44b4-b1da-b496e70754c0
0,148,1,0,0.0,1,17.6,121,17.0,8.09,10.6,dd7e1d5e-6e9e-4adf-a893-a2db9187c6a2
0,120,1,1,3.11,1,177.9,117,77.1,8.76,11.5,a2ef3845-3283-4d34-9c54-128106f3f1e2
0,86,1,0,0.34,1,166.2,112,53.4,12.77,5.4,02639da7-bfcc-4a05-897b-726dba556ab8
0,130,1,0,0.35,1,176.9,109,41.5,4.54,9.5,f18aaf78-2598-4da5-bc41-5776e5bf3240
0,119,1,0,0.0,3,98.8,97,30.0,7.35,10.0,29d17f8e-adc7-409c-8a34-7feb62868141
1,87,1,0,0.0,5,151.0,83,45.0,10.99,9.7,4cb2b245-379d-452f-b174-eea84c167138
0,76,1,0,0.0,2,224.4,121,51.0,7.4,6.7,dccc3281-c4cd-4c6a-a753-d21eb6ea901c
1,109,0,0,0.0,2,268.4,85,59.0,7.53,9.7,80547118-1ee5-48be-921b-0db3b145a7cc
0,192,1,1,2.67,2,156.2,77,71.7,10.78,9.9,3a6f4c6d-ab42-4f80-bfe9-18ef4da28cca
0,133,1,0,0.0,2,216.2,67,56.0,11.11,3.1,e21e8bfb-b383-489d-b087-82c72cb1f294
0,33,0,0,0.0,1,190.6,100,47.0,8.09,13.0,60ec31c6-9675-4a8b-a466-b8f092dd59b6
0,112,1,1,2.62,0,183.2,95,79.2,12.64,9.7,cb0903e7-a2ab-4471-8e3c-a1193530302a
0,180,1,0,0.0,2,139.0,96,43.0,11.25,15.7,f2ad1973-d9e4-428f-bab7-d003c78eaf1d
0,137,1,0,0.27,2,205.9,88,55.7,10.47,14.5,c94baa22-6903-49eb-8b4d-2e03783c89e0
0,121,1,1,2.03,3,218.2,88,87.3,17.43,7.5,9e474bba-8242-4b1b-bf2e-ace7a9574fc7
1,83,1,0,0.0,0,337.4,120,77.0,11.37,15.8,19e8160f-4ceb-41a4-8ff2-01665ff41942
0,154,1,1,3.94,1,64.9,76,66.4,9.21,14.6,edac28e3-3d96-44c9-9c61-25551691f911
0,101,1,0,0.0,0,124.8,66,44.0,12.86,13.4,f449b9eb-6c65-42de-8819-44fa21d0314d
0,152,1,1,3.59,5,239.1,105,94.9,10.46,13.3,40ed1067-2656-4797-8ed7-17fbc4950b4a
0,120,1,0,0.0,1,149.2,98,42.0,9.68,11.1,33bc3c15-cc55-4090-b6c0-29bf68c00d52
0,99,1,0,0.0,2,174.1,102,39.0,4.96,7.7,1e7e10b1-f769-4c61-8406-4871e36a147b
0,90,1,0,0.0,1,261.8,128,64.0,11.03,9.6,8fdfa9c3-2070-4c75-96d1-3e9a6b614ef8
1,46,1,0,0.0,2,257.4,67,66.0,13.06,13.4,03b2778e-facd-4d2e-8f56-796266acb8a9
0,121,0,1,2.35,3,254.1,127,82.5,9.01,8.7,60e1cb12-9667-4ce4-aa06-d38a66845516
0,129,1,1,3.08,1,211.0,99,80.8,7.76,11.4,c0e5c67d-94c3-4878-857e-c05517c4fff2
1,93,0,1,3.78,1,225.7,117,86.8,5.98,14.0,5ce13a2b-b9a9-4f0b-bccb-86fe3e78520b
1,72,1,1,1.67,4,96.6,59,60.7,15.77,6.2,0f94de23-59da-4cb1-9b40-75b54a4644e0
0,232,1,0,0.14,1,165.6,104,46.4,9.8,11.8,6fec675d-1d9a-4dc8-9907-46edbb367354
0,106,1,0,0.0,0,158.6,112,46.0,11.0,9.1,4e72461a-1851-42df-94c3-68790d5eb22d
0,116,1,1,2.89,1,232.9,90,81.9,7.61,10.7,1bc3286a-e063-40cc-9441-68c6e73f2184
0,160,1,0,0.0,0,206.3,66,56.0,12.06,11.7,fac04de2-51eb-45c0-9fba-6aac02f58e01
0,64,1,0,0.0,1,219.6,126,64.0,15.17,9.7,aa760b86-4a0b-4505-a84a-a66713e2ba5e
0,107,0,0,0.0,2,194.4,83,55.0,12.39,11.2,1ac3f6b7-a4d4-49fe-b120-48a87354745d
0,127,0,0,0.3,1,256.5,87,66.0,11.11,13.0,d1c6c44a-5767-4872-b2c0-ec264e60bc92
0,90,1,0,0.0,1,142.4,126,35.0,6.31,4.6,d437ccc3-4034-4829-a296-8640c23c6289
0,79,1,0,0.0,1,41.9,124,26.0,10.55,11.4,fcf20a9a-ac5e-46f7-b73a-65153050699a
0,117,1,1,2.32,1,80.2,81,56.2,10.95,8.6,7365ecba-0383-43da-9c5e-c63606753fc5
0,89,1,0,0.29,1,178.7,81,53.9,11.69,9.1,01b5027b-049c-4a05-90ea-86f9f9fb3a66
0,155,1,1,3.35,1,61.6,103,66.5,12.76,12.4,251650fa-acba-4483-adfb-6c67f1532485
0,170,1,0,0.21,0,246.4,107,64.1,11.41,9.1,bcafe3d8-7e15-45de-bcf3-7b11282c4f34
0,117,1,0,0.22,1,201.9,86,55.2,10.62,7.8,306a49e4-a915-4829-85eb-48f1d94a80e9
0,69,1,1,3.56,2,194.9,63,85.6,9.58,13.2,b72ac4a3-8a98-4e54-9c93-e37bd5920080
0,177,1,0,0.0,2,232.8,106,55.0,8.76,12.5,d216496e-3946-4ff5-9934-d1229c72a484
0,139,1,1,3.7,0,157.6,129,85.0,12.35,13.7,c9613fa7-02df-4cb7-8fa9-b9bb89bfd7bb
1,112,1,0,0.28,2,266.0,97,66.8,10.73,14.2,bcdfba33-2f77-4969-8c22-324236002ec5
1,80,0,0,0.0,2,189.1,122,52.0,11.16,13.9,c3a85428-edf3-4ecf-9747-42b28a8c9c7b
0,146,1,0,0.0,1,115.6,77,38.0,10.68,10.7,dd37de52-0bf8-4b16-aefb-fa56209006fd
0,99,1,0,0.0,2,128.3,78,41.0,10.77,14.3,80af4647-d484-4c5a-a533-71c2c94242b5
0,115,1,0,0.0,2,195.9,111,53.0,11.35,13.2,769b0f7e-3b20-47e6-819a-999e9fd711b4
0,39,1,0,0.23,1,60.4,158,39.3,15.31,12.4,fcd1dc04-95b5-4ea4-93c8-92cc226b7fc5
0,72,1,0,0.0,0,198.4,147,53.0,10.85,13.1,89501553-d366-4aeb-9baf-e31e5c4cf92b
0,98,1,0,0.0,0,216.8,86,54.0,9.54,11.0,e1a3b09b-c075-4bd3-bc28-203081c6bc92
0,100,1,1,1.92,0,58.8,104,48.2,10.98,7.1,ca027ceb-1f86-4430-8f26-448c57cefef5
0,86,1,0,0.0,0,83.5,96,33.0,11.06,12.6,d2489c2a-c04f-4c16-a5bd-0744e8c5b46e
0,65,1,0,0.0,2,105.7,95,31.0,7.09,6.6,183e82fb-6e0e-4b30-b12e-660a3de44745
0,120,1,1,2.43,1,227.5,81,83.3,11.75,9.0,c05c0fd0-22ae-4e69-9133-5604b8b2f001
0,127,1,0,0.33,2,221.0,100,55.3,8.04,6.8,76ee0634-d488-4e30-8683-0deb8b190269
0,121,1,0,0.0,2,86.1,100,37.0,12.99,9.1,974ff4bc-1603-4f25-9a09-a2bdeb8f1f65
0,3,1,0,0.0,3,185.0,120,49.0,10.19,14.1,c4effd65-c15f-4d31-8199-53eff5a495a7
0,124,1,0,0.0,1,160.9,109,40.0,7.21,12.9,6c12ca18-c738-4582-80bc-a03caa6c4192
0,151,1,0,0.24,4,156.4,108,49.4,11.67,7.7,fcf2fcde-daa8-4667-ab07-ec1e62b14afc
0,83,1,1,4.75,2,191.3,95,101.5,12.54,17.6,05b510a7-e873-4625-b341-f6073790e1f7
0,119,1,1,3.24,3,142.6,77,74.4,10.41,12.0,24d7dc78-ed53-4b30-bc32-e416bc28a8d4
0,152,1,0,0.0,2,140.5,92,40.0,9.34,9.5,da26fe16-ab0d-4fc2-8db8-0bdc108b0ab8
0,124,1,0,0.0,1,193.0,97,41.0,4.49,15.3,130149c1-a737-4d36-bdea-c0ce57f7f67e
0,119,1,0,0.18,2,190.4,74,52.8,10.78,10.0,eefe6773-93fd-48ad-af98-c39219e72963
0,100,1,0,0.0,2,142.5,87,41.0,9.79,7.8,2a903364-6998-4bcf-86c1-401ae8116474
0,95,1,1,3.21,1,129.5,106,76.1,12.45,11.9,67f39b47-d0ab-4db8-869d-803dc6d17f1e
0,172,1,0,0.0,3,215.7,140,50.0,7.32,7.1,c3c8551c-0581-4048-8ca1-515f87bdae98
0,80,1,0,0.0,2,209.9,74,53.0,9.76,8.8,0be32164-99e3-4b0f-985d-d92ec3edc8b0
1,75,0,0,0.0,1,222.4,78,66.0,16.35,8.7,a4bf3319-3615-4ddd-80f4-d07b5741010b
0,73,1,0,0.0,0,213.0,95,53.0,9.44,13.5,5e2c66c5-1eed-4284-9caf-622cfcfb4dba
0,13,1,1,3.05,2,176.6,65,75.5,8.64,11.3,4423f6b9-1403-4328-9db0-d3f12620de7c
0,104,1,0,0.0,1,156.2,93,43.0,9.65,13.1,cc620abb-88a8-4629-b47c-c5125d4bb418
1,159,1,0,0.0,0,167.4,68,41.0,7.19,10.3,1a428a44-1483-496a-aac3-abb3f05454ac
0,116,1,1,1.62,2,183.6,138,65.2,10.19,6.0,b1af634d-cb5a-4af4-99e3-48f504b09c5d
0,3,1,0,0.0,4,139.0,99,45.0,12.54,6.1,54eee592-1634-4392-ada0-421adbde9a4a
0,91,1,0,0.0,3,189.3,100,53.0,11.97,9.9,2c92b71d-a179-4a37-8add-83237b0485e0
0,127,1,1,3.13,1,143.2,99,70.3,8.5,11.6,22516dca-4170-4659-a957-733049f1152a
0,112,1,1,2.78,1,286.6,79,103.8,15.77,10.3,88bdc56e-bf84-406c-9cb9-ce6e365a9923
0,160,1,0,0.0,3,97.5,113,40.0,13.41,13.2,b10ee2cb-1e3a-4639-b49c-fd606acea6f3
1,44,1,0,0.21,3,288.1,112,73.1,12.9,10.2,a917a3ff-edbb-4929-b516-55038cb2fb95
0,99,1,0,0.0,2,128.8,86,40.0,10.2,14.1,3114a122-b031-48d9-b7a2-fcc40ebc150c
0,74,1,1,2.43,1,174.6,107,81.3,15.53,9.0,bb4d6432-cf2d-4e77-bc3c-958de89c11d2
0,94,1,0,0.0,1,207.0,109,50.0,8.37,2.6,9d9e9a04-529c-447b-ba3a-f61d47f231a2
0,155,1,0,0.0,3,181.4,111,46.0,8.39,11.3,796d8990-fc5c-4261-b520-1db21bc5a55e
0,119,1,0,0.0,2,109.2,96,32.0,7.66,9.8,5c11b380-0233-4580-b444-999e0b881072
0,128,1,0,0.0,2,147.7,94,50.0,14.17,6.9,efb584fd-aece-4591-8886-778b51b1f9ef
0,64,1,0,0.0,3,216.9,78,55.0,10.55,11.4,daefb4c1-f07f-4e12-bcc6-2be8152711e0
0,31,1,0,0.28,1,166.1,105,37.8,3.97,12.7,73bc701b-c446-4c2a-bde2-c029ad357844
0,149,1,0,0.0,0,156.0,56,32.0,2.8,8.9,b0da3673-6f62-4885-93c7-07a0f2fa8c3c
0,129,0,0,0.39,1,192.9,131,52.9,9.28,10.9,f2529f8f-b6e9-43e4-8f5e-7a5622dc5940
0,114,1,1,3.51,0,222.8,98,89.1,9.03,13.0,c9dce675-70f5-4ede-b652-13a9f91d566f
0,135,1,1,3.32,1,273.4,141,93.2,7.7,12.3,04d39cc6-e05e-4979-87f0-718a594b9108
0,127,1,1,2.65,1,182.0,80,76.5,10.81,9.8,f92642a9-e518-4e3d-9650-7529c17fc8e8
0,63,1,1,2.78,0,214.2,61,79.8,9.06,10.3,520a133d-c6e2-4f09-b955-b31ae1eed541
0,99,1,0,0.0,0,169.2,70,52.0,13.58,10.6,35917525-193c-4cbb-aaa2-5d4f4c132ce0
0,119,1,0,0.0,1,94.2,108,39.0,13.21,7.3,28a5aa95-38de-437b-8718-0c35db468dbf
1,77,1,0,0.0,0,245.2,87,64.0,12.71,7.5,be2cc1a0-4b84-4761-ba9d-3cb1b7ed6b8c
0,68,1,0,0.2,2,172.7,95,44.0,6.96,11.7,06583da1-d727-4fe5-b2d6-ae3410223f99
0,86,1,0,0.0,1,150.8,85,51.0,14.8,12.5,c8f6431f-b0b9-4754-b69c-12aedb42603d
0,106,1,0,0.0,2,119.2,142,40.0,11.42,8.4,c929e020-1dce-4443-9c73-48d086c4bfab
0,93,1,0,0.0,3,266.0,120,57.0,6.51,13.1,37cfc081-477c-425b-b520-e7f51d459c9a
0,47,1,1,2.11,2,163.5,77,67.1,10.16,7.8,a64db505-df75-4f6e-940b-d4b1e48fe2bc
1,44,1,0,0.34,4,308.6,139,69.4,7.54,7.3,484c2b0f-9e26-4dfe-99a4-cc6d223feb49
0,123,1,0,0.0,0,224.0,99,56.0,10.54,2.1,b4016d98-7ab1-4314-85d1-330239e0ac0f
0,95,1,1,2.73,1,260.8,130,90.3,10.67,10.1,834aacd2-3993-428e-b7f2-8cff734c03d5
0,122,1,0,0.39,1,170.5,94,47.9,8.69,11.3,4f49b35c-218c-4bc6-90cb-65bd0389e973
1,119,1,0,0.0,2,287.1,115,63.0,7.97,13.9,3554212e-2e04-4ae4-a517-f406eda6593c
0,146,0,0,0.0,2,160.1,63,45.0,10.42,9.2,06978a49-a579-48a8-8844-716be3d0113c
1,105,0,1,3.97,0,156.1,89,75.7,5.36,14.7,422729f6-62a9-4c12-be61-9c32e7045990
1,159,1,0,0.0,2,275.8,103,63.0,9.48,7.4,c88f4d79-e789-4254-8c8a-bd1e5f5d0955
0,9,1,1,2.73,1,214.1,108,78.3,8.46,10.1,6bed3d97-d7c9-4e5c-a0c7-1228fb58a3f3
0,42,1,0,0.0,0,196.5,89,54.0,12.07,4.0,009e2034-c830-4e48-9868-67ca3933452b
0,48,1,1,3.56,1,141.1,109,79.6,11.24,13.2,17d6b390-b240-42ea-b643-7fee8cc2112f
0,87,1,0,0.0,1,205.2,106,44.0,4.98,13.4,42802d48-b799-464e-825a-ac95491e9c5b
0,57,1,1,2.57,0,213.0,115,78.7,9.56,9.5,aa90eb2f-2598-421a-b5d8-669f698f0c95
0,152,1,0,0.0,3,197.1,126,45.0,6.51,7.4,4615c66b-752e-456f-806e-6218d20f5027
0,115,1,0,0.0,0,245.2,105,56.0,7.95,7.2,7e73809a-44bd-4242-b0e6-29b4286b913b
1,85,1,1,2.51,4,89.8,88,61.1,11.66,9.3,7f22eb00-05e9-472b-a1fe-0ceded6e5119
0,80,1,0,0.0,2,148.6,106,44.0,10.54,10.0,4ea5ce3c-022e-44b6-9e43-15bd88c2d371
0,120,1,0,0.21,0,185.7,133,54.1,11.76,16.9,803f468d-bbb4-40d8-ba7c-ac79ecdcd60d
0,107,1,0,0.47,3,212.1,95,53.7,7.51,7.7,dbf393d5-3c8e-4a09-aa1f-7f33954f87ba
0,138,1,0,0.0,5,194.3,83,50.0,9.5,9.0,5deaeabd-5304-49ec-a8ce-9840bb6563c6
1,143,1,0,0.0,0,223.3,99,53.0,8.36,4.5,9a981503-ce53-4a62-b5f8-1b861efff7c1
0,157,1,0,0.0,1,152.7,105,48.0,12.88,9.4,8898b56e-e065-493c-908b-4217ffa65eaf
1,1,1,0,0.0,5,182.1,106,43.0,6.75,10.0,7570f902-83be-4c81-b1f0-189d35719855
0,95,1,0,0.0,1,175.2,91,51.0,12.22,7.5,51d65a69-09eb-4a71-a602-bb5ec43c4b66
0,76,1,0,0.0,0,204.2,100,60.0,14.63,10.5,2da1dc9f-33cf-4057-bfdd-143ef19385ca
0,94,1,0,0.0,1,245.0,112,57.0,9.02,9.7,6171bf01-8f0d-4c2a-8448-93995c4a0f02
0,135,1,0,0.0,1,246.8,129,58.0,9.39,12.6,c4a0eaaf-c00f-4782-b882-0c72bce4083f
1,148,1,0,0.0,2,279.3,104,65.0,10.08,7.9,86565b1b-6718-44d4-ac9d-337c38f2ab93
0,193,1,1,3.32,1,124.0,102,72.2,10.15,12.3,b866bdc5-2ac7-47c7-a210-673cf9e50c80
0,138,1,0,0.0,0,240.8,104,54.0,7.23,11.6,ab2c4731-6a70-46ef-9a18-1d6a31fb2bd7
0,105,1,0,0.0,4,162.3,99,46.0,10.63,11.1,e7be394f-9fcc-43a7-8d22-7bd46d4cafb0
0,25,1,0,0.0,2,134.3,98,41.0,10.12,12.6,a3460416-e40e-4e7f-bb21-ae8e009e7629
0,120,1,0,0.0,2,184.5,103,50.0,10.45,10.2,71a0fcc3-5dc1-45da-b912-b4584931fb50
0,189,1,1,3.08,3,256.7,98,87.8,7.53,11.4,940f8cab-1c1b-4af0-803e-582cbb50d107
0,90,1,1,1.73,1,124.5,94,58.3,11.59,6.4,e4e9e342-ee77-4de7-8617-75e18af79c6d
1,108,1,1,2.46,6,209.5,108,69.6,5.48,9.1,6242371b-2be7-48e9-9ae6-56c23b3ec4e0
0,70,1,0,0.0,0,148.4,110,48.0,13.36,8.9,d99598b8-25f5-4c63-b94e-de007186b8e9
0,126,1,0,0.0,1,122.4,88,34.0,7.19,11.5,2d1e326d-7a68-4596-94ce-9a03657d8bfd
0,102,1,1,3.86,0,214.7,86,102.6,15.72,14.3,ac03d2f6-5426-481e-acd4-75ea52128d38
1,37,0,0,0.0,0,172.9,119,45.0,9.15,9.8,f14c5b38-a66d-4758-88a4-41b9231457fe
0,113,1,0,0.0,0,81.3,116,33.0,11.03,8.9,8c163c93-aa4d-48d8-aaaa-4b17eb0b323d
0,27,1,0,0.0,2,201.2,128,54.0,11.36,8.4,0f47487f-bb13-4e0e-aa32-bb196f8724b2
0,83,1,0,0.0,0,202.3,87,52.0,10.08,6.8,f5e88141-4743-430a-97d3-8abec4e9c3a9
0,53,1,0,0.0,1,164.1,106,46.0,10.3,11.4,7a82ef08-2a8a-4f77-819e-99377bf2e623
0,24,1,0,0.0,0,235.6,132,50.0,5.8,16.2,761da8f0-80c9-4088-aef1-fb2f1d035c82
0,67,1,0,0.0,1,176.2,120,51.0,11.8,10.6,5a0ab933-11a8-4eff-8b35-8f4076833b6a
0,148,1,0,0.0,2,153.6,148,49.0,13.11,9.8,d8651daf-3b6f-4fc1-ba98-8a1d1a048165
0,36,1,0,0.29,3,202.4,115,57.9,11.54,10.2,dcb3057b-7cd0-40eb-896c-26ca7fc492d2
0,163,1,0,0.35,4,178.7,56,52.5,10.79,10.6,3c107a33-0f3a-4d65-bc57-7edd787c5a48
0,76,1,0,0.0,0,169.5,77,40.0,6.2,10.0,ae3b90c7-43c6-4e5c-a5b1-99d365a471df
0,167,0,0,0.0,2,244.8,91,47.0,3.04,10.7,d707dbdc-a807-4a75-a5ae-722854d7bd63
0,146,1,0,0.0,2,169.5,93,49.0,11.55,9.0,dd0cbdb3-3d96-402b-9f23-c0b9b461a5c5
0,99,1,0,0.0,2,190.4,102,46.0,7.91,11.2,5f580318-09a1-4057-8028-186ee575c55a
0,64,1,0,0.0,1,224.8,111,55.0,9.5,9.2,1b7e73c6-7406-4f55-8cc9-795a8b0fad7b
1,115,0,0,0.0,2,122.0,110,40.0,11.01,10.8,b750f9d7-43e9-4c18-b6c6-e06de6ce97b5
0,70,1,1,2.78,1,125.9,101,66.8,9.82,10.3,0f2f1142-fae2-446e-aa6b-eb49f42a5165
0,92,1,0,0.0,2,91.7,90,33.0,9.69,9.2,6b20ffe6-183d-4d2b-903a-1e7c5e8120a7
0,69,1,1,4.43,0,268.8,78,111.3,12.33,16.4,6d47126d-744d-47d5-a94f-ebd5f4655f5b
0,53,1,0,0.0,2,145.1,116,45.0,11.69,7.9,34a069f3-271a-4da9-b344-da0d02588e5b
0,126,0,1,2.62,4,244.9,118,87.2,10.98,9.7,903cc1a4-3705-4360-ba57-c5a221a3aa01
0,90,1,1,3.0,0,193.3,66,86.0,13.17,11.1,1589e53b-716c-4c39-9557-a1bd1a775436
0,92,0,0,0.0,0,264.3,91,59.0,8.05,9.3,088e3f13-d2b5-4652-98b3-21309e1c1833
0,57,1,1,2.24,0,176.8,94,69.4,9.75,8.3,c7e9aa90-ab7e-4b9d-9b5b-d23961903859
0,44,1,0,0.32,1,143.2,77,42.2,8.49,7.6,ee5257de-10b1-42a1-b3a1-46c265c636b1
0,77,1,0,0.0,1,142.3,112,51.0,15.32,9.9,5f8fb4c3-ffea-432a-b180-f1c11b392016
0,106,1,0,0.4,0,223.0,121,52.0,5.51,7.1,60003e0a-3fb4-41b3-a4e8-e92182e2ced4
0,66,0,0,0.28,3,208.7,84,53.8,8.67,8.3,3133e72e-ee03-4455-8c39-f2f4e0b82251
0,31,1,0,0.0,0,177.3,129,44.0,7.64,5.1,cf154cc8-2a6c-415d-a418-35c808eea201
0,57,1,1,3.97,1,179.2,105,94.7,14.16,14.7,cd2a774e-f192-4b32-a610-ade06035ed6b
0,143,1,0,0.42,0,119.1,117,49.2,14.39,12.2,7dac92fc-e055-4ff7-aa36-8e4e66ec02d8
0,119,1,0,0.23,2,154.5,129,45.3,9.68,13.4,66b2519c-8281-4f5f-a8d4-11dcd0a878f6
0,90,1,0,0.0,1,167.5,96,41.0,6.96,13.0,12e583e9-d496-4ece-a248-a1118dd8a78d
1,76,1,0,0.0,0,299.5,125,71.0,11.34,13.7,a17165f8-1a55-46e1-8d9d-d68d14dc21e9
1,209,1,0,0.0,3,255.1,124,63.0,11.53,8.5,a0361b7b-27f7-4614-9963-898b09d3d429
0,94,1,0,0.15,0,139.4,95,39.5,7.96,7.7,74c22f3e-32b3-4951-b5d1-48008979cb9b
0,129,1,0,0.0,1,54.7,131,32.0,12.81,11.1,16abef9e-3999-4c83-95c0-f14640644419
0,37,0,0,0.0,2,106.6,76,31.0,7.37,9.6,f11d65c6-3120-4fb1-a7e1-18bf3139480d
0,70,1,0,0.0,3,134.7,96,43.0,11.8,7.6,8b5de767-0684-4326-a6f4-c57d185f4002
1,115,1,0,0.0,1,286.4,125,67.0,10.29,6.9,6d7ba76c-0e95-4c14-b770-854def6e716f
0,121,1,1,2.54,0,211.9,110,80.4,10.76,9.4,fc9a115e-9f8c-43d3-9f3f-b968007a65ab
0,125,1,1,2.78,0,268.4,112,92.8,11.11,10.3,04c987b2-6420-4c17-80ed-bd27b61777d0
1,91,0,0,0.0,2,145.0,89,40.0,8.79,16.7,f08c437a-0c7e-4bf4-9e88-269ccd67a016
0,122,1,0,0.0,0,136.7,115,44.0,12.16,8.6,ce7a60e2-2d8b-42c7-82b8-ac3426a7b306
0,67,1,0,0.0,2,109.1,134,31.0,7.12,10.9,8586ffde-70ed-41cc-8fc2-5682d0c70e54
0,107,1,1,2.03,1,114.3,132,57.3,9.99,7.5,3dc78e2e-2cc9-476b-bb56-44f48f9918c8
1,107,1,0,0.0,1,222.3,101,63.0,14.3,12.1,bc7194e3-8c93-4142-a16c-3950b5482da2
1,92,0,0,0.0,3,252.3,120,61.0,10.35,12.0,d85678cf-fa4b-4790-a157-d367bca6023e
1,24,1,0,0.0,2,265.6,86,63.0,10.44,11.1,c984f93a-87dc-4ec4-b725-eb3e568d1a69
0,23,1,1,2.54,1,156.6,84,66.4,8.08,9.4,d5bdf9fa-2f95-4a65-a476-fddeb90d1c15
0,108,1,1,4.19,0,215.9,106,95.9,10.03,15.5,f8f69af7-0487-4ec2-aa2f-54d48507aaaf
0,111,1,1,3.62,2,96.8,123,67.2,8.53,13.4,b7a220b2-1a62-4ba2-bd0a-6a5a6436da85
0,64,1,1,2.05,1,200.4,80,66.5,6.56,7.6,e2840599-5cce-4b40-ab62-a7497764d9d7
0,24,1,1,1.81,1,164.9,110,64.1,10.47,6.7,c2bed339-ec8d-4f28-90cb-20b367aab603
1,95,1,0,0.0,2,269.0,120,66.0,11.69,7.3,d79bc1f7-df1a-464d-939a-4b1e6577b8a7
0,46,1,0,0.21,1,210.2,92,58.1,11.37,13.1,341a0501-c8e7-4a7c-a22d-358c0834dba8
1,33,1,1,3.75,4,157.4,99,74.5,5.9,13.9,236c45ef-900e-4731-9b99-d49aa8b26bf9
0,85,1,0,0.0,0,212.3,107,56.0,11.42,7.7,9a0f5337-c03b-4992-9c6b-f214e9d0c18f
0,34,1,0,0.0,1,180.6,65,55.0,14.02,5.0,8f82cf48-928f-4ee7-a83c-565f0eb7f67c
0,118,1,0,0.43,0,205.2,115,55.3,9.24,7.0,1c550043-9845-4816-aaba-7831c0a1c56d
0,30,1,0,0.0,0,247.4,107,58.0,8.8,11.3,ac39ad9b-51d3-42e4-9558-4973e3492f56
0,114,1,1,3.08,1,206.2,79,88.8,13.0,11.4,5c8e5982-321c-4c41-9d99-e4246a16a030
0,94,1,0,0.0,1,194.1,62,53.0,11.36,15.3,dc224d1f-d0d5-470f-8dce-bda707465dcf
0,58,1,0,0.29,2,243.1,105,63.9,11.57,7.8,6750c1a3-2d86-49e4-bd9f-b0f2ac34a810
0,88,1,0,0.0,1,142.2,107,47.0,13.12,10.1,46158395-b7a3-4864-b117-175321c63486
0,75,1,0,0.0,1,190.5,91,48.0,8.92,13.1,54e73cc1-c218-463c-8175-a662f7e97644
0,90,1,0,0.0,1,200.9,92,49.0,8.22,8.9,90b710b5-2042-46ef-ae1e-90a432e2c61c
0,116,1,0,0.0,3,245.9,73,63.0,12.01,8.9,6c4683ec-1aeb-4e17-88d9-3c03dc11074c
0,126,1,1,2.35,0,278.0,88,92.5,12.66,8.7,fe78e70e-a515-4be0-9eeb-716aec67bca2
0,66,1,0,0.0,2,256.3,135,59.0,9.01,6.2,2463f315-0dc4-4def-8980-720354b782ce
0,98,1,0,0.0,4,221.2,80,56.0,10.68,11.9,ae0123c2-da44-4bab-a19d-60a8a2fd6599
0,125,1,0,0.0,2,212.3,89,55.0,10.77,11.3,5bb6c551-a1b6-4d91-90d4-f314a2d4be34
0,88,1,0,0.31,1,153.5,94,51.1,12.59,8.5,cbdeb248-d64c-4bb9-8034-461a2106b512
0,128,1,1,4.32,1,142.3,73,84.2,9.74,16.0,9cc6a428-269d-4445-915d-132aa6781f9e
0,118,1,0,0.0,2,253.2,122,61.0,10.05,9.7,9ed36eb5-52de-4fa1-9f05-65cd6f946d4c
0,13,1,0,0.0,2,143.1,139,45.0,11.98,7.1,462ce071-e726-4cb2-ad86-bc9a9ac5e035
0,129,1,1,1.59,2,119.6,104,60.9,13.94,5.9,59c173a6-f243-4dee-a52e-241707dd2a41
0,154,1,0,0.0,3,191.4,93,50.0,10.27,10.2,74216589-33b4-41e5-9857-a7a51bb6ff66
0,97,1,1,2.24,3,121.1,105,65.4,13.01,8.3,830bf30a-662d-4b74-9e21-b0ff68f527a6
0,37,1,0,0.3,4,221.0,126,58.0,10.23,6.8,d72f92f8-166a-4861-861c-131121598c05
1,55,1,0,0.4,0,285.7,124,73.0,11.55,14.8,9c974a7b-1d42-411e-a584-8e0891a7f6f1
0,86,1,0,0.0,1,171.8,106,55.0,15.09,9.7,e76d0345-e81d-498e-b23e-1ce87af79491
0,90,1,0,0.32,2,157.9,72,50.2,11.7,12.2,55100e0b-7dd6-4244-ae39-489ca21bda83
0,155,0,1,3.0,1,211.7,121,78.0,6.96,11.1,b3c57405-048c-47b1-a2be-5df471db0a7a
0,74,1,0,0.0,2,157.1,95,45.0,10.66,7.6,b2d38ca8-56bb-4f13-b791-77a26cf91104
0,84,1,1,2.05,3,165.3,97,68.5,11.18,7.6,ad3a6f3b-fe8f-450b-a794-a755d1ce5f17
1,44,1,0,0.0,0,288.8,86,65.0,8.8,9.5,ac18c57b-6ef2-42bc-948b-48ea8967f0b7
1,76,0,0,0.3,1,273.3,66,72.0,13.18,12.0,b7a9d803-f7d2-4260-9f54-cbcc8b92f690
1,162,1,0,0.33,2,217.6,87,64.3,13.95,10.4,07bdcc5c-8396-4095-99c3-151504b165d6
0,153,1,0,0.0,2,122.5,145,45.0,13.67,8.0,548decfb-b617-4ef1-b06e-b667167608ed
0,149,1,1,1.76,0,148.5,106,52.6,5.73,6.5,679d9ac8-d374-4f09-afec-2ae1fa3de1fc
0,91,1,0,0.0,2,134.7,116,48.0,14.77,6.6,1417449f-0174-4668-8d7a-1274e638cadd
0,62,1,0,0.0,2,182.3,101,59.0,16.41,11.2,248fe67d-58db-450d-914c-12136defecd2
0,93,1,0,0.0,4,164.5,95,48.0,11.55,9.9,2a1cf720-2d0b-4171-aaae-9dbbbe994aad
1,111,1,0,0.0,5,123.1,88,40.0,10.7,12.0,5b596d94-7f3d-4e67-b885-2488b10e5ffe
0,64,1,0,0.26,3,124.1,117,40.6,9.64,6.4,7f3b9e34-0f27-4833-8576-5757a65ec061
0,139,1,1,4.0,0,214.6,101,97.0,11.76,14.8,731eddc1-179d-4fa0-8a2b-1cc314abf4cf
0,67,1,0,0.0,0,109.1,117,38.0,10.87,12.8,4489995b-be86-48f6-a96c-d36ee7e928b0
0,42,1,0,0.0,1,146.3,84,47.0,12.8,8.0,840ce277-866b-4633-8c86-4ccb85c98c20
1,161,1,0,0.0,4,332.9,67,84.0,15.89,5.4,325eb7e2-555d-4310-a137-4054d56557b2
1,144,1,0,0.21,4,61.6,117,20.1,3.86,8.2,f0646760-b87d-43ff-b853-17461c56b3a2
0,100,1,0,0.0,1,179.1,123,48.0,9.83,10.2,74a353aa-bf57-488d-94d2-3a7b3d6cad38
0,135,1,1,3.94,2,197.1,113,95.4,12.97,14.6,2a70cc1b-dd1e-4694-b063-7ab5c37da5cb
0,85,1,0,0.0,3,225.0,81,54.0,8.85,7.1,5e5d17a3-5d6c-466c-97cc-84db3c539326
0,87,1,1,2.11,0,262.8,114,85.1,10.79,7.8,3f657ad4-25f9-4f1e-8cf5-50537a9cec30
0,73,1,0,0.0,4,183.4,80,52.0,12.1,7.5,09424f7b-ca6d-4f27-873f-1ba5fdbdd37f
0,92,1,0,0.16,3,201.9,74,55.6,11.34,13.7,e156e0ca-b09a-4237-ac08-68e5cacd3026
1,177,1,0,0.0,3,266.1,91,65.0,11.26,8.9,0915902e-6755-4279-a095-c331eac34595
0,108,1,1,2.92,0,171.6,110,70.2,6.81,10.8,53bbbe42-0653-47f0-b815-71ac7d20810b
1,184,1,0,0.0,1,236.4,73,65.0,14.37,13.8,b07aa924-8a2f-49c1-9b21-2afd9645e586
1,19,1,0,0.0,1,259.4,116,68.0,13.49,9.5,53d26195-d5b3-4b4b-ac76-6b97853bb8f8
0,79,1,0,0.24,1,144.0,90,39.4,6.79,13.0,fbca86b7-4471-4b33-b97d-b0cfe2aa37ae
0,56,0,0,0.0,1,177.7,114,49.0,10.78,10.5,5e52c71f-5be7-46dd-8cb6-ee20aa547c08
0,130,1,1,3.4,1,257.2,108,97.0,11.22,12.6,293317d7-1525-4ad5-90ec-fbca6900a713
0,129,1,1,1.78,1,196.6,89,66.8,9.03,6.6,3e7922e4-820e-4d13-bcc5-82e70a159287
0,80,1,1,2.57,2,236.6,69,83.7,9.88,9.5,a4893192-56b1-4b50-b3de-4b5da0dee78d
0,93,1,0,0.0,3,190.7,114,51.0,10.91,8.1,f77a44df-4ca5-44c4-ab6e-e75712a28d80
0,121,1,1,1.59,0,193.8,62,65.9,9.88,5.9,693c25fb-d1d1-4b91-b107-713c40fa9529
0,89,1,0,0.0,3,89.5,66,31.0,8.97,12.3,f337f60d-5ff7-4197-986a-aa450ba03372
0,121,1,1,2.03,0,245.0,95,81.3,10.85,7.5,29aacbed-d051-49c2-8864-4278207bf18f
0,58,1,0,0.0,4,210.1,126,57.0,12.45,14.4,c576f7db-12db-4915-bb1f-22c402e21d5a
0,99,1,0,0.0,3,238.4,96,62.0,12.33,12.4,18f8ab73-b302-4da2-a85c-21c798d156af
0,93,0,1,3.27,1,187.5,110,79.7,8.49,12.1,c96d34be-1157-4c04-9322-6489aa028881
0,58,1,1,2.57,1,194.5,110,77.7,10.69,9.5,33a1c18a-8f4d-4528-b359-dcbbecc608ce
1,138,0,0,0.0,4,46.5,104,24.0,9.3,9.6,6c2b5036-4663-455b-995c-3d5f5ee61c7e
0,121,1,0,0.0,5,215.6,74,54.0,9.65,10.1,7d2dd574-45ab-45b0-97ba-ea22b62d6346
0,104,1,0,0.3,2,113.6,87,36.0,7.93,10.5,e7a0e64d-854a-4fe1-9483-9851785d64c9
0,196,1,0,0.36,1,133.1,80,44.6,10.33,10.3,d7c4c09b-c99c-4bdb-827d-12bb98c15eaf
0,175,1,0,0.0,1,132.0,95,43.0,11.56,8.7,586511c4-ce1d-4f80-84b8-0abc484924a1
0,101,1,1,2.21,2,118.9,112,62.1,11.42,8.2,d17aaa45-8d72-4d61-bf9e-79447fe2aeba
1,117,0,0,0.0,1,287.4,118,71.0,12.98,10.0,d8c91711-86a4-493a-8405-a0884e87c648
0,57,1,1,3.51,1,279.9,121,102.1,11.16,13.0,fc70f178-0d48-4f24-98f9-41a2fa2b1479
1,117,0,0,0.0,2,167.1,86,44.0,8.88,14.1,a71e4a6a-1271-4a92-930a-14bb8b73942c
0,138,1,0,0.28,3,171.4,117,41.8,5.76,17.0,1d72ad3d-c72e-4072-9d85-311536733deb
0,63,1,0,0.0,3,117.1,118,42.0,12.48,11.1,5e56c05d-06bd-439c-a303-1bf6f2d69f10
1,108,1,0,0.0,4,154.2,123,36.0,5.62,15.4,10f3492d-3424-455f-9ce7-110c237ea676
0,48,1,1,2.16,1,172.0,111,68.6,10.01,8.0,d298c3ba-1986-43ba-9322-b36fdaddbc35
0,66,1,0,0.24,1,87.6,76,40.4,13.1,9.2,2a7cc4d4-dc43-4063-b8e7-70f3f359c3e4
1,81,1,1,2.48,4,167.9,147,69.8,9.54,9.2,e211a9b6-8bc8-4ca3-baee-fd1c9f2fc506
0,92,1,1,2.7,1,151.1,90,70.0,9.74,10.0,f29c32c7-7e97-480a-883b-8fdc40a7a74b
0,95,1,0,0.0,0,58.2,96,28.0,10.11,10.4,d706af6b-c320-45c9-aac1-d05f2698792c
0,85,0,0,0.38,4,197.2,97,55.8,10.59,8.3,a94eded4-e589-4007-a527-ad5eb248802c
0,118,1,0,0.0,0,154.8,71,48.0,12.2,12.8,f6846f39-6c59-4f93-878c-7bbf7a7198f6
0,139,1,0,0.0,3,196.0,135,50.0,9.3,9.8,88063849-b4ed-48ff-a724-9d76ea6fee7f
0,166,1,0,0.0,0,274.3,110,52.0,2.65,10.9,ba3d306b-ba2b-4895-b5d5-a0405c493a9e
0,189,1,0,0.0,2,227.4,84,54.0,8.8,6.3,321b1882-0813-4989-8eb4-f2b72d4646f4
0,70,1,0,0.0,2,198.6,111,52.0,10.7,10.6,2ebe8934-3067-4916-aeff-3047744f6f69
0,121,1,0,0.0,1,177.2,142,41.0,6.18,8.4,491a73ff-02d9-469c-bc9d-629ae54418f3
0,100,1,0,0.0,1,131.1,108,38.0,8.81,4.3,f9323a6d-d0be-4028-91a5-e14c5367f9c1
0,69,1,0,0.41,0,195.1,91,60.1,13.08,11.4,3c3cdc91-9a59-42ee-ab46-8cef34bac19d
0,48,1,0,0.0,1,240.0,88,53.0,7.05,7.1,64ad5c9c-5710-4745-ada7-cceccf77bb0d
0,82,1,1,2.97,2,137.8,95,73.7,11.78,11.0,ec0f171c-629b-4460-96f0-8d01fff151e1
0,146,1,1,2.73,2,180.7,82,73.3,8.69,10.1,097ff5a4-1481-4b6e-8968-7b38d4a42c4f
0,99,1,0,0.0,1,54.8,92,25.0,8.65,7.5,75e80da7-9b25-4dcb-8f36-90c212355aa6
0,64,1,0,0.0,1,206.2,76,55.0,11.62,13.6,94d0840b-f944-453b-b29d-ffe236ba677f
0,98,1,1,0.0,2,64.6,98,26.0,8.81,0.0,4618dbb9-c825-472c-9d94-4554b8d95b63
0,66,1,0,0.0,1,201.3,95,48.0,7.64,7.5,34e78d2f-41bf-4371-8d13-91f7b3323a62
0,88,1,1,4.35,1,219.5,78,100.5,11.11,16.1,196b0c7d-4bed-43a5-a969-bff18b1f7156
0,110,1,0,0.0,4,242.5,110,56.0,8.12,7.8,ba9081e6-60d0-4d8c-a8ce-cad108ced654
0,77,1,0,0.14,2,230.0,87,49.4,5.16,11.3,b6b07e1c-3bfe-46ff-a32c-d5f5d81a9af6
0,78,1,0,0.0,3,75.0,116,34.0,12.44,9.5,9c89f14a-80eb-4b2b-a173-f91861798275
0,95,1,0,0.0,1,229.9,116,57.0,10.12,14.2,237149f3-67db-4656-9a36-c542e4eddca6
0,51,1,1,3.02,1,236.8,61,93.2,13.17,11.2,54406c63-dae8-493f-b4d2-f87067994032
0,138,1,0,0.0,0,220.2,89,45.0,4.42,12.9,3d639167-4a23-498e-af87-38121a29c131
0,104,1,0,0.0,0,138.7,107,46.0,12.85,10.0,9385aaf8-587a-4dd7-b614-1c19e6f5a184
0,93,1,0,0.19,2,271.6,71,67.9,11.47,10.9,9c133ff3-3720-423c-98aa-103f814684de
0,136,1,0,0.0,0,102.1,75,37.0,10.98,9.8,e87e3a51-ed62-4cc7-a904-4897ff966fb3
0,136,1,0,0.36,2,252.4,74,61.6,8.4,10.7,ff26240b-df8d-4cb5-9e6e-01755727b789
0,160,1,0,0.18,1,166.8,109,50.8,11.8,9.3,414be13e-6bbd-4697-a04b-9331e02df6a0
0,173,1,0,0.0,1,109.4,103,28.0,5.07,7.8,d1e74eb8-1f32-4613-925c-cc073b6af46e
0,149,1,0,0.0,1,69.1,117,24.0,6.82,6.3,d508b4da-bda0-43db-910a-8c0e00ff8f25
0,87,1,0,0.0,0,58.0,125,16.0,3.38,11.5,0e2a8eb8-f30a-452e-b9bf-8720aa24ffd2
0,67,1,0,0.22,4,310.4,97,61.2,3.33,9.2,cecffe92-5a9b-4a38-bf6e-5606705b0d80
0,86,1,0,0.17,2,70.7,125,31.7,10.55,0.0,3c0f4fb1-381f-4e20-a9c8-75e25945499f
0,123,1,0,0.24,0,114.4,91,40.4,10.83,11.0,910e5509-baae-48db-96f1-7e5311688c69
0,162,1,0,0.0,3,177.1,131,40.0,5.74,6.5,0b2cc267-e5b8-4df7-9286-c45bea886599
0,55,1,0,0.23,0,189.0,100,45.3,5.93,17.1,61523d55-5c5a-41dc-ba7d-40a01bf001dd
0,99,1,0,0.0,3,146.7,64,49.0,13.7,8.9,90e13211-aa8a-4353-b7bf-a0011aa7fa23
0,75,1,0,0.0,3,224.7,116,55.0,9.6,11.3,31a7569a-d59d-464c-bb9d-713a3bdd306b
0,172,1,0,0.0,3,212.0,121,39.0,1.56,12.6,3222b274-8012-4e07-b83d-8cf64af5dada
0,132,1,0,0.0,1,117.6,66,39.0,10.7,8.8,180e2cd4-d5b6-49b0-80d1-3f96c4f0e807
0,15,1,0,0.0,2,135.2,101,36.0,7.63,8.4,73663de8-45a9-4429-bdda-298b01cc3670
0,131,1,1,2.05,3,249.6,87,82.5,11.36,7.6,e4035f70-0641-4fab-91d8-a9419a336864
0,186,1,1,3.92,2,74.3,107,67.2,8.87,14.5,cca9295f-c9f1-41e7-a861-f4371de3128d
0,112,1,0,0.0,0,170.5,113,46.0,9.66,11.2,6fdc50f7-34ea-4c5c-8f0b-e8017ef0dc7c
0,84,1,0,0.0,1,146.8,133,40.0,8.59,9.9,f802dbca-c81d-4dab-acdf-e86657ac6685
0,147,1,1,3.73,5,254.2,78,100.3,11.41,13.8,ede7a8c2-dd6e-45a4-9f89-a17013ec467d
0,89,1,0,0.0,0,105.9,151,35.0,9.48,12.7,c7a95b5f-0d36-4029-87fe-31879b232391
0,72,1,0,0.0,0,109.1,97,29.0,5.79,8.3,8ebe7125-0358-4b3b-ace7-5656680c4023
1,79,1,0,0.0,5,157.6,85,44.0,9.71,9.4,cccc531f-006f-4589-b491-cfdc305b75ec
0,124,1,0,0.0,3,178.3,102,51.0,11.75,10.9,055d8384-c60c-4414-8f20-aafe2d5cd0f0
0,105,1,0,0.0,2,140.6,109,40.0,8.93,6.8,c74eb45a-27aa-4649-b96d-258460624acb
0,115,1,1,2.84,2,192.3,86,69.4,4.44,10.5,c4a88f47-1317-47c1-bc4d-8a9afbfd28f7
0,145,1,0,0.0,1,175.8,89,54.0,13.72,12.4,8feb72f1-2387-4a49-8dab-4714cefad9b5
0,77,1,0,0.0,5,239.2,114,54.0,7.5,10.3,2bcf5bb2-e0ae-4086-912a-fe622545b2d3
0,41,1,0,0.0,3,223.8,67,59.0,12.24,12.3,a026df0e-2175-4075-b586-244d0ac73ff1
0,119,1,0,0.39,1,176.8,90,53.9,11.24,7.5,02f08f9d-fe8d-471c-9393-c26163d2aabf
0,29,1,0,0.0,1,195.6,71,44.0,6.32,14.2,5b48631c-29b9-4c30-a52e-b97fa84f81cf
0,81,1,0,0.0,1,145.4,132,36.0,6.47,5.2,66f3bc00-43bf-401f-8e7a-f821565c75b5
0,64,1,0,0.31,1,145.5,116,48.1,11.42,8.9,37f0039f-177e-4aed-a400-534ac9f09e91
0,94,1,0,0.0,1,174.0,85,51.0,12.06,7.9,d3a98a86-2675-4250-a2de-2f30e8cb805a
0,109,1,0,0.0,1,175.4,125,52.0,12.54,9.8,bdf59c7a-ed9c-4109-b998-0e95a7f9b1e4
0,140,1,0,0.0,3,231.9,101,54.0,8.01,14.3,bd798146-d933-4854-9234-b7a92cd17dde
0,127,1,0,0.0,2,139.6,94,45.0,12.05,8.8,fb32e10b-4d76-438e-97d1-1c410d52a6ca
0,69,1,0,0.3,2,227.0,122,64.0,12.94,8.9,b9ee0345-58b6-4162-ae0c-5de840e89b26
0,116,1,0,0.0,2,229.3,93,55.0,9.23,8.8,8fe9a78b-f1f2-46c1-9277-7b91b491daa9
0,176,1,0,0.34,0,169.5,151,42.4,5.65,8.7,568b1254-0bba-49c3-a87b-52691c060add
0,171,1,0,0.25,0,189.8,122,50.5,8.69,10.3,76f9fa0a-1613-45bc-a497-469b5bfd8399
0,42,1,0,0.0,2,184.5,98,49.0,10.03,8.8,8d175d25-52d5-4da3-b31f-bd38f6abacfa
0,101,1,1,2.54,4,220.3,96,87.4,14.29,9.4,40793b05-6913-4d8d-bc77-d8e6257cbcfe
0,184,1,1,2.75,0,200.3,76,83.5,12.68,10.2,9560e4ce-0d31-4d35-9967-442354c676c1
1,95,0,0,0.0,1,165.5,84,53.0,14.31,11.5,1df5b752-4ee8-418a-bb4b-cd448c7f600d
0,104,1,0,0.27,1,183.6,133,44.7,6.04,12.7,370af407-5349-416e-b4bb-6561c1056a85
0,73,1,0,0.0,2,254.8,85,56.0,7.17,15.0,413c13ae-3023-44ae-a1e0-52cff1a5cf41
0,155,1,0,0.39,2,216.7,30,53.9,7.22,10.8,0aa1b6fe-1a8d-41e2-a23b-43f408717136
0,107,1,0,0.32,3,204.5,108,52.2,8.12,13.4,422b3924-1997-4337-97d3-8b11549aa36a
0,104,1,0,0.0,2,138.7,100,42.0,10.77,4.9,e14ecc91-a11b-4090-898b-8970c9679357
1,75,1,0,0.0,4,109.0,88,41.0,12.97,13.3,22ef1562-993a-43ba-99ee-810dbb5fee18
0,151,1,1,2.32,1,214.7,97,72.2,6.93,8.6,908ab7dc-87e5-4b7d-b897-f0e7188edf39
0,37,1,0,0.0,0,191.1,69,44.0,6.46,12.9,8c0c3d1d-cd6f-4351-926b-d7dd64af4f7d
0,107,0,0,0.29,1,234.1,91,56.9,8.16,10.0,cbaae24b-7348-4370-929f-1b4c95c0061e
0,92,1,0,0.25,2,196.5,82,52.5,9.5,10.8,627837eb-11db-4cd1-953e-95a9c19d7f5f
0,70,1,0,0.0,3,104.7,112,25.0,4.11,15.8,df0355b5-f7c0-46eb-9f52-e986c64caa90
0,106,1,0,0.0,1,158.7,74,33.0,3.22,10.2,81189b95-d21e-4351-ab80-a12dfd885298
0,97,1,0,0.0,1,151.6,107,39.0,7.77,14.7,39681e5b-775a-4b95-b42d-0ae582acec0f
1,125,1,0,0.0,0,240.7,82,64.0,13.47,10.1,89d8f248-fa81-449c-b5e6-70d16a091443
0,97,1,0,0.0,1,209.2,134,36.0,0.0,11.8,f5db3a1d-2487-41c6-926b-04f0e0e3c12d
0,90,1,0,0.0,3,37.8,80,20.0,7.77,14.2,7ae2b448-1953-4d89-b5d0-9dcd5a3f99ac
0,64,0,0,0.26,3,146.7,83,40.6,7.42,12.5,4bc698cf-12b5-4b7b-8f4a-e9b3b5f5d811
0,159,1,1,4.56,0,184.1,78,93.6,9.73,16.9,a2d39fa4-f8ba-4e70-9cc3-3ec74a4db3a7
0,43,1,0,0.38,3,27.0,117,22.8,8.05,10.7,75b0e35f-43e9-452b-babc-025ec4ff816c
0,99,1,1,1.97,2,87.7,103,53.7,11.15,7.3,8b21e52c-4b9b-41e8-a139-db31170dd98e
0,117,1,0,0.0,2,181.5,95,49.0,10.26,14.7,570499a4-2cde-4b09-a61c-544a0267c003
0,134,1,1,2.32,0,216.8,78,69.2,5.11,8.6,b11096bf-5b1f-4857-a9d3-2826cc166c3e
0,11,1,0,0.0,2,143.4,130,49.0,14.47,9.7,aa3f51fa-4aa6-4714-b480-3a10b64ba431
0,106,1,0,0.25,2,165.3,118,48.5,10.5,8.5,4289869d-9a0c-45af-af74-e59a86c544d7
0,59,1,1,1.84,1,133.1,114,60.4,11.06,6.8,d3682389-d5d1-4634-b6d7-ac7be8fc781e
1,159,1,0,0.0,1,189.1,105,54.0,12.31,10.4,b6a897b4-8a2d-40af-ad4c-3671ee902bb2
0,82,1,0,0.17,1,143.9,61,43.7,9.75,11.1,bd4c5e17-2b93-4112-9b19-ed9047c07734
0,87,1,0,0.0,2,198.3,80,50.0,9.35,16.6,49ee572e-c5c5-47e6-8f42-384f42b4622e
1,113,1,0,0.0,1,209.4,151,66.0,17.37,7.4,195aa732-9450-4fff-bc49-a8c6ba446d6d
0,90,1,0,0.0,1,175.9,111,55.0,14.26,13.0,a54812e7-ac38-4736-ac6f-8ee561832a0b
0,101,1,0,0.0,3,209.6,107,56.0,11.44,7.6,14c4524f-40e3-425b-a71f-54ccf71e3954
0,75,1,1,3.54,3,163.6,132,76.4,7.34,13.1,0415e936-1f17-4a5c-a013-7044e4e58c30
0,113,0,0,0.0,0,125.2,93,39.0,10.32,8.3,cc60c5cc-5820-4371-8e52-a071787a75a1
0,87,1,1,0.0,1,165.8,122,45.0,9.35,0.0,086f28ad-2a79-4dcf-845b-87495382b0bc
0,122,1,1,4.21,2,146.4,104,75.1,4.49,15.6,35e9c510-00e2-4507-9867-9c6a9fa6cd6f
0,108,1,0,0.0,1,187.4,101,49.0,10.0,12.6,e48b3c04-26fe-486f-b466-13a40870330d
0,123,1,1,4.21,2,197.6,105,83.1,4.0,15.6,a88910da-646e-4387-8cca-8ba0ea5b2fcf
0,99,1,0,0.28,1,145.6,102,47.8,11.55,11.4,cf7bad49-1545-462b-a09d-6a3566f72f3e
0,45,1,0,0.0,2,159.8,91,38.0,6.02,10.6,89cf75bb-1a01-4672-a3d8-fb7414562ee3
0,132,1,0,0.22,1,83.4,110,36.2,11.61,7.6,8b7fe257-5ffa-4cf8-ba9c-d698d2b270df
0,44,1,0,0.35,0,204.6,117,56.5,10.26,10.7,8bdb02ac-793c-451e-9bee-2d710984a4c2
0,131,1,0,0.33,0,211.8,115,62.3,13.03,10.8,5b2a4d26-c52d-4d6a-9637-01c4b7be64bb
0,115,1,0,0.0,2,178.7,114,54.0,13.55,16.4,9872f4d5-6f22-42a3-906f-e350bf273aaa
1,115,0,0,0.0,1,345.3,81,76.0,10.17,11.8,884256f5-0106-45be-881c-0cc03e07e90e
0,142,1,1,1.73,1,230.7,101,79.3,12.84,6.4,ded08412-d4e1-4cf3-9dc5-183c3eab495b
0,88,1,0,0.0,2,65.4,97,26.0,8.41,13.8,de04d1ca-2759-428d-83a2-f1747ee99377
0,112,1,1,3.11,4,225.2,89,92.1,12.84,11.5,da962c1b-010e-4802-acbf-38a97b3b41b9
0,123,1,0,0.0,1,194.0,118,54.0,12.1,12.1,dbff0785-47b8-4f18-8391-2d70a9800b23
0,58,1,0,0.19,0,234.8,89,50.9,5.34,9.9,1972e05a-3c18-45f4-92c9-7ee44a57fbd4
1,99,0,0,0.0,0,242.3,102,72.0,17.55,11.3,9470334c-5e16-403d-8641-7961d88c5ef4
1,105,1,0,0.0,0,226.9,106,55.0,9.11,11.6,5a6d77f4-22b9-4eb5-83ed-46b3810c9c31
0,102,1,1,1.7,3,125.3,92,51.0,7.06,6.3,95f25d7c-b9e4-46d4-a758-f3e0aaa0e350
0,73,1,0,0.0,1,187.3,118,53.0,11.99,15.1,64bb5862-11ad-4e29-a747-31cb19371830
0,145,1,0,0.0,0,241.7,137,53.0,6.79,13.1,83b38c63-d7b8-4dec-9c32-1dea17dfc6a6
1,123,1,0,0.0,4,123.2,104,38.0,9.5,12.9,fcef880a-097e-48de-b0d7-7c7279627660
0,96,1,0,0.0,1,97.6,98,26.0,5.28,11.6,c45c4287-ce40-4794-8c37-a57d44ba4258
1,116,1,0,0.33,5,133.3,94,47.3,12.39,11.3,2a4142d0-efdd-44aa-9b6d-84a4cb5ef543
0,121,1,1,2.62,5,263.1,70,95.2,13.97,9.7,99fe3732-2588-4302-a626-486c0699007e
0,75,1,0,0.0,1,138.5,110,37.0,7.66,11.1,6d5d2bea-ac19-499a-bfbe-35eaa70968ff
0,117,1,1,1.19,0,221.3,82,63.9,8.38,4.4,25da4e40-e00e-4a96-b2cd-e19b3a41c3a7
0,60,1,0,0.0,2,252.7,97,62.0,11.06,12.4,9b6d3438-c7a7-491c-8f5c-2ef169665939
0,81,1,0,0.13,2,198.4,93,53.3,10.55,10.4,5351b3a1-44a5-4aae-8451-f33bafccb570
0,43,1,1,3.13,3,200.2,105,86.3,12.22,11.6,c1ecbeec-753f-4f35-b115-d0222b7e95b7
0,63,1,0,0.0,1,58.9,125,25.0,8.48,9.4,0a87ed01-9d6d-419b-a737-9a8ed8aadad6
0,9,1,1,3.59,1,193.8,130,86.9,10.13,13.3,9246c223-cab1-437c-81c6-75e95136f444
0,130,1,0,0.0,1,176.3,140,48.0,10.05,11.3,102bbbbc-c972-4851-8909-cf3824ec48b6
0,73,1,0,0.0,0,157.1,109,50.0,13.44,10.0,28e3e3fd-972d-4115-9fba-340043b8aa6c
0,44,1,1,3.78,0,221.8,105,89.8,8.09,14.0,016e287c-5f72-40c8-b239-c0ae273a1f4f
0,86,1,0,0.0,1,223.9,75,52.0,7.79,7.3,78913a14-69e9-4532-bce8-d1bc99e0b425
0,64,1,0,0.4,1,219.2,73,56.0,8.35,10.0,f08edf99-87d2-4153-92de-b4bd519e74a8
0,62,1,0,0.0,2,86.3,84,35.0,11.94,12.5,a9f1e711-cf5f-4c63-9710-16fd98a82103
0,143,1,0,0.0,0,209.1,127,45.0,5.31,14.0,25b95d1f-3fb5-4a91-b71f-10b04a8c73f4
0,96,1,1,2.92,2,247.6,95,93.2,12.82,10.8,68dbbfdd-21b0-4b83-93aa-06f7048a1d9d
0,74,1,0,0.0,0,162.7,102,53.0,14.6,8.7,8dc42811-05a5-4db3-babf-b7c9bad6abf7
0,80,1,0,0.0,0,101.1,121,40.0,13.16,7.3,0ed8691f-2e5a-49c8-adb7-ba9799f7049f
0,138,1,0,0.0,3,251.0,119,51.0,4.56,13.8,1be40660-f1fd-4b41-b7b1-e7ba5a74cf78
1,77,1,1,4.13,5,143.0,101,84.3,10.61,15.3,8e3f8d81-4903-460f-bb5a-8a7d79f77b9b
0,177,1,0,0.0,1,227.8,81,53.0,8.09,8.0,89356526-7248-4faf-8b41-819121e05640
0,99,1,0,0.0,1,241.1,72,55.0,7.78,11.6,51424cb5-a651-4275-8fe9-ce7be604d4a0
1,77,1,1,3.11,4,135.9,117,75.1,12.23,11.5,54530547-0376-4071-b3e3-0dcd3f204a84
0,63,1,0,0.0,2,142.5,92,42.0,10.42,7.5,9eb55902-2286-4fc2-9417-3c8bbb4061be
1,74,1,0,0.32,2,298.1,112,71.2,10.07,9.7,a0d04a6a-2bfc-4e9c-a7d2-46fa25707517
0,79,1,0,0.0,2,134.7,98,40.0,9.49,11.8,8f52c03c-e63f-42c6-8fe6-a42ba2586790
0,64,1,0,0.31,3,213.5,93,54.1,8.33,14.1,f56a785b-3910-47c9-bc5d-3c6deef1f88e
1,13,1,0,0.0,0,303.2,133,67.0,8.53,11.5,f9715d3a-f107-4afc-bab3-13ba49f936d7
1,88,1,0,0.0,1,264.8,124,66.0,12.27,14.8,a79d62b2-59f8-4b48-943f-99d4d1eb1de8
1,103,1,1,3.11,0,149.9,84,72.1,8.55,11.5,d66ad98a-c8d1-4bed-9445-32fd7f841a37
1,77,1,0,0.0,2,251.8,72,61.0,10.29,9.8,ba041fe3-53b2-432f-9c7d-98d01cd9bcf7
0,35,1,0,0.0,0,105.6,129,40.0,12.91,8.7,85b5cb67-8760-400b-a67b-66bf6ff1e4d0
1,131,0,0,0.34,3,122.3,83,34.4,5.94,13.7,dfb97ef2-9773-482e-97b8-aaf564018591
0,105,1,1,2.62,2,88.1,125,56.2,8.8,9.7,edccb094-4003-41dd-b14a-6c0a22298860
0,122,1,1,3.78,1,147.8,85,75.8,7.37,14.0,744e15bd-ad70-418a-ae3c-c3a822d1b114
0,172,1,0,0.0,0,172.5,85,51.0,12.66,5.9,0c9f5a43-dcd4-453a-a65c-dcec7cfdc159
0,189,1,1,4.16,1,155.2,116,84.6,9.78,15.4,bbe71463-7711-4cf1-8a4e-fc42ab1d1fa9
0,63,1,1,3.32,1,152.2,119,79.2,11.36,12.3,c4012742-c2ba-446b-9ede-44255bc626a1
0,153,1,0,0.0,0,166.8,127,41.0,7.18,11.8,d5ac2fce-8fe3-42bc-94be-d2509343a344
0,104,1,0,0.0,0,263.4,101,65.0,11.78,13.0,925aa030-78a6-4604-b93a-f30b09cd0d6d
0,104,1,0,0.0,1,164.2,109,42.0,7.77,10.7,f7aa25a2-863b-40f7-824c-4378c6b6b3b6
0,144,1,1,1.0,0,105.0,86,39.0,6.09,3.7,17c68ea7-2e29-4373-86ec-919c030fec78
0,85,1,0,0.0,0,235.8,109,54.0,7.86,12.0,e8446fd3-0e00-4292-a69e-e316774699d2
0,69,1,0,0.0,0,196.1,87,54.0,11.84,11.9,ed345950-14dc-4d23-8e79-b2a8942b3696
0,83,0,1,2.86,2,94.7,111,58.6,7.72,10.6,d79b82d3-78c1-4b53-9c08-59e8decec726
1,97,1,1,2.32,2,90.0,87,62.2,13.82,8.6,a52402b7-e015-42d5-a66c-4f208e1b63ce
0,80,1,0,0.0,0,206.3,97,49.0,7.75,12.4,27984242-e163-4aac-9aae-d5a90683f4d3
0,125,1,0,0.0,2,182.3,64,43.0,6.99,11.6,030fb87f-532d-4328-a97d-0914c91ba33f
0,152,1,0,0.0,1,228.1,93,51.0,6.82,9.0,342ddf6e-4778-4c92-9e40-684dd03598a8
0,66,1,1,3.24,2,187.8,117,75.4,6.49,12.0,972a24ab-01e9-4c96-8b98-c5b4bd67b37d
0,51,1,0,0.0,1,259.9,114,60.0,8.81,15.3,bcd594dd-31c0-4dbf-a14c-b923f81644bd
0,122,1,0,0.29,2,107.9,88,41.9,11.79,9.5,abdc602a-6437-45ed-8741-351224a216d4
0,138,1,0,0.0,3,146.5,101,50.0,14.23,14.0,46e0b0e3-2697-4c08-8075-1d301978f4b4
0,79,1,0,0.0,2,236.8,135,57.0,9.32,10.4,df9f432e-6604-4d1e-9ca4-4cebedf490d5
0,93,1,1,2.16,2,178.7,134,67.6,8.93,8.0,aff9ad47-9767-4b34-94b7-c6373bdd536c
1,38,1,0,0.42,5,175.7,109,52.2,10.59,9.2,1fa6b188-e240-4ca2-a946-19f657106027
0,65,1,0,0.33,0,195.4,110,52.3,9.06,8.9,0301aadc-b7b1-4f7c-8e61-ed55860f5f8a
0,40,1,0,0.25,0,109.4,107,42.5,12.24,7.1,7f2ae58e-e9f1-4c3b-aa94-067eaec0cb3f
1,124,1,0,0.0,4,143.3,120,44.0,11.54,7.8,9bf5317c-249b-40b8-8046-6b784bcfb12e
0,112,1,0,0.0,4,193.3,96,56.0,13.21,9.1,deaa5fb8-d2ca-4893-965b-bd1171757e06
0,119,1,1,2.05,3,117.8,66,62.5,12.84,7.6,7eae3978-bd73-40c8-85dc-36c90fbad9e2
0,83,1,0,0.0,2,159.3,104,45.0,10.12,9.5,b3dfd76a-a602-4ed9-9251-2d85d2471c5b
0,99,1,1,2.46,1,200.7,88,81.6,13.21,9.1,3cd6130f-7108-4d53-933a-c5ba3b8967d0
0,55,1,0,0.0,0,175.6,147,44.0,8.09,9.3,028810d0-30df-43fc-a9df-e31f60023249
0,94,0,0,0.28,1,235.6,131,59.8,9.74,8.6,f52561a0-5bbf-4c2b-8cc6-9a0d6c28a30f
0,80,1,0,0.0,1,113.2,86,36.0,9.28,9.5,8a5fb3f0-abf1-431a-929d-df68ed358794
0,101,1,1,2.89,1,105.9,132,66.9,11.59,10.7,069ea145-fa0e-4edb-997f-7852c2fbdb61
0,61,1,1,2.7,2,252.4,106,86.0,9.39,10.0,27b00211-251c-4615-abf5-a5872451faa9
0,94,1,0,0.0,2,220.8,111,51.0,7.81,10.5,a0b606f2-394d-4e58-9298-f7b84bfc33cc
0,108,1,0,0.0,1,246.2,102,60.0,10.12,9.4,331dc5a4-afbf-43d7-8efe-758dd5f860aa
0,69,1,0,0.0,3,183.4,85,52.0,11.88,9.0,d23faa73-791f-4a40-b82f-83284c9c85c8
1,128,1,0,0.0,1,237.9,125,62.0,12.38,13.9,fa3c1ff1-5a0c-4fbf-90aa-f565321a090b
0,22,1,0,0.0,0,110.3,107,33.0,8.33,9.5,0400c429-8d61-459f-9101-aa6dbd88ebe1
0,20,1,0,0.32,0,190.0,109,58.2,12.91,6.3,f1b182ee-ffe4-456c-af4c-a99fa42af666
0,56,1,0,0.33,1,210.4,80,54.3,8.83,15.5,90952748-e15b-4b43-bad1-78e0959452da
0,63,1,1,3.29,1,184.2,111,90.9,15.63,12.2,a403afb9-1a92-4a04-b7f7-8481111f4109
0,111,1,1,3.02,3,166.2,54,79.2,11.94,11.2,6a1c8465-c8c8-40ee-bcba-4dba73cbab76
0,142,1,0,0.2,4,232.5,74,57.0,9.09,10.4,ae61d6d0-eee7-4171-8b7f-bcd4b7750645
0,103,1,0,0.0,3,173.5,83,51.0,12.22,9.7,05c4beef-ee44-411c-86d5-0d64429e1274
0,111,1,0,0.25,2,191.3,80,47.5,6.93,6.4,8a301883-acaa-4f09-802d-7e97bb7641f3
0,95,1,0,0.13,0,174.0,57,55.3,14.06,9.7,95b21cc4-2cf6-49a5-aa1e-4ad65001040c
1,103,1,1,2.94,6,87.2,92,59.4,8.47,10.9,f823eb17-6128-4514-ab44-5736901814bc
0,41,1,0,0.21,3,202.9,97,50.1,7.69,9.0,fd947e32-09e7-4e28-9283-fbb276483bed
0,81,1,0,0.28,2,220.8,77,53.8,7.43,7.6,dbaac3ee-62a4-4392-b30a-569bc8e0c000
0,72,1,0,0.0,1,177.1,97,46.0,9.24,8.0,5f7811e6-1238-4f9a-86bb-2301fac97840
0,136,0,0,0.0,1,199.2,122,53.0,10.74,11.8,e2fe421d-d717-4159-adb4-a977514c9251
0,156,1,0,0.0,1,123.7,96,30.0,5.15,13.1,e40999a9-97b0-4391-93c8-da2aec124d19
0,41,1,0,0.19,1,159.3,66,39.9,6.3,11.1,bd87d679-4787-48cf-bc4a-2295192ebcab
0,80,0,1,2.7,0,184.2,132,73.0,8.38,10.0,c9a64e4f-138e-4c92-ae0f-63290375d943
0,90,1,0,0.0,3,145.5,92,44.0,10.89,10.9,46d9a1ed-cd30-4c0f-ba05-1f08627697c6
0,96,1,0,0.0,2,98.2,100,43.0,15.36,7.6,f62b1de6-a8eb-4e82-8ea7-a07292f0216e
0,106,1,0,0.0,4,207.9,91,50.0,8.6,14.4,58bd4a2d-2639-4da3-ae0e-1040c6091037
0,121,1,1,2.86,1,126.3,84,68.6,10.48,10.6,d4a9bda0-7035-4480-8d9f-8e67c6d4b8ee
0,98,1,0,0.16,1,171.7,99,46.6,8.74,7.8,ac7185e9-cd82-477a-91a9-a4b7be4d3a4a
0,63,1,0,0.0,1,207.6,96,55.0,11.45,13.3,549ea62d-b991-4726-8c17-3a3e4c864d1d
0,134,1,1,3.21,0,162.0,82,88.1,16.24,11.9,4810b961-ab09-49a8-a994-7af33f29b310
0,65,1,0,0.0,1,207.7,109,54.0,10.88,8.0,ba9ca3ad-d95a-4ed3-95fd-03ec9bae5585
0,125,1,0,0.0,1,229.3,103,55.0,8.87,12.0,d9ce8950-6833-4489-a9a8-dfc6ffb45708
0,55,1,0,0.0,2,119.7,148,41.0,11.59,4.6,f7387d73-1450-40c8-9c53-b64915c7566e
1,98,1,0,0.38,5,227.1,116,52.8,6.03,4.7,450c348a-0bfa-4aaf-91dc-7e54f22c327f
0,83,1,1,2.35,3,272.5,105,91.5,12.65,8.7,3973bb91-4f39-414f-803c-1e7c2847cf8a
0,163,0,0,0.0,1,197.2,90,50.0,9.43,7.8,9ce78797-0eaf-4b73-a0b3-ac0bd10ec1f1
0,101,1,0,0.37,4,253.2,89,67.7,11.9,9.7,2c345dfc-07aa-477d-8e9c-927de5a6e69f
0,65,1,0,0.0,2,148.7,80,48.0,12.95,12.7,03d452f8-684b-48e8-8240-e101a0a831da
0,144,0,0,0.0,0,203.5,100,56.0,12.38,11.9,e70257df-a6bb-431a-8faf-6eb6b251ea1e
0,117,1,1,2.08,3,104.9,115,59.8,11.88,7.7,3be86403-a9f1-44f3-83f3-c860afcda0de
0,199,1,1,2.16,0,230.6,121,79.6,10.97,8.0,46678929-f621-4d65-a479-62de8b3c5e18
0,150,1,0,0.0,4,189.3,77,51.0,11.05,9.2,d61f8069-00e8-4637-ac5a-dd03a4386215
0,133,1,0,0.0,2,176.8,92,46.0,9.38,6.5,2c3d6c87-ac55-48ab-a18d-e3c712e69f5d
0,141,1,1,2.16,4,185.4,87,68.6,8.93,8.0,52d096bc-2e31-457f-a571-2fb8755e0389
0,39,1,0,0.0,0,93.3,83,33.0,9.98,6.5,43c6970c-4490-4cf0-b8cc-941aeab36fcf
0,99,1,0,0.0,2,140.7,88,42.0,10.55,12.4,d570e39e-547d-46b8-b91d-867f2da8eb7a
0,176,1,0,0.32,1,201.9,101,51.2,7.74,9.0,77e09086-050b-43fd-9856-f77a672af115
0,135,0,0,0.0,1,186.0,107,38.0,3.3,12.9,a90577bd-541f-4481-802a-add8bde390cc
0,161,1,1,4.35,0,240.4,112,102.5,10.09,16.1,b848e6df-6b9f-4291-bb5a-2bf3eb4ce5e8
0,120,1,1,2.84,0,200.3,68,81.4,11.02,10.5,306d72a5-b5e8-4e69-8d36-d22352309658
0,125,1,0,0.39,2,131.8,97,38.9,6.84,7.7,9c98f897-7274-4809-b51e-a708dbf15c19
0,152,1,1,2.13,1,214.6,108,66.3,4.83,7.9,55581a56-883c-4594-91c9-9c5c1e1e7c50
0,93,1,0,0.0,2,164.9,68,46.0,10.52,7.8,753a49fc-fce1-41fa-b772-8c7edecda4a8
1,179,1,0,0.0,0,287.3,123,74.0,14.4,10.5,e50b50d3-b26b-435f-8a63-5d902f2580e4
0,74,1,0,0.0,0,136.7,106,43.0,11.43,9.8,6bf5d41c-9b06-4557-ab29-9a31c7f3bd98
0,74,1,1,2.67,4,249.4,70,87.7,10.48,9.9,2d85831c-dc35-4e93-b291-286950424de1
0,118,1,0,0.0,1,136.1,120,41.0,10.21,11.3,bb09d76c-d34b-416b-9d65-32595a1135dc
0,105,1,0,0.0,1,101.4,48,31.0,7.96,12.2,3cc2dc00-edea-4edd-a20f-67be13515fd5
0,70,1,0,0.0,1,230.3,110,46.0,3.9,13.2,d9536aab-268e-410e-84e2-edc5d23dc7d6
0,112,1,1,3.0,4,213.0,121,86.0,11.31,11.1,d71e59dc-e9ba-44aa-a335-cc7bb2582698
0,130,1,0,0.0,0,68.4,86,29.0,9.67,10.4,a44d5a2d-ce38-423b-be93-afab74f12047
0,86,1,0,0.0,0,176.3,79,52.0,12.96,6.2,3958e036-bde7-4f51-acd7-c4ae1b0f406c
0,138,0,0,0.0,1,268.4,81,61.0,8.72,11.6,6312000b-c73e-42f3-8c0f-7a6ec52d3abc
0,174,1,0,0.21,2,190.3,98,56.1,12.64,7.2,1b275033-c60a-40ec-86b3-b148f36815b0
0,80,1,0,0.35,2,127.8,67,41.5,9.08,15.9,f4cc820b-5bcc-46cb-959f-7774dcc1943e
0,29,1,0,0.0,1,157.4,122,40.0,7.25,9.3,d5278e26-5eae-48b1-9333-a8cb6fdc9f02
0,129,1,1,3.16,1,205.0,94,80.6,8.27,11.7,115b9a27-7cc2-46e7-9a17-1a99693f3f76
0,48,1,0,0.0,2,210.8,84,52.0,9.48,16.4,8f07a38d-9bf2-459a-b6c9-6ba738d31642
0,164,1,0,0.27,1,160.6,111,44.7,8.16,9.0,a10efed0-be3e-4c44-8cc0-664ddc2388f4
1,132,1,0,0.0,5,193.3,106,44.0,6.42,11.6,80dd5441-2585-43dc-a5b9-314598d1a82d
0,38,1,1,1.05,0,197.2,118,65.5,12.5,3.9,c3798446-920e-4b2a-976e-69264d13a6c4
0,15,1,0,0.0,2,121.1,130,39.0,10.8,16.1,971d0d22-2e55-4c66-af40-8676ea374219
0,130,1,0,0.0,2,211.2,119,56.0,11.56,6.3,7edca231-5202-4192-bedd-6701f817c059
0,107,1,1,1.51,1,160.3,45,62.1,11.08,5.6,70f49937-5297-4349-a565-9658d5e5a5dd
0,43,1,0,0.0,4,177.2,93,43.0,7.13,12.7,142f5ad2-a992-4e73-97ae-79ba68ac3b00
0,137,1,0,0.0,0,174.4,120,43.0,7.82,10.2,9f078099-6a6b-4374-9891-8963e65a502b
0,77,1,0,0.21,4,175.5,86,50.1,10.26,17.8,57942c8a-2edf-4cef-a305-0bbcec986f6a
0,46,1,0,0.0,1,164.2,116,45.0,9.81,8.1,bf5219a6-edaa-47a6-9c42-789a007a5ee3
0,56,1,0,0.0,1,121.6,84,35.0,8.27,8.9,79e6a1bd-2f9b-4a52-80d5-8e92667f730d
0,171,1,0,0.31,2,137.5,110,44.1,9.91,13.3,9595f8a9-db45-46cf-8461-ae108b0ffc32
0,134,1,0,0.35,6,204.7,108,50.5,7.16,11.0,d531403e-eeb7-436a-9369-f36f4bb4c3bf
1,90,0,0,0.0,4,148.2,96,44.0,11.02,9.2,61e000d4-bfe6-4669-8da5-9fb608cd6a7f
0,155,1,1,1.84,1,128.5,86,56.4,9.42,6.8,97e22b47-6c31-4375-88b9-b6e00242c271
0,129,0,0,0.0,1,267.4,78,63.0,10.21,5.9,69e8f07f-2d29-4895-ad59-1fad0b29f802
0,131,1,0,0.0,1,109.5,95,47.0,16.61,6.6,7ac6a11c-1bca-4a41-a260-d47638d985d0
0,149,0,0,0.27,3,180.9,79,50.7,9.75,8.8,87e286f4-e3e0-48fa-91e9-513f51f27039
1,167,1,0,0.0,4,131.6,120,41.0,10.57,11.1,281b86de-f31a-40a8-a937-4b8666dd0b6e
0,105,1,1,2.7,0,179.4,113,81.0,13.77,10.0,5e93fe78-539c-4dca-a9c7-ac78f2661445
0,159,1,1,3.19,1,113.9,102,63.9,7.27,11.8,aa625828-ae4c-45ba-8f12-6bac47eb1379
0,104,1,0,0.27,5,280.4,127,65.7,8.97,15.2,f039414d-d180-4be4-9669-a5641ea7f364
0,81,1,0,0.0,4,166.2,102,47.0,10.88,13.2,5b5140f7-94d4-4013-a3ab-4e7bd17fb7c2
0,52,1,0,0.0,3,129.3,80,35.0,7.14,12.3,e773f264-8b28-4d39-89b8-a04f13890f0a
0,144,1,0,0.0,1,201.1,99,60.0,15.18,13.2,65b0949d-e482-4691-b065-1b8f32aa1b32
0,58,1,1,3.11,2,224.1,127,90.1,11.94,11.5,df0af552-64e7-48d0-b433-059a5f2bcf81
0,64,1,0,0.43,2,168.0,116,49.3,9.62,10.1,9a1cf240-c2cb-4559-9c46-d2ab44b9839e
0,176,1,0,0.0,3,223.2,76,57.0,10.72,10.1,0aa8bc9f-d3fd-422a-89b1-798ef5d72c6b
0,91,1,0,0.0,2,147.2,121,40.0,8.76,13.3,bcc1b6a6-14f9-4843-a8c7-3e4d6a8208a1
0,46,1,0,0.21,3,199.2,111,51.1,8.76,10.2,c451e739-624e-4480-ad14-5147da60e28f
0,5,1,0,0.0,3,199.2,106,50.0,9.37,13.3,86bad6e3-2662-45b4-87cd-db4a555ac2bc
1,108,1,1,2.59,4,162.1,83,68.9,8.59,9.6,0b8bd37d-4477-46f9-ac8b-71db2854b46e
0,109,1,0,0.42,2,218.9,105,67.2,15.0,11.3,b45cd83a-4a9f-47ba-b39d-e7997d0500cb
0,105,1,0,0.0,2,156.5,102,39.0,7.01,12.2,aad54450-b34b-4c1b-aaf1-ee67ec135d4a
0,123,1,0,0.0,3,206.9,85,56.0,12.24,7.7,8a8a92a2-f974-44ac-a6e9-e831680c2455
0,122,0,1,3.43,1,216.4,80,93.3,12.49,12.7,36c19e67-4dbd-403b-8284-8263cd4cf269
0,50,1,0,0.29,1,258.1,106,60.9,8.07,11.7,fa94cdac-c9e5-4fb5-bb53-9bcfe2232ef2
0,81,1,0,0.0,1,154.5,84,45.0,10.81,13.7,fde7a9b5-e99f-4dbc-bf5c-32ad4c90aa03
1,16,1,0,0.0,0,229.6,78,57.0,10.29,10.8,ba0b86da-8ae1-49ee-a4ae-9bc19414fabf
0,7,1,1,2.92,1,221.4,114,81.2,8.29,10.8,6256a590-1bac-4b80-8f1f-0b094c3a8f5f
0,73,1,0,0.0,2,187.8,95,45.0,7.46,11.0,6435a0e6-726f-436b-84ae-a2d9365ee9dc
0,53,1,0,0.0,3,57.5,95,33.0,13.28,11.6,1147261f-4dc9-4245-b1b0-34c2a5ec6528
0,93,0,0,0.32,1,168.4,114,56.2,13.8,11.4,c2d71cd2-2778-4806-8e32-bd1c66491246
0,158,1,0,0.0,2,172.4,114,52.0,12.83,0.0,dd369bb4-13d0-4985-b31d-8418d31b1998
0,97,1,0,0.29,0,217.6,81,67.9,16.03,4.2,04d18123-e25f-4603-ae36-32928bfbcde3
0,93,1,0,0.0,0,179.5,121,47.0,9.6,12.0,34766784-bec3-4030-9abe-ef6da21aa30b
0,67,1,0,0.0,0,179.8,125,46.0,8.66,10.9,817bea6f-ce8c-4614-9735-c6f8bdc75db5
0,136,1,1,2.7,3,187.7,84,78.0,11.05,10.0,6d3148ed-c2fa-4d17-a1f8-989ce356756c
1,224,0,0,0.26,1,171.5,99,45.6,8.0,5.0,3bdf2a43-ce79-460f-8603-781ff8ef9d5f
0,55,1,0,0.0,2,286.7,100,61.0,6.72,6.9,f0d3e152-676c-4df5-9411-a15b3c1b2077
0,67,1,0,0.35,1,215.5,102,56.5,9.54,8.6,17b818fe-5492-496a-a4ac-a71266dc14f7
0,121,1,1,4.08,0,170.4,91,91.8,12.73,15.1,478970c2-b154-4509-9b49-03a5d5caab9d
0,108,1,0,0.0,2,240.2,78,61.0,11.52,5.2,c57f8ae5-4618-43a1-817d-53200cb4656c
0,83,1,0,0.0,3,178.8,102,45.0,8.4,8.6,3a7400fe-1b47-4ecb-8d9b-94a5762ae746
1,149,1,0,0.0,3,242.5,83,63.0,12.27,10.0,91dd1c04-6164-457e-bbf9-86d6f7d90907
1,150,1,0,0.0,4,178.9,101,45.0,8.46,13.8,661a3621-6798-4547-a0df-3f5ecb0e907a
0,42,1,0,0.0,0,155.4,127,41.0,8.21,9.0,48e3a847-e6ab-49ce-95b1-1d5c9692a843
0,67,1,1,2.67,2,115.6,111,66.7,11.89,9.9,4a5efaa0-3a72-4099-8db6-6fd96d072922
0,65,1,1,2.38,2,215.5,129,74.8,8.1,8.8,10f680e8-1cea-41d9-81b6-283a47e99bad
0,93,1,0,0.0,0,114.3,100,39.0,11.06,10.9,8834b4f2-fb59-4ebf-8950-b6e63c27e752
0,117,0,1,1.0,1,196.0,82,71.0,16.14,3.7,610a2af0-0c6e-4ff9-99d9-985cb67e6521
0,123,1,0,0.0,0,159.5,77,53.0,15.19,12.0,373fe4fd-0528-44b8-a038-5b2051a73f47
1,97,1,0,0.0,1,256.4,125,67.0,13.7,11.1,deb283c0-fe95-4615-9c73-1fa9148eb694
0,209,1,0,0.0,0,153.7,105,43.0,9.43,10.7,bfe5794b-a838-4fe7-99c0-bfc7ceb30895
0,74,1,0,0.22,0,102.7,89,33.2,7.47,11.0,20c8caf9-a3e9-440f-a191-f811171f5952
0,78,1,0,0.0,0,225.1,67,56.0,9.96,14.6,0cca0711-f6f1-4060-b55d-777512c98cda
0,96,1,1,2.65,1,172.7,86,67.5,6.67,9.8,e1681dbc-eca3-4977-ae3f-961b7b139f1e
1,24,1,0,0.23,0,243.0,91,59.3,9.2,15.3,8162194c-ad1c-41f7-81d1-42d103ae4b2c
0,124,1,0,0.21,0,167.4,119,51.1,11.66,10.3,0a00005c-2579-4a01-a87f-4d5c612b084e
0,196,1,0,0.0,2,234.0,109,61.0,12.48,9.1,a8a6d856-563a-4776-baf4-8649a63ac06b
0,41,1,0,0.34,1,209.9,105,50.4,6.1,9.6,0194006a-2f4d-4dd9-9e28-c84db2a82afa
0,115,0,0,0.0,1,180.0,119,48.0,9.94,12.4,5d7ea2c6-084b-4549-80bd-8a6424172e0d
0,77,1,1,3.05,0,204.9,84,82.5,10.05,11.3,7317022f-61b6-41cd-8c74-638e733a5291
0,110,1,0,0.0,2,99.4,62,41.0,13.75,16.7,e138af75-63ec-42db-9ff5-b356a95357fb
0,34,1,1,2.89,2,151.5,100,75.9,12.44,10.7,cbc9f92a-57ce-4cbf-ac51-72da4dde3550
0,68,1,1,2.67,0,239.5,82,85.7,10.19,9.9,a920c4f6-412d-4e2d-8cc9-19329e689655
0,54,1,1,3.7,0,161.8,73,88.0,13.65,13.7,1b7fa251-595e-4f66-a545-f6516f3e49a9
0,87,1,1,0.0,1,151.4,95,39.0,7.62,0.0,852a8acf-594d-4b7e-b406-56e227cf8705
0,184,0,0,0.0,2,213.8,105,50.0,7.98,5.0,8a259ffb-31b6-453b-aeed-90c8875a05f1
0,150,1,1,1.78,0,209.9,77,67.8,7.9,6.6,503223f2-36ed-4516-872b-12574aebb609
1,89,1,0,0.0,1,326.3,112,70.0,8.26,7.5,80d145e6-0ce9-42ed-8578-ff2099c508e4
0,73,1,0,0.0,2,234.7,102,57.0,9.79,8.4,91ce015d-f2eb-4d9b-b384-f2959f8e885a
0,48,1,1,3.29,1,211.7,115,82.9,8.0,12.2,f401421d-0cfd-4e11-92ae-5c8fbaf152f4
1,100,1,0,0.0,1,96.5,86,35.0,10.51,12.5,119dd022-9727-49e6-9182-95ba9608b388
0,113,1,1,2.75,2,205.0,101,75.5,7.6,10.2,44e85390-bc3c-4e09-b843-5267c1a1197f
0,166,1,0,0.26,2,197.9,89,57.6,12.55,11.2,f9eb001a-fbd4-4b72-b232-5630cf1ba965
0,127,1,1,1.38,0,82.2,95,41.8,8.17,5.1,a307291e-400a-4299-aee2-2ef327b84262
0,116,1,1,2.24,1,200.4,104,80.4,13.64,8.3,a0f2bd9d-ce56-46bd-a92a-7c713b9dddf4
0,109,1,0,0.0,0,200.1,72,60.0,15.05,11.9,9e5103ca-1d00-4757-a9da-8e99e0d12c3d
1,62,1,0,0.0,4,321.1,105,78.0,13.28,11.5,7545c2e1-7566-45cf-9a75-0f71c58cf00f
0,81,1,0,0.0,3,183.6,116,45.0,7.63,12.2,4782224e-8fe7-4946-b974-d87c759826d2
0,116,0,1,1.86,1,175.5,137,66.6,10.53,6.9,1ee2cdfd-bfdb-4c7a-85f8-1997fe30ac67
0,103,1,0,0.0,1,158.7,90,44.0,9.92,10.5,6257e450-425a-4e0c-bf72-0b270380f508
0,116,1,0,0.2,1,146.4,123,42.0,8.83,7.8,fb0e4ac3-5309-4cc1-913f-db5035d44bb5
0,104,1,0,0.0,2,144.5,107,40.0,9.03,17.0,b107c6c3-a903-44db-9b11-7930de837194
0,119,1,1,3.0,0,220.1,128,91.0,13.41,11.1,52f684e7-4ef7-42dd-a5e9-07c330fde4f6
0,129,1,0,0.0,0,139.5,119,49.0,14.47,13.1,6f546c0f-0036-41d7-8593-786d3eb70509
0,83,1,0,0.0,1,227.9,78,57.0,10.38,12.1,e89a0985-0e1b-41be-80b7-7e4bef6c818f
0,125,1,0,0.0,0,163.8,73,50.0,12.78,15.7,af2d3529-7bc0-4b6b-841b-31ab85b6c455
0,126,1,0,0.0,0,226.2,88,51.0,7.02,6.4,2e7d853d-3327-47ae-88c6-7293665994bc
0,133,1,0,0.0,2,187.0,65,44.0,7.07,10.0,521156b2-c0e7-4075-94cf-b0f8448f26d7
0,16,1,0,0.0,5,174.7,83,54.0,14.04,10.5,a0b06812-1577-4554-9add-2116bf270c93
0,119,1,0,0.0,1,134.9,70,41.0,10.58,11.3,409095e4-aee5-4c00-887a-9736ee9a3050
1,60,0,0,0.0,0,205.9,97,59.0,13.87,11.0,965c7be8-c87b-4321-926d-de033ee97960
1,101,1,0,0.0,4,158.4,92,43.0,9.4,13.5,075ea588-cbf1-42e5-a26c-32b5e9f33cf0
0,96,1,0,0.0,1,170.5,86,53.0,13.88,12.2,0462182b-703c-4557-8f2c-e39b4633938f
0,149,1,0,0.0,3,217.7,91,61.0,13.68,9.6,34667458-2faa-4a85-8c43-9a7bdf25245d
0,55,1,1,2.62,1,222.5,104,79.2,8.58,9.7,12dac363-6abb-4cc7-af7a-b1346ac212fe
0,82,1,0,0.0,3,207.0,90,55.0,11.65,9.1,be46e199-5152-43ff-88be-580a7355673c
1,117,0,0,0.0,1,54.2,100,35.0,15.16,8.6,6b22f70e-ccd9-49b6-b781-7132e698439f
0,80,1,0,0.0,1,160.6,103,48.0,11.85,10.7,60161cad-9f6b-432d-8cbb-0f65773f86b7
1,163,1,0,0.35,0,247.7,77,69.5,13.48,9.6,bcf736c9-abc8-45cd-88ca-50f9d6a2440e
0,56,1,1,1.32,1,37.7,115,32.2,7.21,4.9,a4ba6cc4-6812-4470-afca-3e6351341884
0,109,0,0,0.25,2,209.1,141,55.5,10.25,7.8,d1c97001-323d-409a-afee-aa6ac53a325c
0,148,1,0,0.0,1,239.3,84,58.0,9.79,10.9,5816021e-c6bf-4f34-92b1-45c6766b13cc
0,92,1,0,0.27,2,181.4,98,47.7,8.23,10.9,463ac3e3-77a5-479a-b5be-f0b2e1f50225
0,119,1,0,0.0,3,230.4,117,59.0,11.25,7.6,fea07e8f-4463-4203-acdf-a3dd00e63d62
0,91,1,0,0.0,1,217.9,71,57.0,11.51,10.6,3a2dea71-a27f-4634-96cb-164015ee2a4c
1,119,0,1,2.08,0,147.2,103,59.8,8.01,7.7,40c5e8af-ebbb-4a7b-a60f-4b6a1d9153fb
0,108,1,0,0.21,3,210.7,112,59.1,11.94,9.2,c40c6c5d-fc13-47df-bf32-4915c367e9fa
0,122,1,0,0.0,0,141.4,128,37.0,7.32,8.1,dc560e1f-f480-4ab6-95d2-effc6e8624c1
0,128,1,0,0.0,1,216.0,111,50.0,7.69,12.7,615daea1-4ac5-4a11-ba4e-d11b9626be64
0,43,0,0,0.0,0,251.5,105,61.0,10.64,9.3,23ca6c4c-23b0-43ef-92d3-17704acc4fd1
0,109,1,0,0.31,3,180.0,100,54.1,11.45,7.8,d5160ea5-54de-4f68-a294-a941d3268c06
1,88,1,0,0.0,4,85.7,112,34.0,11.08,11.6,dcac9b52-d73c-4130-8f42-f9c47bde253c
0,114,1,0,0.0,2,193.0,101,55.0,12.5,9.6,e25e83bf-431c-4853-87c4-bda2f5bf239a
0,101,1,0,0.0,1,93.8,127,29.0,7.5,10.7,63e04e70-2f4c-4e77-9a21-93b3b5a5194d
0,110,1,0,0.23,1,178.5,124,45.3,7.35,9.9,fcf36229-0573-4ec4-a932-05a8274740ce
1,152,1,0,0.0,1,317.8,60,68.0,7.65,10.4,567dca6e-e153-40d2-8605-957272549b56
0,88,1,1,3.08,1,181.6,91,79.8,10.66,11.4,35884916-9a8a-4e4e-b99a-7429ff1dd7fd
1,88,1,0,0.0,5,131.5,99,38.0,8.74,7.9,72140bc1-433e-4364-a737-1be716d5a341
0,40,1,0,0.0,1,115.7,105,31.0,6.39,9.3,3aaf85b7-97f2-4865-9f81-763e09acfbda
0,59,1,0,0.0,0,179.4,80,51.0,11.63,14.7,ae36207d-2e81-48ae-8434-fbd4ace53eb8
0,54,1,1,3.38,2,143.9,73,76.8,10.52,12.5,e494b6e6-7ccd-49e9-8c67-6938af6cd756
0,27,1,0,0.0,1,72.7,75,31.0,10.43,9.9,eccb2ab3-4e2a-4587-8cb7-a76877ad3729
0,138,1,1,2.21,0,75.8,102,50.1,8.68,8.2,5d50d9f6-02fe-4308-a0f3-22c46769b9f0
0,73,1,0,0.0,3,198.3,94,58.0,13.97,14.8,52e34770-9e5d-41f0-a11f-214c9b48e4e5
0,85,1,0,0.0,1,144.4,88,48.0,13.23,9.9,a9ca6411-a47f-4aa8-b246-d8d62a977e51
0,96,1,1,2.67,1,145.8,108,68.7,9.61,9.9,89560169-5f96-4c1f-abd2-b9ad40088901
0,146,1,1,2.21,3,154.0,80,64.1,9.28,8.2,f401d483-4348-4bae-99a8-3f7dd8427d34
0,132,1,1,3.11,0,182.9,54,87.1,14.62,11.5,af46b8b9-703d-419a-81f0-168e7b775ba4
0,84,1,0,0.14,2,226.9,144,57.4,10.08,13.2,d6f2cf2f-23b0-40e8-8d38-947852980932
1,126,1,0,0.0,5,58.2,94,22.0,6.94,11.9,fb33915e-20ab-4358-8608-17a9a5bbc301
0,102,1,0,0.33,1,271.1,80,64.3,8.6,10.3,fb7e9f76-34c7-4915-a823-de75fc80a3e8
1,48,1,1,4.24,2,152.0,63,90.4,12.94,15.7,174ee4d4-458a-409b-af96-688e687c7536
0,129,1,0,0.0,1,168.4,117,48.0,10.86,11.8,c8ae3b77-8a87-4817-a514-91df23866e17
0,72,1,0,0.28,1,147.0,79,41.8,8.12,10.5,6a118e78-fa9d-4896-a944-8a8887d662c6
0,123,1,0,0.0,3,206.9,115,55.0,11.22,8.3,13cfb199-ace8-4051-a3ea-89c670a35860
0,112,0,0,0.0,1,161.9,138,45.0,10.05,10.7,48586693-1747-4134-b910-e1678e75db09
0,69,1,0,0.29,2,194.2,122,56.9,12.11,9.7,05933d3f-648b-4cb8-b1b9-ad40f98a3b5e
0,129,1,0,0.0,4,143.7,114,50.0,14.89,11.4,7893131b-d7ab-4477-8364-59d926836b8a
0,120,1,0,0.0,1,158.0,110,44.0,9.85,10.0,48bb0ce6-29a4-4306-b663-e2c33362976b
0,180,1,1,2.05,1,231.8,78,80.5,11.65,7.6,903fea71-4b1a-429d-be19-6d0c481fd815
0,120,1,0,0.3,1,150.6,85,39.0,5.95,6.4,3bef430d-df4b-415e-804a-7aa765a98679
0,93,1,0,0.21,0,141.7,95,45.1,11.05,10.2,49dc51d3-0cd1-4cb1-8c6c-e3e7d1e95cf8
0,86,1,0,0.35,0,216.3,96,63.5,13.32,4.5,2150d287-ee66-4b0b-8797-2608ea54f141
0,157,1,1,1.92,1,194.3,107,73.2,12.16,7.1,ea2f3ce5-8db4-470a-9638-445ba015ac82
0,108,1,0,0.34,0,178.3,137,50.4,9.45,14.6,cd75f89b-c96c-4279-b3ce-98753bef2126
0,106,1,1,3.81,4,165.9,126,85.1,10.83,14.1,fe8c11b2-5423-47f8-ac4b-9402704ea92b
0,52,1,1,2.97,1,142.1,77,70.7,9.65,11.0,ac1e6354-3bc4-433c-857a-6553337e8571
0,78,1,1,2.92,6,210.3,116,82.2,9.61,10.8,752cd7b2-c5e5-4581-a44d-be2d21fb60bf
0,157,0,0,0.0,0,180.4,123,48.0,9.7,8.4,2250c95e-5dab-4022-b0fc-878c8e9d68b1
0,130,1,0,0.0,2,154.2,119,36.0,5.51,9.2,b81c8927-3204-4232-aef8-0f42a84329f2
0,156,0,0,0.2,1,277.0,119,70.0,11.92,8.3,87777cc1-59c2-4786-bf5e-997c94a20d10
1,110,0,0,0.0,0,293.3,79,66.0,9.43,14.5,e4794cbe-3812-4ad4-9a63-d074253a71d0
0,84,1,1,3.51,1,159.1,106,75.1,7.49,13.0,30f95c95-c59d-430c-8a97-378e8b86cd61
0,123,1,0,0.36,1,172.2,92,47.6,8.13,8.7,e857755f-7fa6-4711-9373-a3a7a5689484
0,130,1,1,3.29,1,174.5,120,81.9,10.88,12.2,799f4be5-50cc-43ca-898a-2f8ea9efd2da
0,31,1,0,0.19,1,97.5,129,40.9,13.02,7.0,517b1d36-ce7e-419c-ac0f-a6a95f21b62d
0,78,1,0,0.0,1,130.8,64,42.0,11.19,10.0,59d3ae0b-d314-46fd-bd0e-e2f9d003fc7f
0,83,1,1,2.84,0,107.9,90,59.4,7.02,10.5,beb4053b-3b39-4789-84b2-158bcce549b9
1,130,1,0,0.24,0,212.8,102,55.4,9.49,10.6,7d800d72-37da-48af-b8dd-0a733922dbe0
0,85,0,0,0.0,3,116.2,86,40.0,11.49,10.1,af78c7b2-a887-40dc-a301-1eed477f71b2
0,147,1,0,0.31,0,155.1,117,50.1,11.99,10.6,26bfe175-d4cb-4aa9-9f37-07fd43806b30
1,93,1,0,0.29,1,328.1,106,71.9,7.59,8.7,87e1b957-4078-435b-bf54-576f6bebf580
0,65,1,0,0.0,1,116.8,87,36.0,8.95,14.1,786ed426-bdf1-4a94-9ab7-606f15f0df81
0,48,1,0,0.0,2,171.9,98,43.0,7.95,7.6,92b6651a-9bd4-4c32-ae50-a54a2982a2ff
0,148,1,1,3.05,1,241.7,84,86.5,8.29,11.3,e9a379e5-8841-4cc5-b163-652900ef7e75
0,181,1,1,1.7,2,105.2,61,64.0,17.07,6.3,37b283ac-466b-415b-b400-5d8b0279719e
0,180,1,0,0.0,3,143.5,121,41.0,9.47,8.8,02d4c34e-dfe1-4347-ba9f-7b9d1626434f
0,116,1,0,0.24,3,192.1,98,62.4,15.65,7.9,acf3db1d-f732-481c-8866-8d890e0b7974
0,103,1,0,0.0,3,206.5,125,51.0,9.01,12.2,ff9a85f5-4c44-4f1e-94f8-e37a653444f9
0,102,1,0,0.0,2,156.5,67,44.0,10.22,9.9,3c3165b4-5c94-471b-a210-e38343c321d8
1,51,0,0,0.0,0,153.6,108,46.0,11.65,14.1,dbcb1497-00f1-461c-9f08-0f5202b61c07
0,88,1,0,0.26,3,144.3,116,40.6,7.82,7.8,f292bddf-f289-4bc5-908f-e10354e41bb7
0,124,1,1,3.24,2,144.5,35,79.4,13.12,12.0,92f56e6f-bc47-4729-a8ee-ec7de1355cc5
0,123,1,0,0.0,1,163.1,119,49.0,12.47,9.0,24442a23-2a2f-45af-8b98-57c05e6e056e
0,102,1,0,0.0,0,158.0,94,45.0,10.4,10.1,d2470662-5f9f-4475-8692-8a0a173a9cd3
0,106,1,0,0.0,0,193.6,66,54.0,11.91,12.9,e6e6d54b-d369-4ad3-839e-e28fa0566d3a
0,165,1,0,0.0,1,242.9,126,60.0,10.49,0.0,e3805e5d-20e2-4d29-81b6-e51b12991e78
0,105,1,1,2.19,2,236.5,111,72.9,5.85,8.1,56b8606a-6b5e-41e0-a866-2c17a6c1db03
0,53,1,1,3.46,2,131.2,63,76.6,11.37,12.8,68773cd5-3147-4870-883e-1c630b30249f
0,101,1,1,3.92,1,144.1,144,78.2,8.38,14.5,c12df8db-d08b-48d1-b6c4-74a5ff3ee3cf
0,100,1,0,0.0,2,188.5,152,45.0,7.42,15.2,5fc8f432-478f-4801-9020-b3b3499ea1ac
0,93,1,0,0.23,2,176.1,103,49.3,9.99,8.5,f11d5f4a-e947-496b-b0fd-7f652511c691
0,148,1,1,4.46,2,209.2,110,90.6,5.83,16.5,e5345f78-505e-427a-9b35-22df9c51655d
1,113,0,0,0.0,5,122.2,112,32.0,6.59,10.3,365b2b3e-02ea-484a-956c-43ec28bbd9a1
0,130,1,1,2.35,0,141.9,92,67.5,11.45,8.7,6d21145e-ea24-4984-a19a-19e175c76c5e
0,152,1,0,0.0,2,141.5,102,47.0,13.15,3.4,d0aeadb5-37ca-4518-b365-f490e9fef6b6
0,87,1,0,0.0,1,189.5,113,50.0,10.25,13.4,7d8f81d8-feb3-4659-acc6-64fef9b631bd
0,84,1,0,0.0,1,159.0,80,42.0,8.4,12.3,507a4cf7-afb5-41b7-b7bf-ecef5f122401
0,64,1,1,2.3,1,118.4,100,56.0,7.21,8.5,b71b2a89-8722-4c7c-9e66-b85efe3cb4a0
0,111,1,0,0.0,0,224.9,117,55.0,9.6,10.3,6a194dd5-b383-4282-9bb6-3eb57496aa6c
0,166,0,1,2.38,2,128.2,138,69.8,13.73,8.8,1a142d6d-bd01-4f1b-8e45-29510db3f0b9
0,117,1,0,0.0,2,158.7,84,43.0,9.09,7.7,00e2a953-2697-42a8-81ce-51acd8c4c7ec
1,152,0,1,1.16,1,146.8,128,61.6,14.28,4.3,fde351eb-4eb1-4173-96f2-bd473dddff39
0,212,1,0,0.0,1,126.0,96,34.0,7.22,7.6,3209925f-28df-4573-8564-6bb9b1b1c423
0,81,1,0,0.11,1,175.5,67,53.1,12.47,10.2,18e20466-7d67-430f-8303-06fd0cb929c2
0,107,1,0,0.0,1,103.4,94,34.0,9.47,14.4,ca919dfc-bb80-4cb9-abe7-c9a22fe62f3f
0,104,0,0,0.0,4,160.4,73,53.0,14.7,12.6,6dc56540-a015-40ec-953e-f2b3c4bc7b65
0,90,1,0,0.22,2,222.0,93,56.2,9.35,12.4,366ce4b2-9b9f-47dd-8986-83bc89dbb62f
0,140,1,0,0.0,1,149.8,134,40.0,8.22,8.1,0e9ea896-f816-4bc6-869c-44d39519e4dd
1,65,1,0,0.0,4,245.7,139,63.0,12.1,4.2,499190ab-3212-46be-a219-eac641c38ce0
0,33,1,1,2.3,1,161.9,85,64.0,7.56,8.5,79454d4a-1213-4e5e-a9d3-92e3faabbb99
0,28,1,0,0.0,3,236.8,102,55.0,8.36,9.7,115b8eab-e5f1-4585-b03d-77130d159820
0,54,1,0,0.0,1,116.8,119,31.0,6.16,12.0,17557b6f-0343-437c-aee9-c3c55e02ed24
0,22,1,0,0.0,0,207.7,116,54.0,10.53,9.6,9d41ea54-ac01-4af5-8d50-74ae1952dccf
0,131,1,0,0.0,1,166.5,129,47.0,10.51,9.9,d1b837f2-bc48-4867-8911-dabfee7d8fb0
0,107,0,0,0.0,2,273.5,104,63.0,9.19,11.0,28911039-1615-42a1-9fb2-a1d0f0e89c54
0,65,1,0,0.0,3,211.3,120,50.0,8.13,13.2,ada16fb6-ae81-479f-9615-01bbc568e3ac
0,147,1,0,0.0,1,205.3,95,50.0,8.34,7.8,f79f32c2-4981-4875-b3b6-c5f0ae9c44db
0,59,1,0,0.26,1,151.8,98,46.6,10.5,11.9,602f4329-3809-441b-a875-b29b6610016b
0,157,1,0,0.0,4,220.7,105,48.0,5.97,11.5,3c5f237f-ba14-479c-80a8-2bb6530fdc90
0,101,1,0,0.0,1,231.3,87,59.0,11.24,7.2,205bb80a-1324-44e1-827f-7e903792bb63
0,90,1,0,0.0,0,109.9,102,38.0,11.04,10.9,cd111e25-7403-4945-8c98-4d9b7bbfccd1
0,52,1,0,0.35,2,214.7,68,53.5,7.93,9.4,f7ddb108-d803-4b05-aaa0-cb686c3a1a4b
1,105,1,0,0.0,2,273.8,97,72.0,14.49,5.8,10089d8a-06a3-49f0-812e-f750ce62b73e
0,155,1,0,0.0,2,163.0,93,46.0,10.2,15.1,09b2e372-5be8-4201-a374-f7fabada3fdc
0,135,1,0,0.33,1,144.1,115,49.3,12.49,13.6,c32fdb22-0ac0-4fc6-a54f-f1ac0bc5ba74
0,120,1,1,1.86,1,215.8,123,79.6,14.26,6.9,feb3c989-722e-458f-b413-777125f11fa8
0,130,1,0,0.18,0,127.0,102,41.8,10.35,6.1,40b03a47-2464-43b2-b140-b10239bbd6be
1,99,1,0,0.0,3,256.4,44,62.0,10.73,7.9,6d288267-fb01-4056-9028-e798ed9a1181
0,66,1,0,0.0,0,34.0,133,30.0,13.93,11.5,f74419ad-9ee4-4d70-a77d-b9fcf5571fb8
0,93,1,0,0.0,0,173.0,131,46.0,9.52,10.4,a2c2bda3-2dc5-412f-9752-0ade97b9fa4b
0,82,1,0,0.0,1,125.7,96,40.0,10.38,12.9,a7ed6cc7-6699-443b-8493-9512962461f3
1,148,0,0,0.21,0,233.5,81,58.1,9.39,9.6,91cb5dc8-9891-4ebf-9c69-ae442fd72d22
0,72,1,0,0.0,1,175.5,103,42.0,6.62,11.8,f99b77f9-7849-462d-adb4-4e07b2377086
0,165,1,0,0.13,1,156.0,88,51.3,13.81,9.3,671d0ff4-24a2-472d-a3b4-9d65b16184ac
0,129,1,1,4.0,2,204.5,79,87.0,6.64,14.8,fb0a9454-da86-4268-84a1-03a46bd2fad5
0,109,1,0,0.0,1,175.6,80,51.0,11.9,10.2,84432d79-0b69-4b53-ab79-19c3fcc593d9
1,113,1,0,0.0,2,239.7,47,65.0,14.15,8.7,c351f527-2c18-4d42-8a3a-01507c997d99
0,120,1,0,0.0,1,178.4,97,45.0,8.42,9.3,69e7d688-ce29-4290-ad5e-a88af50e7a33
0,101,1,1,4.19,0,200.1,108,92.9,9.45,15.5,1083ecd0-7b4f-4280-9423-0ab8b5278c96
0,36,1,1,1.81,0,149.4,111,55.1,6.59,6.7,598d6b97-5688-4878-bdf6-06a655a8ba7f
0,6,1,0,0.0,1,183.6,117,54.0,12.84,10.2,f4b38fe1-a2c7-449c-9e22-c872722c1961
0,94,1,1,2.67,3,92.7,107,53.7,6.39,9.9,19a6eeac-43bd-4eca-b752-f48101f7e66a
0,75,1,1,3.05,1,198.2,107,88.5,14.02,11.3,7ad784b0-341a-4973-8380-b2f342661e71
0,106,1,0,0.0,0,194.8,133,52.0,10.67,11.5,370fb595-27ee-456f-b13a-57f585c7c7bf
0,98,1,0,0.33,0,236.2,122,60.3,9.47,13.3,9935f4a1-8c54-4d75-9e56-db9ba7f6e417
0,116,1,0,0.0,0,129.4,84,36.0,7.87,13.3,5f613d9c-9137-4345-8741-3605979132f6
0,68,1,0,0.0,2,219.6,97,50.0,7.06,10.8,855eba92-7e7e-4fa6-9792-eb7df5a5290a
0,111,1,1,2.78,2,128.8,104,63.8,7.87,10.3,8e11ed80-2df0-4f85-a054-51d8f0a0ce7b
0,75,1,0,0.0,1,226.1,105,56.0,10.08,10.3,57b5c06a-db84-426a-af31-d02ba2d5f0d8
0,78,1,0,0.17,1,109.5,105,44.7,14.31,4.9,b983ef6a-ed58-4353-b1bc-1075a359fb0d
0,123,1,0,0.0,0,154.3,107,42.0,9.15,10.9,db72c73b-5f83-4504-b0af-51e873150d0e
1,91,0,0,0.0,2,246.4,110,58.0,9.1,12.1,428d54dc-fca7-4ef0-b081-a8074bbd1354
1,133,0,1,4.16,2,221.1,137,102.6,13.25,15.4,234cc774-112c-4d99-8faf-0a8cd4312254
0,147,0,0,0.0,0,157.0,79,36.0,5.16,7.1,e4b26c10-7f34-49bc-a67b-5ba05a1f3fbf
0,74,1,0,0.0,1,165.3,120,45.0,9.93,9.8,cce22e75-7442-4805-bf86-62be5fd4d84e
0,56,1,0,0.0,3,150.9,79,40.0,8.09,11.7,b1c79979-6284-48f5-89de-b3d1f4766c37
0,172,1,0,0.0,2,169.8,123,45.0,9.16,12.7,50f02d8c-e973-4c20-9378-a545fa8334a1
0,174,1,0,0.22,2,139.4,96,38.2,7.17,10.0,a9f4ee9d-9ab4-47b7-a367-88190498e498
0,84,1,1,2.89,1,89.7,87,56.9,6.93,10.7,c4714eb5-5060-4dce-8e71-ba5aba9d4f00
0,155,1,1,1.38,1,183.3,106,62.8,10.26,5.1,b013684b-5efc-4c64-93b7-bea216d29e70
0,103,1,0,0.0,2,129.3,103,40.0,10.14,12.9,5f9a7cba-a61e-4205-b12c-3edd49290d79
1,29,1,0,0.0,2,313.2,103,72.0,10.82,12.8,78266674-10de-4ace-ab92-db55a26036f5
0,143,1,1,2.11,1,141.8,116,60.1,8.37,7.8,97770de4-84cb-4329-89ca-d0f22830cce0
0,113,1,0,0.0,2,150.1,120,43.0,10.01,11.0,6dc7b000-930b-4f97-bcc6-2faf6fb07c59
0,130,1,0,0.0,1,120.5,127,37.0,9.49,14.3,678e8fce-9ae7-4feb-a3b5-5eb7f8d992f3
0,78,1,0,0.34,0,140.7,77,44.4,9.76,11.7,c1687a28-e082-4f66-a6a4-6ac138034678
0,87,0,1,2.92,1,171.2,138,74.2,9.29,10.8,8f0e7e63-97f8-4e41-a3e7-895be6815b8e
1,94,1,0,0.28,3,269.2,104,65.8,9.69,8.9,a59f0d39-097a-43a3-b481-44c51b5682f7
0,62,1,0,0.0,1,128.7,111,37.0,8.48,10.3,d1d77711-b783-4ab8-8e70-fd95fba65084
0,132,1,0,0.0,1,169.9,107,47.0,10.47,11.5,7c49e4f3-64fd-46bd-a972-4dd6d47a9a58
0,205,1,1,2.11,2,175.8,139,65.1,7.75,7.8,855671b2-e3a5-4b2f-b4b3-90f340235120
0,116,1,1,3.19,2,253.0,78,86.9,6.95,11.8,1a7b32de-7f80-488d-84d4-d78373897252
1,162,1,0,0.0,4,70.7,108,26.0,7.88,9.1,b483d050-61fc-4aa3-a37b-f9a8aaac707d
0,118,1,0,0.0,2,189.3,119,53.0,11.68,10.0,04fa7ffb-310c-4e15-91f9-2987778edacb
0,72,1,0,0.0,2,137.6,106,36.0,7.18,9.6,16918b0f-755a-42a7-89ab-41248105fa7c
0,158,1,0,0.31,0,220.9,129,62.1,12.11,6.4,aedeee06-9718-48f2-a8bb-d268d5ebe2cc
0,10,1,0,0.0,2,183.0,103,50.0,10.74,8.7,88f92c36-dfe6-4db7-bb2d-f95188707449
1,57,1,0,0.0,2,272.7,74,66.0,11.25,10.5,d759d509-f425-4273-a9ee-df8ae551170e
1,112,1,0,0.0,2,335.5,77,76.0,10.63,12.7,1c723f62-5077-4937-ac89-70d86ec5d4fe
0,89,1,0,0.15,0,192.1,83,48.5,8.18,6.1,b2d85203-aff1-4b6f-a3d4-87453d3db3bd
1,87,1,0,0.0,0,240.0,83,53.0,6.71,9.3,cd023719-954c-4b2b-9902-3ce148d5d750
0,127,1,0,0.32,2,224.3,112,57.2,9.29,10.0,713bac48-3bd2-4eae-a96e-7f5cf4612b54
0,99,1,0,0.0,1,254.4,120,57.0,7.97,6.0,7c74d849-89cd-4ca9-a851-d12e12036d17
0,91,0,1,2.67,0,93.5,112,58.7,9.17,9.9,49af3c6c-8480-4e39-a075-55f7c260cfba
0,177,1,0,0.0,1,175.4,99,44.0,7.77,11.5,6380de82-c82d-4e18-9c8d-27f36a0f3371
0,85,1,1,3.65,1,207.9,95,92.5,11.68,13.5,9b9a484a-c0d1-4f6b-9c8f-be7a7e6a2761
1,63,1,0,0.0,4,278.0,102,70.0,13.32,13.1,b54ed161-edbf-4f69-9f7c-2ffd5e04f312
0,83,1,1,3.59,0,95.9,87,74.9,13.08,13.3,f7f1f317-2c6a-4b2e-ac74-431ff44656b3
0,52,1,0,0.34,2,124.9,131,50.4,15.03,11.6,a9ad81e5-3283-4fbb-b4b6-67eccbb9b444
0,79,1,0,0.0,2,213.6,110,57.0,11.75,8.8,1b2ac258-6783-4edb-991d-10bd4792390d
0,106,1,0,0.31,2,114.4,104,30.1,3.92,0.0,bc3e2cc5-b6bc-4823-95b6-45121acc7621
0,115,1,0,0.0,3,109.7,148,38.0,11.19,15.4,b898f2d9-c97f-4eb7-bfd0-0659d055e450
0,84,1,0,0.0,1,217.1,99,57.0,11.8,9.4,14e62a5f-24c0-4d64-9790-2dc45c8231a4
0,125,1,0,0.0,2,191.6,115,51.0,10.28,9.2,2d0f039c-4eb2-48cd-a451-a2d609427830
0,110,1,0,0.31,3,74.5,117,33.1,10.04,9.8,df732fc9-e2b2-4f89-aa39-b4e47e97bff1
0,82,1,0,0.0,0,101.0,93,31.0,7.78,13.3,65e8ca08-bd39-4ffd-a329-65ffb629455b
1,118,1,0,0.0,5,267.8,145,73.0,15.82,14.4,e10f9cd1-22a5-42fd-97e8-b658bc1eeeea
0,122,1,1,2.3,2,134.2,85,66.0,11.37,8.5,89f0f771-790d-45cb-8530-126342e3f5c7
0,130,1,1,2.0,0,185.0,117,73.0,12.48,7.4,99bce145-244f-4925-ab5a-e1484fa1128c
0,28,1,0,0.0,0,187.8,94,54.0,12.43,10.6,afb7b732-41ca-4208-becd-ea304c5e369c
0,93,1,0,0.0,1,179.3,93,47.0,9.44,12.1,59322f1c-57ad-437f-8d4b-1963008b42ec
1,78,1,0,0.0,1,108.6,108,37.0,10.5,7.9,3a828ed3-638c-4511-a9c3-9b9245c521d4
0,106,1,0,0.0,3,208.3,89,50.0,8.47,15.9,26ef10e6-e6c0-4b23-a4e4-eef858a6032a
0,102,1,0,0.0,4,234.8,125,57.0,9.96,10.0,8b6f6de3-0f9a-44c1-9559-24852f4f382e
0,160,1,0,0.28,1,121.8,97,31.8,4.47,10.3,e9832725-8117-48f6-a1d9-9aa9be9c73ca
0,118,1,1,3.43,2,91.5,125,69.3,11.0,12.7,c7ce26d4-ef09-4eac-9703-9a64056c5c76
0,112,1,0,0.0,0,167.8,88,50.0,12.4,11.9,a259dff2-6604-47a2-8688-185a6dc28ccd
0,165,1,1,4.32,0,111.6,140,81.2,10.67,16.0,238659aa-451c-48a8-83f3-715ae8060427
0,74,1,0,0.0,3,230.9,93,59.0,11.15,9.7,145e92fe-82b0-4c44-9cc2-cd7404d17b6b
0,133,1,0,0.0,0,245.8,102,65.0,13.24,11.2,c576b60e-18f5-425c-bed9-3888a114731d
0,130,1,0,0.0,0,124.3,70,45.0,13.54,3.5,a1135257-aa88-436c-81b3-b80ce71e074d
1,170,1,1,2.94,4,199.5,119,75.4,6.75,10.9,a44f94d3-136e-4893-a85b-36a839d300f4
0,92,0,0,0.0,0,255.8,125,56.0,7.14,11.7,277dee7c-6dd6-41dc-9ff3-31e6b7711e19
0,128,1,0,0.36,3,247.3,91,61.6,9.14,14.7,df066039-28a5-4845-9161-290b962496c0
0,195,1,1,3.27,0,231.7,110,91.7,11.26,12.1,aa54f4cc-7ae3-4632-b7ec-72b2d9cd67cc
0,110,1,0,0.0,2,159.5,145,45.0,10.12,16.7,950aa965-af08-4d51-ab75-75aebe0999b2
0,79,1,0,0.0,3,130.2,119,47.0,14.55,14.0,b0b4cb1a-d3f7-42a6-8ea4-34b9b75f9c1a
0,161,1,0,0.32,3,221.7,95,58.2,9.65,6.5,f5a7be08-b6b9-47d9-8804-3776af48599b
1,169,1,0,0.25,3,266.7,105,61.5,7.91,13.8,fe883312-c9fc-4980-a452-0e040cd18cf4
0,157,1,0,0.0,2,185.1,92,50.0,10.65,8.5,c2fe462d-9325-4699-82a9-fdb7a6dc1569
0,102,1,0,0.0,3,200.6,106,48.0,7.63,7.7,e46ae4f3-ce4e-4d68-a7dd-50a39bf26c4a
0,97,1,1,1.73,1,117.6,97,54.3,9.82,6.4,0e087712-fe3e-4894-8a3b-4946195b5f4f
1,53,1,0,0.0,9,228.6,117,51.0,6.64,10.1,c79b5eb6-8427-4cac-b67e-d160869915da
1,74,0,0,0.0,1,125.8,103,40.0,10.39,14.1,5266e4d2-ea84-4890-9894-7a93bc6a7051
0,87,1,0,0.0,3,177.2,72,52.0,12.45,8.6,2c44a8c9-a4c9-4b6b-a318-cb39fb764176
0,130,1,0,0.0,5,139.1,72,45.0,12.3,11.4,6e0c3185-07bc-4adf-b697-7dded5b23d01
1,40,1,1,2.03,1,224.7,69,70.3,6.73,7.5,6761aa6b-307d-44bc-92d8-1682bfdb9a5b
0,63,1,0,0.36,2,153.5,81,54.6,14.37,6.5,38fa8be4-c9b0-4724-84a6-e99b057749d5
0,109,1,1,2.43,4,217.5,123,81.3,11.69,9.0,a8f0baa2-a552-4c38-afe9-10c11e331ed9
0,74,1,0,0.0,1,203.8,77,53.0,10.26,9.0,a9c2dba0-fcaf-4cd9-91cd-c6244f2252ae
0,165,1,1,2.57,3,167.4,113,69.7,8.64,9.5,530b6b19-7c3e-41e2-bd73-62341735bd53
0,108,1,0,0.0,2,293.0,88,64.0,8.03,10.0,1c97398f-9957-4d7c-b1b7-6f6fa8e09722
0,164,1,1,3.56,1,238.8,100,96.6,11.5,13.2,94dfee3c-92ab-4726-a2a3-606afb0707cf
0,138,1,0,0.0,3,241.8,93,56.0,8.53,11.8,9299f404-1698-457f-bd54-7b0ff0086980
0,74,1,0,0.0,1,106.4,84,31.0,7.01,11.4,6a160d9e-f129-4300-a469-61ed68478242
0,157,1,0,0.0,2,240.2,67,54.0,7.65,10.2,f4ec4600-a3b3-4b1e-84b5-be33e26d38d6
0,97,1,0,0.0,1,168.6,87,51.0,12.96,7.3,cbbff05a-8499-4aff-8b27-0701f053843d
1,193,1,0,0.29,2,96.8,92,31.9,7.13,10.9,98ee50fc-5c34-440c-9a38-d6cd7337fbdf
0,92,1,1,3.19,1,172.3,116,83.9,13.31,11.8,d6b2eb37-05d4-4d8d-a8f8-8136c7a8a93d
0,119,0,1,3.29,0,173.0,101,80.9,10.47,12.2,e62fe485-093f-410c-9204-6b6feeaea539
1,68,0,1,3.65,1,195.5,113,84.5,8.58,13.5,2e409d5d-03a0-46cf-9446-0a2c92f0746c
1,105,1,0,0.0,0,270.9,98,66.0,11.31,8.8,07b92f16-4a27-474d-ad36-572a87676483
0,159,1,0,0.29,5,198.8,107,53.9,9.78,16.5,09a7fbd8-da17-4186-92f4-3e022dbf5a42
0,144,1,0,0.0,2,177.5,93,55.0,14.37,11.9,2ddb7886-3d30-4136-bf2a-8ef68ca05a69
1,56,1,0,0.25,0,221.9,112,64.5,13.91,7.1,a57d2dd9-5c6f-4550-8f5c-52ab727005c4
0,179,0,1,2.73,4,220.1,78,85.3,11.72,10.1,30d3fc6c-4190-494e-bae9-3d6fa9a604d0
1,125,1,0,0.0,4,143.2,80,32.0,4.41,8.8,b3b65269-0473-4524-8db0-5e374c8448a5
0,105,1,1,2.67,2,218.5,61,80.7,9.84,9.9,e8c2a9d3-b083-4001-b739-eb2f5f6296e4
1,116,1,0,0.0,0,288.0,120,71.0,12.79,13.4,8458a47e-7d0d-4530-85ac-07048f4dab07
0,109,1,0,0.0,1,222.2,113,57.0,10.93,10.9,e43b7cfd-ca20-4191-83c3-07f0df354276
0,147,1,0,0.0,3,130.6,83,40.0,10.41,15.6,8d781ff8-0c1f-4e8b-8d43-30911b7d465b
0,82,1,0,0.0,1,143.7,116,39.0,8.54,7.8,107c1959-b508-4e37-b7db-8bb8bf793489
0,115,1,1,1.22,0,155.2,110,59.2,11.55,4.5,6025a04a-fb94-4c18-bff8-8ac536b62c10
0,30,1,0,0.0,2,162.3,96,49.0,12.2,9.1,07e3f2f3-b3ad-42ba-99ad-8dd09a2c7b4c
0,84,1,0,0.0,2,159.5,125,49.0,12.36,7.2,099250d4-5ed0-4a9f-afa6-4e52cd7f5abe
0,122,1,0,0.0,0,232.5,96,57.0,10.28,11.9,8035d602-49f1-43e8-8b72-35a371209cf8
0,116,1,0,0.0,3,137.4,126,34.0,6.0,12.4,ea0c7e3d-82b1-44bc-b21b-2a41828f6baf
0,182,1,0,0.35,1,176.1,90,48.5,8.75,9.7,4f0f0840-28ba-41ab-af28-3569a5a5a778
0,134,1,1,2.7,1,214.4,93,82.0,10.59,10.0,d5a889f8-132a-4601-aaa0-155748916344
0,45,1,1,2.13,2,135.8,104,63.3,11.13,7.9,04a88d81-41da-4de1-8f74-9f0602416164
1,102,1,0,0.0,1,195.7,116,52.0,10.46,8.3,e5fb3078-d39a-4662-b294-df1f20ddfcd9
0,106,1,0,0.0,1,220.7,120,61.0,13.51,8.7,8d2417ab-e69b-4a7e-a779-cb615b7a2a87
0,95,1,0,0.0,2,167.6,96,44.0,8.8,13.4,8a2b0cc4-3ba2-431d-950c-153f994eedb0
0,164,1,0,0.0,3,192.1,95,54.0,12.49,7.3,504ec783-3686-4db3-86dd-b3399bbbed6c
0,110,1,0,0.0,1,131.9,93,46.0,13.64,7.1,f650c96f-e4f0-438e-b41f-fb8b865551d3
0,106,1,1,3.54,0,220.1,105,92.4,11.11,13.1,257d77b2-c6d4-43ea-81d8-064509d326c4
1,76,1,0,0.36,5,129.7,84,41.6,8.88,7.5,ef8cb3ad-fe9a-4d05-b2b7-20fd57f6784a
0,84,1,1,2.0,2,193.0,106,66.0,7.68,7.4,cc581a33-57ef-4699-8027-521b7e91dd32
0,107,1,0,0.0,1,86.8,95,24.0,5.41,13.2,3a60a42f-88fe-48f9-bb83-c9fc025dc246
0,55,1,0,0.0,0,132.0,103,47.0,13.98,13.5,17bcde25-d359-4e73-8f66-f46261b1d028
0,147,1,0,0.0,3,248.6,83,55.0,7.45,8.0,4123d9d2-1fbc-44a4-9555-b206939a2ff6
0,84,1,0,0.0,1,181.5,129,42.0,6.54,8.5,558f7a73-5404-460f-a683-14dc796f1422
0,64,1,1,2.86,2,182.1,91,74.6,8.49,10.6,22692a6c-0996-4e68-9a9d-08f6f4ccc974
0,129,1,0,0.0,2,216.0,85,53.0,9.35,4.9,49f9a6d7-b8d8-4377-8480-3320ef918477
0,114,1,1,2.54,3,141.3,96,69.4,11.52,9.4,89cbe153-eeab-4c10-b6a4-43b0b313c60b
0,131,1,0,0.31,1,197.0,79,54.1,10.05,11.6,ced5b06e-4762-434a-978d-c4e3e6b50457
0,134,1,0,0.0,0,141.7,95,42.0,10.28,8.8,c5200d41-ce6b-42ed-9fc6-b7726c9c7fbc
0,94,1,0,0.0,1,190.6,108,46.0,7.62,7.5,fd81b8b3-5f90-443a-aa01-7ecb1ff89c89
0,87,1,0,0.0,3,169.1,105,44.0,8.5,9.9,d6a1276f-beec-493e-9347-990728779d36
0,95,1,1,2.65,0,165.7,78,73.5,10.78,9.8,72bf93dc-4c38-4446-aa38-ff24a814bfb1
0,181,1,1,2.86,1,190.3,93,82.6,12.45,10.6,ad9beb8f-488f-46ce-95be-b50579921672
0,29,0,1,1.54,2,235.0,101,71.4,9.17,5.7,55533ed5-fa1c-4c79-84d7-796bbd26d5a7
0,48,1,0,0.0,1,198.2,73,51.0,10.14,5.1,baac0c66-e3d1-4c7d-9ba1-ce62224179aa
0,75,1,1,1.13,3,117.5,102,49.3,10.34,4.2,50249993-31dd-4306-9c53-0c095749f2a7
1,100,1,0,0.0,6,70.8,94,31.0,10.78,9.5,3dfd26b6-7d7c-4a97-ac62-2f982185ba23
0,105,1,0,0.23,1,232.6,96,64.3,12.67,10.5,49d798cc-c4ac-4d46-9783-a7e627eea82d
0,160,1,0,0.0,3,256.0,111,60.0,9.37,11.5,702d5c31-dc19-42f2-b3a9-a64c7d330c09
0,145,0,1,3.0,1,175.3,107,73.0,7.67,11.1,b9c53549-11b7-4731-bc77-359050f80693
0,13,1,0,0.0,1,58.4,121,33.0,13.11,11.9,b90810cb-e864-4779-8e67-49829bf6d412
0,101,1,0,0.25,3,217.7,118,59.5,11.59,0.0,6b17331a-a7c9-4444-8779-8d13c7544822
1,182,1,0,0.0,2,279.5,118,65.0,10.16,10.7,e741da40-db36-42a3-9ebb-5523688961ab
0,137,1,0,0.0,1,127.0,107,50.0,16.16,7.5,e33f1a79-124c-481e-9bdc-02d54ec5cd56
0,95,1,0,0.0,0,197.0,88,50.0,9.52,16.1,92139b67-8a0a-4196-b74e-71bb91bcb5bf
0,117,1,0,0.19,1,184.5,97,63.9,17.58,8.7,be932339-53fc-4870-b534-c9b5f34cb1ab
0,100,1,0,0.21,0,160.3,138,49.1,11.07,11.2,f97cd9c6-39a3-4cdb-be19-f4d5a9714767
0,116,1,0,0.35,2,205.0,90,50.5,7.05,7.5,7b5e444f-45bf-4d7b-9d59-cb537219685f
0,74,1,0,0.0,3,148.5,111,38.0,7.33,9.9,6b0c9ee1-84e7-4778-b6fc-0a1e099f7523
0,106,1,0,0.0,0,178.4,143,52.0,12.35,9.6,795f46fb-44ab-474a-a732-9284136688b0
0,183,1,0,0.0,2,116.7,92,39.0,10.69,9.7,3123250d-bd42-410c-a5f8-67be3dd37e68
0,87,1,0,0.0,1,186.9,79,48.0,9.13,4.2,1c71bb00-4568-4a08-b328-4843337e7c64
0,57,0,1,3.29,2,236.5,94,87.9,8.16,12.2,f3e55de8-fbb2-43af-a2f6-6d1b37f2e510
0,74,1,0,0.2,2,85.7,83,38.0,12.39,10.1,0d1cc979-0fb1-4f8b-8141-7817830ea323
1,128,0,1,2.54,2,223.5,81,80.4,9.44,9.4,425f7c2a-e1e0-43b3-89d2-8ab0e6630a0e
0,105,1,0,0.0,1,251.6,88,58.0,8.76,5.4,0ca50384-b98e-4d36-ba06-f018fb73dea0
0,41,1,1,1.59,1,207.3,95,62.9,6.87,5.9,bd7f1666-df15-424b-a6c9-6a1657cadae8
0,65,1,0,0.0,1,111.0,51,38.0,10.99,4.4,5b720201-483d-4d45-ab9c-82c984ac255a
1,94,0,0,0.0,1,89.5,94,45.0,17.0,7.9,bd2d6819-bc06-4c5f-b2dd-ddccf7b0189e
0,40,0,0,0.23,0,220.8,100,63.3,13.29,6.4,afd9a164-21cc-437a-a097-0813573c4aa7
1,126,1,0,0.0,1,321.3,99,69.0,8.4,8.0,0e3e0ac0-1567-49f2-b235-5759cd387d6d
0,172,1,0,0.0,4,203.9,109,55.0,11.7,17.8,82784355-7bba-41ae-a594-1c84841f53ca
0,89,1,0,0.0,1,82.3,77,29.0,8.36,7.2,cb098d87-7316-4f30-9612-a9f04e370a27
1,82,1,0,0.0,3,266.9,83,65.0,11.49,11.0,a64d7ceb-40ba-4822-b8df-44b277929ced
1,77,1,0,0.0,5,62.4,89,26.0,8.5,5.7,ede4e3d2-9034-4794-b0bf-9bef65dea106
0,157,1,1,1.84,3,192.6,107,68.4,9.78,6.8,e1be3b4c-f6f9-4d33-9d3e-f541182a0534
0,71,1,0,0.0,2,141.2,132,37.0,7.46,7.0,7b4ae12c-4bc9-4d55-b2dc-11b51b0e21f7
0,103,1,0,0.0,2,190.9,62,52.0,11.33,7.8,735fa55c-2ab8-40d1-8662-2969a2db506a
0,102,1,1,2.75,2,137.4,100,66.5,8.84,10.2,fdb89fc8-53e5-47bb-a7bd-bbf70391ec67
0,141,1,0,0.0,1,215.6,113,54.0,10.03,12.4,639ffc02-5b05-40cd-88e3-8177d3437e04
1,40,1,0,0.0,4,169.7,115,41.0,7.07,10.5,14074c40-20cd-4618-92c7-af1fb1bd1af8
0,35,1,1,2.54,1,241.7,87,79.4,7.1,9.4,50d7e4c3-d4ef-4225-ab7b-4d1796e9ccd3
0,118,1,1,3.16,1,256.3,119,97.6,12.91,11.7,6a1d310c-af64-4e20-9c8e-c0fe7fa79a14
0,98,1,0,0.0,5,206.5,92,51.0,8.81,12.4,c44c6401-88dc-48e7-b555-205cde571a3d
0,39,1,1,3.24,1,141.7,121,76.4,11.62,12.0,7700498f-2f0a-49c0-9c3d-736c702a3857
0,67,0,0,0.0,2,120.9,58,41.0,11.75,11.4,543c1bb4-5c61-4ec0-a937-bad68e4ae57e
0,31,1,1,3.11,1,210.5,101,89.1,12.53,11.5,9ea47a26-5e47-47c9-8eac-01e569dc8e79
0,63,1,0,0.27,0,164.5,75,43.7,7.4,11.2,b391c338-01d3-4981-9961-e89e74f76983
0,174,1,0,0.29,1,239.2,72,59.9,9.43,8.8,63f16387-db5f-4975-81a4-9fee843c143c
0,89,1,0,0.0,1,134.9,59,37.0,7.8,10.2,8f711e88-6eb2-404c-851f-f6f881548aeb
0,90,1,0,0.0,2,109.6,88,31.0,6.88,11.0,acde7011-bb9b-480b-be07-72517d5fc374
0,134,1,0,0.0,1,242.4,126,55.0,7.65,11.8,278ae8d5-9175-42ac-9fa3-77fa80440620
0,56,1,0,0.0,2,197.0,110,53.0,11.14,10.6,5f52f3df-32da-4be1-b41f-b6c653ce8951
0,97,1,1,2.97,1,133.2,135,71.7,10.86,11.0,dda4b5b2-a027-4e03-8273-ca410f352658
0,89,1,0,0.38,2,89.7,80,34.8,8.99,9.5,02e0ce11-b15b-45c8-89a5-4f6381c0f037
0,76,1,0,0.0,1,204.0,69,54.0,11.26,9.6,3d7f6430-cd7b-43a4-9eb3-6aac7702e0a4
0,108,1,0,0.0,2,73.8,105,25.0,7.17,10.9,44374df2-45d0-4a7b-933a-7d0d25fd574e
0,141,1,0,0.0,5,242.8,90,62.0,11.71,6.0,1023ab5c-42d8-4a4b-8dbb-6013b36924ed
0,72,0,1,1.49,0,139.8,114,50.9,6.91,5.5,6e8041bb-ddbd-4ec2-a9aa-af6433c7b97c
0,153,1,0,0.0,1,185.3,127,50.0,10.4,15.1,44a7de68-7892-419d-b4c7-262932eb8dba
0,73,1,0,0.0,1,182.3,115,48.0,9.96,18.0,e45a5297-cbed-49e3-aa9c-4ca4adfa0da7
1,75,0,0,0.0,4,211.3,61,45.0,5.28,9.7,e1bb01f9-fa5a-4b73-933e-31ac622ab16f
0,119,1,1,3.13,1,132.0,100,69.3,8.67,11.6,180ef472-6923-4a15-ac55-667f28f1fbcd
0,107,1,0,0.0,1,157.1,79,41.0,8.13,12.1,06318e54-436c-47b2-87eb-5c3be9d2058e
0,46,1,0,0.3,1,122.2,67,38.0,8.36,9.7,c016fff0-ad2c-4e45-8d99-dd3712785af0
0,49,1,0,0.21,1,119.3,117,41.1,10.76,11.1,f97c88aa-bb48-4820-9041-64e417d56008
0,143,1,0,0.29,1,110.1,113,36.9,8.45,9.2,1e033970-f34d-4062-a617-a34aecead8b1
0,116,1,0,0.0,0,164.6,110,51.0,13.53,8.0,ec5d90c0-10b6-4368-a488-1bae9307f402
0,94,1,0,0.0,2,252.6,104,58.0,8.45,11.1,d95cf55e-79e9-4272-a3af-6a93f11ab9bc
0,137,1,0,0.0,0,243.4,114,52.0,6.06,12.2,fcf31e99-8f87-4e58-af81-dba765b0fffb
0,57,0,1,3.08,2,234.5,130,87.8,9.76,11.4,672c3fac-695b-4e60-80b0-39a675bf9103
1,89,0,1,3.0,0,112.6,114,72.0,13.09,11.1,1344cf6c-ea79-40d0-8bec-57ef80e2e086
0,87,1,0,0.0,3,124.3,91,36.0,8.67,7.5,258f48b1-8ffe-4fad-ab41-9b871bf2aa68
0,59,1,0,0.0,0,189.7,100,43.0,5.8,7.4,ac010f47-c62b-461a-afef-ea777fe9543f
1,155,1,0,0.0,0,203.4,100,51.0,9.55,8.9,c8a75d60-f7e0-4d16-bb79-e4258b1d87b9
0,95,1,0,0.0,3,194.6,114,53.0,11.64,3.8,c222149a-4758-4cb0-932a-7bd403c2baee
0,124,1,0,0.0,0,253.5,104,54.0,5.9,14.0,7e78dd32-859c-486d-b9bb-a44600d678eb
0,75,1,1,0.68,1,200.6,96,55.8,8.21,2.5,83946682-4c28-446d-8f96-024a659c0087
0,88,1,0,0.31,1,181.5,116,50.1,9.35,10.5,15c39b09-e8f3-446b-810e-8d23eb53fcbe
0,148,1,1,3.65,3,230.7,102,96.5,11.69,13.5,2807ed21-796b-47d6-8a1b-8434c57fab01
0,71,1,0,0.0,1,207.0,112,50.0,8.69,12.1,4d9b4969-155d-41e4-b732-da5cfeef9ec5
0,81,1,1,3.29,1,161.6,117,70.9,6.15,12.2,fee05699-f5e1-4fc3-9e00-62c247228413
1,93,1,0,0.0,3,267.9,114,65.0,11.15,11.3,f201c25c-d252-439c-9562-76750cbc645b
0,97,1,1,1.65,1,283.1,93,80.5,9.27,6.1,adc6e608-56f9-4906-b873-52dc83e4f3a2
1,73,1,1,3.19,6,82.3,105,67.9,12.81,11.8,5aabe10a-65a3-4be5-8958-20c8d14d1c62
0,112,1,0,0.0,2,101.1,119,36.0,10.72,10.3,7f65e579-9aee-4a78-84c4-60958fe96d8f
0,117,1,0,0.0,1,184.8,83,53.0,12.43,9.6,a7978936-0788-494b-9eef-c7a66840ebd2
0,78,1,0,0.0,0,220.0,95,53.0,9.0,11.5,777f00fa-19df-40e8-890c-64997a9a2089
0,13,1,1,3.27,3,315.6,105,104.7,10.45,12.1,c2043076-e918-4cae-983c-269c2e2e72dd
0,76,1,0,0.0,0,203.6,61,49.0,8.09,8.4,bf691656-28dd-4dae-a4ca-82f132413d86
0,74,1,0,0.45,2,225.2,93,61.5,10.76,9.1,01a45281-588a-489d-9ac4-092cb586625f
0,89,1,1,2.35,1,209.9,113,80.5,12.49,8.7,b30b7416-7f80-4086-99e4-49f44eb4e33d
0,121,1,0,0.0,1,168.6,121,43.0,8.43,12.3,a2951a45-2b2b-4da3-9c41-dc8708cf5458
0,160,1,1,4.1,1,164.6,121,92.0,13.14,15.2,142b0a97-12e0-4914-9402-6afd85dbd939
1,162,1,1,2.51,1,179.7,144,75.1,10.91,9.3,386adb31-144b-4228-8b75-dc4d46cfee5d
0,215,1,0,0.31,0,83.6,148,28.1,6.05,10.7,442dfa67-1e33-49c3-a1b4-4e983854f1b5
0,83,1,0,0.0,0,195.0,92,52.0,10.53,11.0,95f4904d-609c-4932-9741-2fc617ce4de1
0,179,1,0,0.0,0,219.2,92,50.0,7.47,6.1,112d751d-5d58-4973-be90-d50e65dfc83d
1,80,1,0,0.0,0,322.3,113,74.0,11.1,6.7,1267972a-d028-45c2-9f3a-9da6c8d7e979
0,103,1,1,3.32,0,164.1,111,80.2,10.96,12.3,d4996529-a078-46f8-a1d8-4f7eadffa4f7
0,163,1,1,3.73,2,219.6,99,93.3,10.52,13.8,773886af-5f50-4a42-ac02-9ae0739922f3
0,50,1,0,0.21,1,301.7,82,68.1,8.36,10.5,cdb8b1f6-1d70-4205-b065-ca3fd4a0c535
1,107,1,0,0.0,1,294.9,71,67.0,9.64,13.2,e6ad164d-3980-4fda-bba7-d91e85b65c96
0,105,1,0,0.26,2,147.7,103,47.6,11.14,12.8,d01a067b-ea78-4600-a093-7400d277835f
0,83,1,0,0.0,1,78.1,70,34.0,11.97,12.3,c3904d45-708f-4500-b408-51142633b8fd
1,119,0,1,2.35,5,160.0,95,69.5,10.48,8.7,288f89b9-8f83-4af5-b14c-6afe017c423a
0,112,1,1,2.48,2,181.8,110,75.8,11.41,9.2,f676fe56-9ca7-4f85-bf95-c10ab548378f
0,61,1,0,0.0,2,45.0,108,21.0,7.57,9.8,11c7588c-6ab8-4040-a810-24ed470c3155
0,72,1,0,0.0,0,207.8,92,52.0,9.79,13.1,c61088c7-ec1b-4bcf-9cc6-ded9ec206f1d
0,157,1,1,4.05,1,219.2,102,95.5,10.3,15.0,4c6c399b-fce2-4882-b651-987848704e4f
1,57,0,0,0.0,0,115.0,65,30.0,6.12,6.4,daf1911a-9479-4fbf-af9d-6bc9223ee03c
0,68,1,0,0.0,0,94.1,93,29.0,7.38,10.1,68da6066-421d-4624-bb7e-35536e67c561
1,225,1,0,0.3,0,165.4,106,55.0,13.69,8.7,f48d1f77-20f7-48d4-a7b7-a1fde14e4934
0,135,1,0,0.0,0,154.4,130,44.0,10.19,11.8,4a153c2c-a6c3-4f58-94e5-1f95d72d9b7a
0,118,1,0,0.0,1,133.4,113,33.0,6.05,5.9,7b856373-ea29-4589-909f-35b8652c4e0d
0,19,0,0,0.0,0,237.7,98,59.0,10.36,4.5,5ce60fdf-c6b7-413e-b113-4b6f9de7bca2
0,185,1,0,0.19,1,139.6,92,46.9,12.51,10.8,472d3da8-0a74-4aba-b8af-5bd70fc0d450
0,158,1,0,0.0,2,222.8,101,56.0,10.15,6.9,6364c36a-452f-462a-a2f6-c430c1b8e181
0,88,1,0,0.0,3,138.3,116,44.0,11.8,9.6,065b6fad-e80b-42a0-900f-c3e3356e177b
0,158,1,0,0.0,2,155.9,123,46.0,11.21,8.6,3204c4b0-a36a-4a35-bec9-b989c49a33e4
1,105,1,0,0.0,6,106.4,71,39.0,12.01,5.3,83dd87eb-bbdd-4d58-bf8c-6ac958713aa5
0,88,0,1,3.51,1,288.5,114,102.1,10.17,13.0,2c0e9ac8-a94f-4a05-988c-7690b62efc61
0,87,0,0,0.0,1,167.3,119,46.0,9.93,11.0,d1ec5b49-c31f-4005-af5c-5e85cd341138
0,1,1,0,0.25,1,196.1,107,61.5,14.83,7.0,c2ffef1c-137a-4df6-92bb-b070e82dc0dc
0,116,1,1,2.43,2,221.0,108,75.3,7.55,9.0,5e6b45d9-66a5-4b21-b18d-aa224a79e8c4
0,82,1,0,0.0,1,154.0,107,35.0,4.72,10.1,afb0e8d9-9c3c-4597-96e5-ecac923a104d
0,160,1,0,0.0,2,171.2,103,50.0,12.18,13.0,c4823848-95d4-4eb0-a7f1-1a20354ad41e
0,114,1,1,3.83,1,309.9,90,108.3,10.02,14.2,d41c2907-8391-4db5-92c1-199561230564
0,38,1,1,3.62,2,142.4,106,87.2,15.69,13.4,7a22fd24-83ea-404f-8bd0-cec0e38b00a8
0,105,1,0,0.0,3,259.3,96,59.0,8.76,12.0,10def2b1-013f-4754-bd64-7564f1507cb5
1,2,0,0,0.27,2,132.1,42,37.7,6.95,9.1,4b22bade-a740-4685-98cc-2ffa18933281
0,80,1,0,0.0,3,51.5,90,23.0,8.2,9.5,39d96f34-a61e-4bd6-9f95-b526191cfef1
0,76,1,0,0.21,1,165.7,94,53.1,12.87,10.0,d4c6e132-1c5d-4386-8614-b5a9c71d5e14
